duration,task_id,condition,frame,rating,score,numeracy,ID
556,1,74,pos,1,0,low,1HqCK5xtLt
556,2,81,pos,2,0,low,1HqCK5xtLt
556,3,71,pos,1,0,low,1HqCK5xtLt
556,4,78,pos,2,0,low,1HqCK5xtLt
556,5,68,pos,0,0,low,1HqCK5xtLt
545,1,74,pos,2,1,low,132Lcdjq6H
545,2,81,pos,2,1,low,132Lcdjq6H
545,3,71,pos,2,1,low,132Lcdjq6H
545,4,78,pos,2,1,low,132Lcdjq6H
545,5,68,pos,1,1,low,132Lcdjq6H
1126,4,22,neg,1,1,low,VsXYeaCjlg
1126,2,19,neg,1,1,low,VsXYeaCjlg
1126,1,26,neg,-1,1,low,VsXYeaCjlg
1126,3,29,neg,-1,1,low,VsXYeaCjlg
1126,5,32,neg,-2,1,low,VsXYeaCjlg
735,1,74,pos,2,4,high,2FHzimkyMa
735,2,81,pos,3,4,high,2FHzimkyMa
735,3,71,pos,1,4,high,2FHzimkyMa
735,4,78,pos,1,4,high,2FHzimkyMa
735,5,68,pos,1,4,high,2FHzimkyMa
621,1,74,pos,2,1,low,oTRuDNYmWO
621,2,81,pos,3,1,low,oTRuDNYmWO
621,3,71,pos,2,1,low,oTRuDNYmWO
621,4,78,pos,2,1,low,oTRuDNYmWO
621,5,68,pos,2,1,low,oTRuDNYmWO
929,1,74,pos,1,3,high,FXpxosJAkO
929,2,81,pos,2,3,high,FXpxosJAkO
929,3,71,pos,1,3,high,FXpxosJAkO
929,4,78,pos,2,3,high,FXpxosJAkO
929,5,68,pos,1,3,high,FXpxosJAkO
1141,4,22,neg,2,4,high,KOQqMCPAZa
1141,2,19,neg,2,4,high,KOQqMCPAZa
1141,1,26,neg,-1,4,high,KOQqMCPAZa
1141,3,29,neg,-1,4,high,KOQqMCPAZa
1141,5,32,neg,-2,4,high,KOQqMCPAZa
3579,4,22,neg,2,2,low,hfr8kBHN7r
3579,2,19,neg,3,2,low,hfr8kBHN7r
3579,1,26,neg,2,2,low,hfr8kBHN7r
3579,3,29,neg,1,2,low,hfr8kBHN7r
3579,5,32,neg,1,2,low,hfr8kBHN7r
929,1,74,pos,2,0,low,CovsOV4Gqo
929,2,81,pos,2,0,low,CovsOV4Gqo
929,3,71,pos,2,0,low,CovsOV4Gqo
929,4,78,pos,2,0,low,CovsOV4Gqo
929,5,68,pos,1,0,low,CovsOV4Gqo
4670,4,22,neg,2,3,high,l5DqstDocw
4670,2,19,neg,2,3,high,l5DqstDocw
4670,1,26,neg,1,3,high,l5DqstDocw
4670,3,29,neg,1,3,high,l5DqstDocw
4670,5,32,neg,1,3,high,l5DqstDocw
731,4,22,neg,2,3,high,bK0RbZJIkn
731,2,19,neg,2,3,high,bK0RbZJIkn
731,1,26,neg,2,3,high,bK0RbZJIkn
731,3,29,neg,1,3,high,bK0RbZJIkn
731,5,32,neg,1,3,high,bK0RbZJIkn
1227,1,74,pos,2,1,low,nob9eVsjuc
1227,2,81,pos,2,1,low,nob9eVsjuc
1227,3,71,pos,2,1,low,nob9eVsjuc
1227,4,78,pos,2,1,low,nob9eVsjuc
1227,5,68,pos,1,1,low,nob9eVsjuc
1013,4,22,neg,2,4,high,56ytKZTnMD
1013,2,19,neg,2,4,high,56ytKZTnMD
1013,1,26,neg,2,4,high,56ytKZTnMD
1013,3,29,neg,1,4,high,56ytKZTnMD
1013,5,32,neg,0,4,high,56ytKZTnMD
5063,4,22,neg,-1,1,low,2mxCLN6i41
5063,2,19,neg,-1,1,low,2mxCLN6i41
5063,1,26,neg,-1,1,low,2mxCLN6i41
5063,3,29,neg,-2,1,low,2mxCLN6i41
5063,5,32,neg,-2,1,low,2mxCLN6i41
2770,1,74,pos,1,1,low,nS3mcKHe5u
2770,2,81,pos,1,1,low,nS3mcKHe5u
2770,3,71,pos,1,1,low,nS3mcKHe5u
2770,4,78,pos,1,1,low,nS3mcKHe5u
2770,5,68,pos,1,1,low,nS3mcKHe5u
4564,4,22,neg,1,4,high,uSFDFxZQO5
4564,2,19,neg,2,4,high,uSFDFxZQO5
4564,1,26,neg,1,4,high,uSFDFxZQO5
4564,3,29,neg,0,4,high,uSFDFxZQO5
4564,5,32,neg,-1,4,high,uSFDFxZQO5
1193,1,74,pos,1,2,low,2mZYfaqauS
1193,2,81,pos,2,2,low,2mZYfaqauS
1193,3,71,pos,1,2,low,2mZYfaqauS
1193,4,78,pos,2,2,low,2mZYfaqauS
1193,5,68,pos,0,2,low,2mZYfaqauS
933,1,74,pos,2,1,low,v5WNWodFuE
933,2,81,pos,2,1,low,v5WNWodFuE
933,3,71,pos,1,1,low,v5WNWodFuE
933,4,78,pos,2,1,low,v5WNWodFuE
933,5,68,pos,1,1,low,v5WNWodFuE
638,4,22,neg,2,4,high,yRutShLKov
638,2,19,neg,2,4,high,yRutShLKov
638,1,26,neg,1,4,high,yRutShLKov
638,3,29,neg,1,4,high,yRutShLKov
638,5,32,neg,0,4,high,yRutShLKov
492,4,22,neg,2,2,low,vVeB5dHYPp
492,2,19,neg,2,2,low,vVeB5dHYPp
492,1,26,neg,1,2,low,vVeB5dHYPp
492,3,29,neg,0,2,low,vVeB5dHYPp
492,5,32,neg,0,2,low,vVeB5dHYPp
766,1,74,pos,2,1,low,bu6GB4AaK1
766,2,81,pos,2,1,low,bu6GB4AaK1
766,3,71,pos,2,1,low,bu6GB4AaK1
766,4,78,pos,2,1,low,bu6GB4AaK1
766,5,68,pos,1,1,low,bu6GB4AaK1
810,1,74,pos,2,1,low,oO5ezaxlho
810,2,81,pos,2,1,low,oO5ezaxlho
810,3,71,pos,2,1,low,oO5ezaxlho
810,4,78,pos,2,1,low,oO5ezaxlho
810,5,68,pos,1,1,low,oO5ezaxlho
919,1,74,pos,2,3,high,tiWFzoeove
919,2,81,pos,2,3,high,tiWFzoeove
919,3,71,pos,2,3,high,tiWFzoeove
919,4,78,pos,2,3,high,tiWFzoeove
919,5,68,pos,1,3,high,tiWFzoeove
609,4,22,neg,2,1,low,xqrx8lT3gB
609,2,19,neg,2,1,low,xqrx8lT3gB
609,1,26,neg,2,1,low,xqrx8lT3gB
609,3,29,neg,1,1,low,xqrx8lT3gB
609,5,32,neg,1,1,low,xqrx8lT3gB
1216,4,22,neg,1,3,high,RYy3T1aL5z
1216,2,19,neg,1,3,high,RYy3T1aL5z
1216,1,26,neg,1,3,high,RYy3T1aL5z
1216,3,29,neg,0,3,high,RYy3T1aL5z
1216,5,32,neg,0,3,high,RYy3T1aL5z
680,4,22,neg,0,0,low,EzH6vmUfLU
680,2,19,neg,1,0,low,EzH6vmUfLU
680,1,26,neg,-1,0,low,EzH6vmUfLU
680,3,29,neg,-1,0,low,EzH6vmUfLU
680,5,32,neg,-2,0,low,EzH6vmUfLU
370,1,74,pos,2,1,low,mkJfpQsg3l
370,2,81,pos,2,1,low,mkJfpQsg3l
370,3,71,pos,1,1,low,mkJfpQsg3l
370,4,78,pos,2,1,low,mkJfpQsg3l
370,5,68,pos,1,1,low,mkJfpQsg3l
900,4,22,neg,2,2,low,ymj1q7vRnY
900,2,19,neg,2,2,low,ymj1q7vRnY
900,1,26,neg,2,2,low,ymj1q7vRnY
900,3,29,neg,1,2,low,ymj1q7vRnY
900,5,32,neg,1,2,low,ymj1q7vRnY
280,4,22,neg,1,0,low,dtYyYwEx7A
280,2,19,neg,1,0,low,dtYyYwEx7A
280,1,26,neg,1,0,low,dtYyYwEx7A
280,3,29,neg,1,0,low,dtYyYwEx7A
280,5,32,neg,2,0,low,dtYyYwEx7A
602,4,22,neg,1,1,low,D5PzyG6PQB
602,2,19,neg,1,1,low,D5PzyG6PQB
602,1,26,neg,0,1,low,D5PzyG6PQB
602,3,29,neg,-1,1,low,D5PzyG6PQB
602,5,32,neg,-1,1,low,D5PzyG6PQB
530,1,74,pos,3,3,high,uFQoGfu5K3
530,2,81,pos,3,3,high,uFQoGfu5K3
530,3,71,pos,3,3,high,uFQoGfu5K3
530,4,78,pos,3,3,high,uFQoGfu5K3
530,5,68,pos,2,3,high,uFQoGfu5K3
1303,1,74,pos,1,3,high,ym8ueifce4
1303,2,81,pos,2,3,high,ym8ueifce4
1303,3,71,pos,1,3,high,ym8ueifce4
1303,4,78,pos,2,3,high,ym8ueifce4
1303,5,68,pos,0,3,high,ym8ueifce4
787,4,22,neg,2,2,low,vcU2yjJPFR
787,2,19,neg,2,2,low,vcU2yjJPFR
787,1,26,neg,2,2,low,vcU2yjJPFR
787,3,29,neg,1,2,low,vcU2yjJPFR
787,5,32,neg,1,2,low,vcU2yjJPFR
481,4,22,neg,2,1,low,TpmqWBkx0p
481,2,19,neg,2,1,low,TpmqWBkx0p
481,1,26,neg,2,1,low,TpmqWBkx0p
481,3,29,neg,2,1,low,TpmqWBkx0p
481,5,32,neg,2,1,low,TpmqWBkx0p
677,4,22,neg,2,2,low,9VGJfsfkBy
677,2,19,neg,2,2,low,9VGJfsfkBy
677,1,26,neg,1,2,low,9VGJfsfkBy
677,3,29,neg,1,2,low,9VGJfsfkBy
677,5,32,neg,1,2,low,9VGJfsfkBy
1056,1,74,pos,1,3,high,5Ms3VAIcIx
1056,2,81,pos,2,3,high,5Ms3VAIcIx
1056,3,71,pos,1,3,high,5Ms3VAIcIx
1056,4,78,pos,2,3,high,5Ms3VAIcIx
1056,5,68,pos,1,3,high,5Ms3VAIcIx
1064,1,74,pos,1,4,high,W6eTuED085
1064,2,81,pos,1,4,high,W6eTuED085
1064,3,71,pos,1,4,high,W6eTuED085
1064,4,78,pos,1,4,high,W6eTuED085
1064,5,68,pos,1,4,high,W6eTuED085
1191,1,74,pos,1,2,low,9BaLIHFiuz
1191,2,81,pos,2,2,low,9BaLIHFiuz
1191,3,71,pos,1,2,low,9BaLIHFiuz
1191,4,78,pos,2,2,low,9BaLIHFiuz
1191,5,68,pos,0,2,low,9BaLIHFiuz
674,1,74,pos,2,2,low,9vOOoLfkmX
674,2,81,pos,2,2,low,9vOOoLfkmX
674,3,71,pos,2,2,low,9vOOoLfkmX
674,4,78,pos,2,2,low,9vOOoLfkmX
674,5,68,pos,1,2,low,9vOOoLfkmX
2531,4,22,neg,2,1,low,56WQtckeid
2531,2,19,neg,2,1,low,56WQtckeid
2531,1,26,neg,2,1,low,56WQtckeid
2531,3,29,neg,1,1,low,56WQtckeid
2531,5,32,neg,1,1,low,56WQtckeid
751,4,22,neg,2,0,low,twiwtADPIA
751,2,19,neg,2,0,low,twiwtADPIA
751,1,26,neg,1,0,low,twiwtADPIA
751,3,29,neg,1,0,low,twiwtADPIA
751,5,32,neg,1,0,low,twiwtADPIA
1115,1,74,pos,1,3,high,nCvU18aKWm
1115,2,81,pos,2,3,high,nCvU18aKWm
1115,3,71,pos,1,3,high,nCvU18aKWm
1115,4,78,pos,1,3,high,nCvU18aKWm
1115,5,68,pos,1,3,high,nCvU18aKWm
1206,1,74,pos,1,0,low,iVCrDciJe4
1206,2,81,pos,2,0,low,iVCrDciJe4
1206,3,71,pos,1,0,low,iVCrDciJe4
1206,4,78,pos,1,0,low,iVCrDciJe4
1206,5,68,pos,0,0,low,iVCrDciJe4
636,1,74,pos,2,1,low,5aYSCu3BKm
636,2,81,pos,3,1,low,5aYSCu3BKm
636,3,71,pos,1,1,low,5aYSCu3BKm
636,4,78,pos,2,1,low,5aYSCu3BKm
636,5,68,pos,1,1,low,5aYSCu3BKm
996,4,22,neg,2,3,high,dzZZ510MRS
996,2,19,neg,2,3,high,dzZZ510MRS
996,1,26,neg,1,3,high,dzZZ510MRS
996,3,29,neg,1,3,high,dzZZ510MRS
996,5,32,neg,1,3,high,dzZZ510MRS
1091,4,22,neg,1,2,low,jZ9x7NR90x
1091,2,19,neg,1,2,low,jZ9x7NR90x
1091,1,26,neg,1,2,low,jZ9x7NR90x
1091,3,29,neg,1,2,low,jZ9x7NR90x
1091,5,32,neg,0,2,low,jZ9x7NR90x
766,1,74,pos,1,2,low,Sw2uuU34sq
766,2,81,pos,2,2,low,Sw2uuU34sq
766,3,71,pos,1,2,low,Sw2uuU34sq
766,4,78,pos,1,2,low,Sw2uuU34sq
766,5,68,pos,0,2,low,Sw2uuU34sq
686,4,22,neg,2,2,low,bI9Nmbkw4Q
686,2,19,neg,2,2,low,bI9Nmbkw4Q
686,1,26,neg,2,2,low,bI9Nmbkw4Q
686,3,29,neg,2,2,low,bI9Nmbkw4Q
686,5,32,neg,2,2,low,bI9Nmbkw4Q
1372,1,74,pos,1,1,low,cnftzDHWTa
1372,2,81,pos,1,1,low,cnftzDHWTa
1372,3,71,pos,1,1,low,cnftzDHWTa
1372,4,78,pos,1,1,low,cnftzDHWTa
1372,5,68,pos,-1,1,low,cnftzDHWTa
720,1,74,pos,2,0,low,m0eGat4x4l
720,2,81,pos,2,0,low,m0eGat4x4l
720,3,71,pos,2,0,low,m0eGat4x4l
720,4,78,pos,2,0,low,m0eGat4x4l
720,5,68,pos,1,0,low,m0eGat4x4l
648,1,74,pos,2,4,high,njbhIjFkUh
648,2,81,pos,3,4,high,njbhIjFkUh
648,3,71,pos,2,4,high,njbhIjFkUh
648,4,78,pos,2,4,high,njbhIjFkUh
648,5,68,pos,1,4,high,njbhIjFkUh
781,1,74,pos,2,0,low,ihqpprkSra
781,2,81,pos,3,0,low,ihqpprkSra
781,3,71,pos,2,0,low,ihqpprkSra
781,4,78,pos,2,0,low,ihqpprkSra
781,5,68,pos,1,0,low,ihqpprkSra
712,1,74,pos,2,4,high,n0HFKvuLs7
712,2,81,pos,2,4,high,n0HFKvuLs7
712,3,71,pos,2,4,high,n0HFKvuLs7
712,4,78,pos,2,4,high,n0HFKvuLs7
712,5,68,pos,1,4,high,n0HFKvuLs7
511,1,74,pos,2,3,high,Ukf9Fbhneg
511,2,81,pos,2,3,high,Ukf9Fbhneg
511,3,71,pos,2,3,high,Ukf9Fbhneg
511,4,78,pos,2,3,high,Ukf9Fbhneg
511,5,68,pos,0,3,high,Ukf9Fbhneg
450,1,74,pos,-2,1,low,y0FaKUCcUv
450,2,81,pos,2,1,low,y0FaKUCcUv
450,3,71,pos,-2,1,low,y0FaKUCcUv
450,4,78,pos,-1,1,low,y0FaKUCcUv
450,5,68,pos,-2,1,low,y0FaKUCcUv
4026,4,22,neg,2,0,low,bdhd9zl2om
4026,2,19,neg,3,0,low,bdhd9zl2om
4026,1,26,neg,1,0,low,bdhd9zl2om
4026,3,29,neg,2,0,low,bdhd9zl2om
4026,5,32,neg,0,0,low,bdhd9zl2om
1243,4,22,neg,-2,3,high,NwBvRVttYu
1243,2,19,neg,2,3,high,NwBvRVttYu
1243,1,26,neg,2,3,high,NwBvRVttYu
1243,3,29,neg,1,3,high,NwBvRVttYu
1243,5,32,neg,1,3,high,NwBvRVttYu
527,1,74,pos,1,1,low,TagopIXBs5
527,2,81,pos,2,1,low,TagopIXBs5
527,3,71,pos,1,1,low,TagopIXBs5
527,4,78,pos,2,1,low,TagopIXBs5
527,5,68,pos,1,1,low,TagopIXBs5
5658,4,22,neg,1,3,high,HyBateioOm
5658,2,19,neg,1,3,high,HyBateioOm
5658,1,26,neg,0,3,high,HyBateioOm
5658,3,29,neg,-1,3,high,HyBateioOm
5658,5,32,neg,-1,3,high,HyBateioOm
1248,4,22,neg,2,1,low,jIpGHJnybL
1248,2,19,neg,2,1,low,jIpGHJnybL
1248,1,26,neg,1,1,low,jIpGHJnybL
1248,3,29,neg,1,1,low,jIpGHJnybL
1248,5,32,neg,1,1,low,jIpGHJnybL
1060,1,74,pos,1,3,high,J3TR3Jxksv
1060,2,81,pos,1,3,high,J3TR3Jxksv
1060,3,71,pos,1,3,high,J3TR3Jxksv
1060,4,78,pos,1,3,high,J3TR3Jxksv
1060,5,68,pos,1,3,high,J3TR3Jxksv
1029,1,74,pos,1,1,low,8vDgRm4Pin
1029,2,81,pos,2,1,low,8vDgRm4Pin
1029,3,71,pos,1,1,low,8vDgRm4Pin
1029,4,78,pos,1,1,low,8vDgRm4Pin
1029,5,68,pos,0,1,low,8vDgRm4Pin
595,4,22,neg,2,1,low,tJKJ2t1CeV
595,2,19,neg,2,1,low,tJKJ2t1CeV
595,1,26,neg,2,1,low,tJKJ2t1CeV
595,3,29,neg,2,1,low,tJKJ2t1CeV
595,5,32,neg,1,1,low,tJKJ2t1CeV
4600,4,22,neg,-1,3,high,LYtxJ6EtWi
4600,2,19,neg,-1,3,high,LYtxJ6EtWi
4600,1,26,neg,-1,3,high,LYtxJ6EtWi
4600,3,29,neg,-2,3,high,LYtxJ6EtWi
4600,5,32,neg,-2,3,high,LYtxJ6EtWi
814,1,74,pos,1,2,low,VH4x6KTzpW
814,2,81,pos,2,2,low,VH4x6KTzpW
814,3,71,pos,1,2,low,VH4x6KTzpW
814,4,78,pos,1,2,low,VH4x6KTzpW
814,5,68,pos,1,2,low,VH4x6KTzpW
617,4,22,neg,2,1,low,oAEESTFMID
617,2,19,neg,1,1,low,oAEESTFMID
617,1,26,neg,1,1,low,oAEESTFMID
617,3,29,neg,-1,1,low,oAEESTFMID
617,5,32,neg,-1,1,low,oAEESTFMID
970,1,74,pos,2,0,low,MEFF0FfeU1
970,2,81,pos,2,0,low,MEFF0FfeU1
970,3,71,pos,2,0,low,MEFF0FfeU1
970,4,78,pos,2,0,low,MEFF0FfeU1
970,5,68,pos,1,0,low,MEFF0FfeU1
848,1,74,pos,1,3,high,53Y7y7GCyZ
848,2,81,pos,2,3,high,53Y7y7GCyZ
848,3,71,pos,1,3,high,53Y7y7GCyZ
848,4,78,pos,2,3,high,53Y7y7GCyZ
848,5,68,pos,0,3,high,53Y7y7GCyZ
1062,4,22,neg,1,4,high,EUhSzmUYv0
1062,2,19,neg,2,4,high,EUhSzmUYv0
1062,1,26,neg,1,4,high,EUhSzmUYv0
1062,3,29,neg,1,4,high,EUhSzmUYv0
1062,5,32,neg,1,4,high,EUhSzmUYv0
971,1,74,pos,2,2,low,vDYONv2HLf
971,2,81,pos,2,2,low,vDYONv2HLf
971,3,71,pos,2,2,low,vDYONv2HLf
971,4,78,pos,2,2,low,vDYONv2HLf
971,5,68,pos,1,2,low,vDYONv2HLf
467,1,74,pos,0,0,low,FqXiQCszVQ
467,2,81,pos,1,0,low,FqXiQCszVQ
467,3,71,pos,-1,0,low,FqXiQCszVQ
467,4,78,pos,1,0,low,FqXiQCszVQ
467,5,68,pos,-1,0,low,FqXiQCszVQ
1728,4,22,neg,2,2,low,sXcMR5eCrM
1728,2,19,neg,2,2,low,sXcMR5eCrM
1728,1,26,neg,1,2,low,sXcMR5eCrM
1728,3,29,neg,1,2,low,sXcMR5eCrM
1728,5,32,neg,1,2,low,sXcMR5eCrM
954,4,22,neg,1,4,high,Sve7QbhM2y
954,2,19,neg,1,4,high,Sve7QbhM2y
954,1,26,neg,1,4,high,Sve7QbhM2y
954,3,29,neg,0,4,high,Sve7QbhM2y
954,5,32,neg,0,4,high,Sve7QbhM2y
853,4,22,neg,2,0,low,zs0hkt0AJX
853,2,19,neg,3,0,low,zs0hkt0AJX
853,1,26,neg,1,0,low,zs0hkt0AJX
853,3,29,neg,1,0,low,zs0hkt0AJX
853,5,32,neg,1,0,low,zs0hkt0AJX
548,1,74,pos,1,1,low,E97QCatFtG
548,2,81,pos,2,1,low,E97QCatFtG
548,3,71,pos,1,1,low,E97QCatFtG
548,4,78,pos,2,1,low,E97QCatFtG
548,5,68,pos,1,1,low,E97QCatFtG
944,1,74,pos,2,4,high,6Arn1ZRT8f
944,2,81,pos,2,4,high,6Arn1ZRT8f
944,3,71,pos,2,4,high,6Arn1ZRT8f
944,4,78,pos,2,4,high,6Arn1ZRT8f
944,5,68,pos,1,4,high,6Arn1ZRT8f
1611,1,74,pos,1,1,low,mERCR3VfuN
1611,2,81,pos,2,1,low,mERCR3VfuN
1611,3,71,pos,1,1,low,mERCR3VfuN
1611,4,78,pos,2,1,low,mERCR3VfuN
1611,5,68,pos,1,1,low,mERCR3VfuN
697,1,74,pos,1,0,low,SCWwBfvCqH
697,2,81,pos,2,0,low,SCWwBfvCqH
697,3,71,pos,1,0,low,SCWwBfvCqH
697,4,78,pos,1,0,low,SCWwBfvCqH
697,5,68,pos,0,0,low,SCWwBfvCqH
4390,4,22,neg,2,4,high,PfPQuLSQEl
4390,2,19,neg,2,4,high,PfPQuLSQEl
4390,1,26,neg,1,4,high,PfPQuLSQEl
4390,3,29,neg,1,4,high,PfPQuLSQEl
4390,5,32,neg,1,4,high,PfPQuLSQEl
728,1,74,pos,2,0,low,0DgHD76MUw
728,2,81,pos,2,0,low,0DgHD76MUw
728,3,71,pos,2,0,low,0DgHD76MUw
728,4,78,pos,2,0,low,0DgHD76MUw
728,5,68,pos,1,0,low,0DgHD76MUw
1158,1,74,pos,2,2,low,ViME2WlJ83
1158,2,81,pos,2,2,low,ViME2WlJ83
1158,3,71,pos,1,2,low,ViME2WlJ83
1158,4,78,pos,2,2,low,ViME2WlJ83
1158,5,68,pos,1,2,low,ViME2WlJ83
1078,4,22,neg,2,2,low,ysWzBuMkEa
1078,2,19,neg,3,2,low,ysWzBuMkEa
1078,1,26,neg,2,2,low,ysWzBuMkEa
1078,3,29,neg,2,2,low,ysWzBuMkEa
1078,5,32,neg,1,2,low,ysWzBuMkEa
1656,4,22,neg,2,1,low,69PYlpeyPY
1656,2,19,neg,2,1,low,69PYlpeyPY
1656,1,26,neg,1,1,low,69PYlpeyPY
1656,3,29,neg,1,1,low,69PYlpeyPY
1656,5,32,neg,1,1,low,69PYlpeyPY
1053,4,22,neg,2,1,low,p7GhkK67kP
1053,2,19,neg,2,1,low,p7GhkK67kP
1053,1,26,neg,1,1,low,p7GhkK67kP
1053,3,29,neg,1,1,low,p7GhkK67kP
1053,5,32,neg,1,1,low,p7GhkK67kP
1229,4,22,neg,2,3,high,KwRh6RSxGY
1229,2,19,neg,2,3,high,KwRh6RSxGY
1229,1,26,neg,2,3,high,KwRh6RSxGY
1229,3,29,neg,1,3,high,KwRh6RSxGY
1229,5,32,neg,1,3,high,KwRh6RSxGY
506,1,74,pos,1,1,low,d7vm7YHYX7
506,2,81,pos,2,1,low,d7vm7YHYX7
506,3,71,pos,1,1,low,d7vm7YHYX7
506,4,78,pos,1,1,low,d7vm7YHYX7
506,5,68,pos,0,1,low,d7vm7YHYX7
789,4,22,neg,1,1,low,pyHteCwUhU
789,2,19,neg,1,1,low,pyHteCwUhU
789,1,26,neg,-1,1,low,pyHteCwUhU
789,3,29,neg,-1,1,low,pyHteCwUhU
789,5,32,neg,-1,1,low,pyHteCwUhU
906,1,74,pos,2,2,low,btqGj6WOn6
906,2,81,pos,2,2,low,btqGj6WOn6
906,3,71,pos,2,2,low,btqGj6WOn6
906,4,78,pos,2,2,low,btqGj6WOn6
906,5,68,pos,1,2,low,btqGj6WOn6
624,4,22,neg,1,3,high,gKNNDhthgT
624,2,19,neg,2,3,high,gKNNDhthgT
624,1,26,neg,1,3,high,gKNNDhthgT
624,3,29,neg,0,3,high,gKNNDhthgT
624,5,32,neg,0,3,high,gKNNDhthgT
39659,1,74,pos,2,4,high,GmmupKPG6i
39659,2,81,pos,2,4,high,GmmupKPG6i
39659,3,71,pos,1,4,high,GmmupKPG6i
39659,4,78,pos,2,4,high,GmmupKPG6i
39659,5,68,pos,1,4,high,GmmupKPG6i
547,1,74,pos,2,3,high,r8fBkZDpy0
547,2,81,pos,2,3,high,r8fBkZDpy0
547,3,71,pos,2,3,high,r8fBkZDpy0
547,4,78,pos,2,3,high,r8fBkZDpy0
547,5,68,pos,2,3,high,r8fBkZDpy0
1845,4,22,neg,1,2,low,aGxHJkgHcV
1845,2,19,neg,1,2,low,aGxHJkgHcV
1845,1,26,neg,0,2,low,aGxHJkgHcV
1845,3,29,neg,-1,2,low,aGxHJkgHcV
1845,5,32,neg,-1,2,low,aGxHJkgHcV
1387,4,22,neg,2,4,high,Ekx0S4o5Pb
1387,2,19,neg,2,4,high,Ekx0S4o5Pb
1387,1,26,neg,1,4,high,Ekx0S4o5Pb
1387,3,29,neg,1,4,high,Ekx0S4o5Pb
1387,5,32,neg,0,4,high,Ekx0S4o5Pb
1987,1,74,pos,2,0,low,v4VC1tjkQN
1987,2,81,pos,2,0,low,v4VC1tjkQN
1987,3,71,pos,2,0,low,v4VC1tjkQN
1987,4,78,pos,2,0,low,v4VC1tjkQN
1987,5,68,pos,1,0,low,v4VC1tjkQN
1097,1,74,pos,0,1,low,hrxZ7ONe3f
1097,2,81,pos,1,1,low,hrxZ7ONe3f
1097,3,71,pos,0,1,low,hrxZ7ONe3f
1097,4,78,pos,1,1,low,hrxZ7ONe3f
1097,5,68,pos,-1,1,low,hrxZ7ONe3f
851,4,22,neg,1,1,low,rTOM2WqDi6
851,2,19,neg,1,1,low,rTOM2WqDi6
851,1,26,neg,0,1,low,rTOM2WqDi6
851,3,29,neg,0,1,low,rTOM2WqDi6
851,5,32,neg,0,1,low,rTOM2WqDi6
2448,4,22,neg,2,1,low,WRuRUx8dIi
2448,2,19,neg,2,1,low,WRuRUx8dIi
2448,1,26,neg,1,1,low,WRuRUx8dIi
2448,3,29,neg,1,1,low,WRuRUx8dIi
2448,5,32,neg,0,1,low,WRuRUx8dIi
1301,1,74,pos,2,2,low,EeIRaR2pd0
1301,2,81,pos,2,2,low,EeIRaR2pd0
1301,3,71,pos,1,2,low,EeIRaR2pd0
1301,4,78,pos,2,2,low,EeIRaR2pd0
1301,5,68,pos,1,2,low,EeIRaR2pd0
870,1,74,pos,1,2,low,VOWrss0Hc9
870,2,81,pos,2,2,low,VOWrss0Hc9
870,3,71,pos,1,2,low,VOWrss0Hc9
870,4,78,pos,1,2,low,VOWrss0Hc9
870,5,68,pos,0,2,low,VOWrss0Hc9
636,4,22,neg,2,1,low,FLIyOLnMYj
636,2,19,neg,2,1,low,FLIyOLnMYj
636,1,26,neg,2,1,low,FLIyOLnMYj
636,3,29,neg,2,1,low,FLIyOLnMYj
636,5,32,neg,1,1,low,FLIyOLnMYj
525,1,74,pos,2,1,low,I1ZeGD2yap
525,2,81,pos,2,1,low,I1ZeGD2yap
525,3,71,pos,2,1,low,I1ZeGD2yap
525,4,78,pos,2,1,low,I1ZeGD2yap
525,5,68,pos,1,1,low,I1ZeGD2yap
1333,4,22,neg,1,1,low,nzG4CEBmuw
1333,2,19,neg,2,1,low,nzG4CEBmuw
1333,1,26,neg,1,1,low,nzG4CEBmuw
1333,3,29,neg,0,1,low,nzG4CEBmuw
1333,5,32,neg,0,1,low,nzG4CEBmuw
78222,4,22,neg,1,1,low,Dt8jV7aLTK
78222,2,19,neg,1,1,low,Dt8jV7aLTK
78222,1,26,neg,1,1,low,Dt8jV7aLTK
78222,3,29,neg,1,1,low,Dt8jV7aLTK
78222,5,32,neg,0,1,low,Dt8jV7aLTK
1604,1,74,pos,1,1,low,qm2rM2RgK3
1604,2,81,pos,1,1,low,qm2rM2RgK3
1604,3,71,pos,1,1,low,qm2rM2RgK3
1604,4,78,pos,1,1,low,qm2rM2RgK3
1604,5,68,pos,0,1,low,qm2rM2RgK3
779,1,74,pos,1,3,high,P2Zn17LpQu
779,2,81,pos,2,3,high,P2Zn17LpQu
779,3,71,pos,1,3,high,P2Zn17LpQu
779,4,78,pos,2,3,high,P2Zn17LpQu
779,5,68,pos,1,3,high,P2Zn17LpQu
1004,4,22,neg,2,4,high,kmTXty1FQY
1004,2,19,neg,2,4,high,kmTXty1FQY
1004,1,26,neg,1,4,high,kmTXty1FQY
1004,3,29,neg,1,4,high,kmTXty1FQY
1004,5,32,neg,1,4,high,kmTXty1FQY
1039,1,74,pos,2,4,high,sREgbbSRkA
1039,2,81,pos,3,4,high,sREgbbSRkA
1039,3,71,pos,2,4,high,sREgbbSRkA
1039,4,78,pos,2,4,high,sREgbbSRkA
1039,5,68,pos,1,4,high,sREgbbSRkA
32306,4,22,neg,1,3,high,HHj8AJnTse
32306,2,19,neg,1,3,high,HHj8AJnTse
32306,1,26,neg,1,3,high,HHj8AJnTse
32306,3,29,neg,1,3,high,HHj8AJnTse
32306,5,32,neg,0,3,high,HHj8AJnTse
970,4,22,neg,2,4,high,AmNNjjcbcV
970,2,19,neg,2,4,high,AmNNjjcbcV
970,1,26,neg,1,4,high,AmNNjjcbcV
970,3,29,neg,1,4,high,AmNNjjcbcV
970,5,32,neg,1,4,high,AmNNjjcbcV
853,1,74,pos,0,4,high,7IFT80ae1k
853,2,81,pos,1,4,high,7IFT80ae1k
853,3,71,pos,0,4,high,7IFT80ae1k
853,4,78,pos,1,4,high,7IFT80ae1k
853,5,68,pos,-1,4,high,7IFT80ae1k
951,1,74,pos,3,3,high,NhtxZDR0mJ
951,2,81,pos,3,3,high,NhtxZDR0mJ
951,3,71,pos,3,3,high,NhtxZDR0mJ
951,4,78,pos,3,3,high,NhtxZDR0mJ
951,5,68,pos,2,3,high,NhtxZDR0mJ
597,4,22,neg,2,3,high,4beEzIKQak
597,2,19,neg,2,3,high,4beEzIKQak
597,1,26,neg,2,3,high,4beEzIKQak
597,3,29,neg,1,3,high,4beEzIKQak
597,5,32,neg,1,3,high,4beEzIKQak
333,4,22,neg,2,0,low,zh5iBMY98V
333,2,19,neg,2,0,low,zh5iBMY98V
333,1,26,neg,1,0,low,zh5iBMY98V
333,3,29,neg,0,0,low,zh5iBMY98V
333,5,32,neg,0,0,low,zh5iBMY98V
911,1,74,pos,2,1,low,E7OMXvKYlA
911,2,81,pos,2,1,low,E7OMXvKYlA
911,3,71,pos,2,1,low,E7OMXvKYlA
911,4,78,pos,2,1,low,E7OMXvKYlA
911,5,68,pos,1,1,low,E7OMXvKYlA
773,4,22,neg,2,2,low,aQ4VFbyH6Z
773,2,19,neg,3,2,low,aQ4VFbyH6Z
773,1,26,neg,2,2,low,aQ4VFbyH6Z
773,3,29,neg,2,2,low,aQ4VFbyH6Z
773,5,32,neg,1,2,low,aQ4VFbyH6Z
1449,4,22,neg,2,1,low,grqRsIRRrq
1449,2,19,neg,2,1,low,grqRsIRRrq
1449,1,26,neg,2,1,low,grqRsIRRrq
1449,3,29,neg,1,1,low,grqRsIRRrq
1449,5,32,neg,1,1,low,grqRsIRRrq
498,1,74,pos,2,2,low,wI2PuwIdLD
498,2,81,pos,2,2,low,wI2PuwIdLD
498,3,71,pos,1,2,low,wI2PuwIdLD
498,4,78,pos,2,2,low,wI2PuwIdLD
498,5,68,pos,1,2,low,wI2PuwIdLD
402,1,74,pos,2,3,high,RV1lcVO2oZ
402,2,81,pos,2,3,high,RV1lcVO2oZ
402,3,71,pos,2,3,high,RV1lcVO2oZ
402,4,78,pos,2,3,high,RV1lcVO2oZ
402,5,68,pos,1,3,high,RV1lcVO2oZ
3101,4,22,neg,1,1,low,eprwdW3Evz
3101,2,19,neg,1,1,low,eprwdW3Evz
3101,1,26,neg,2,1,low,eprwdW3Evz
3101,3,29,neg,-1,1,low,eprwdW3Evz
3101,5,32,neg,-1,1,low,eprwdW3Evz
507,4,22,neg,1,1,low,vQ5UXWIMe9
507,2,19,neg,1,1,low,vQ5UXWIMe9
507,1,26,neg,0,1,low,vQ5UXWIMe9
507,3,29,neg,0,1,low,vQ5UXWIMe9
507,5,32,neg,0,1,low,vQ5UXWIMe9
4941,1,74,pos,3,1,low,wd3f6DsFtM
4941,2,81,pos,3,1,low,wd3f6DsFtM
4941,3,71,pos,2,1,low,wd3f6DsFtM
4941,4,78,pos,3,1,low,wd3f6DsFtM
4941,5,68,pos,2,1,low,wd3f6DsFtM
1027,4,22,neg,1,3,high,DxBJcRiIJ0
1027,2,19,neg,2,3,high,DxBJcRiIJ0
1027,1,26,neg,1,3,high,DxBJcRiIJ0
1027,3,29,neg,0,3,high,DxBJcRiIJ0
1027,5,32,neg,0,3,high,DxBJcRiIJ0
526,4,22,neg,2,0,low,dzbkZ04dek
526,2,19,neg,2,0,low,dzbkZ04dek
526,1,26,neg,1,0,low,dzbkZ04dek
526,3,29,neg,1,0,low,dzbkZ04dek
526,5,32,neg,1,0,low,dzbkZ04dek
764,1,74,pos,2,1,low,LZu2Z8un89
764,2,81,pos,2,1,low,LZu2Z8un89
764,3,71,pos,2,1,low,LZu2Z8un89
764,4,78,pos,2,1,low,LZu2Z8un89
764,5,68,pos,1,1,low,LZu2Z8un89
745,1,74,pos,1,3,high,UNZddzvTnr
745,2,81,pos,2,3,high,UNZddzvTnr
745,3,71,pos,1,3,high,UNZddzvTnr
745,4,78,pos,1,3,high,UNZddzvTnr
745,5,68,pos,0,3,high,UNZddzvTnr
1035,4,22,neg,2,4,high,q7lAPXcyz4
1035,2,19,neg,2,4,high,q7lAPXcyz4
1035,1,26,neg,1,4,high,q7lAPXcyz4
1035,3,29,neg,0,4,high,q7lAPXcyz4
1035,5,32,neg,0,4,high,q7lAPXcyz4
850,1,74,pos,1,1,low,0gjACvAUOm
850,2,81,pos,2,1,low,0gjACvAUOm
850,3,71,pos,1,1,low,0gjACvAUOm
850,4,78,pos,2,1,low,0gjACvAUOm
850,5,68,pos,-1,1,low,0gjACvAUOm
1735,1,74,pos,2,4,high,Z2MnslOmkR
1735,2,81,pos,2,4,high,Z2MnslOmkR
1735,3,71,pos,2,4,high,Z2MnslOmkR
1735,4,78,pos,2,4,high,Z2MnslOmkR
1735,5,68,pos,1,4,high,Z2MnslOmkR
1096,4,22,neg,1,2,low,WeJhAwvIib
1096,2,19,neg,1,2,low,WeJhAwvIib
1096,1,26,neg,1,2,low,WeJhAwvIib
1096,3,29,neg,0,2,low,WeJhAwvIib
1096,5,32,neg,0,2,low,WeJhAwvIib
692,4,22,neg,2,2,low,LxKzK2XRAg
692,2,19,neg,2,2,low,LxKzK2XRAg
692,1,26,neg,2,2,low,LxKzK2XRAg
692,3,29,neg,2,2,low,LxKzK2XRAg
692,5,32,neg,1,2,low,LxKzK2XRAg
1181,4,22,neg,1,3,high,akZqJtizZV
1181,2,19,neg,1,3,high,akZqJtizZV
1181,1,26,neg,1,3,high,akZqJtizZV
1181,3,29,neg,1,3,high,akZqJtizZV
1181,5,32,neg,0,3,high,akZqJtizZV
1042,1,74,pos,1,1,low,oHKKUk1urA
1042,2,81,pos,2,1,low,oHKKUk1urA
1042,3,71,pos,1,1,low,oHKKUk1urA
1042,4,78,pos,2,1,low,oHKKUk1urA
1042,5,68,pos,1,1,low,oHKKUk1urA
1752,4,22,neg,2,1,low,hdVcc9KH09
1752,2,19,neg,2,1,low,hdVcc9KH09
1752,1,26,neg,2,1,low,hdVcc9KH09
1752,3,29,neg,1,1,low,hdVcc9KH09
1752,5,32,neg,1,1,low,hdVcc9KH09
18138,1,74,pos,2,4,high,DwTItdNoCm
18138,2,81,pos,3,4,high,DwTItdNoCm
18138,3,71,pos,2,4,high,DwTItdNoCm
18138,4,78,pos,2,4,high,DwTItdNoCm
18138,5,68,pos,2,4,high,DwTItdNoCm
591,1,74,pos,1,2,low,8fxC8h8awT
591,2,81,pos,1,2,low,8fxC8h8awT
591,3,71,pos,1,2,low,8fxC8h8awT
591,4,78,pos,1,2,low,8fxC8h8awT
591,5,68,pos,0,2,low,8fxC8h8awT
1097,4,22,neg,2,0,low,bINFSrohxq
1097,2,19,neg,2,0,low,bINFSrohxq
1097,1,26,neg,2,0,low,bINFSrohxq
1097,3,29,neg,1,0,low,bINFSrohxq
1097,5,32,neg,1,0,low,bINFSrohxq
434,4,22,neg,2,1,low,uAd7HHWZU9
434,2,19,neg,2,1,low,uAd7HHWZU9
434,1,26,neg,1,1,low,uAd7HHWZU9
434,3,29,neg,1,1,low,uAd7HHWZU9
434,5,32,neg,-1,1,low,uAd7HHWZU9
554,1,74,pos,2,4,high,eapwAR2wXk
554,2,81,pos,2,4,high,eapwAR2wXk
554,3,71,pos,2,4,high,eapwAR2wXk
554,4,78,pos,2,4,high,eapwAR2wXk
554,5,68,pos,1,4,high,eapwAR2wXk
1541,1,74,pos,1,4,high,wyvmWADxyp
1541,2,81,pos,2,4,high,wyvmWADxyp
1541,3,71,pos,1,4,high,wyvmWADxyp
1541,4,78,pos,2,4,high,wyvmWADxyp
1541,5,68,pos,1,4,high,wyvmWADxyp
1261,4,22,neg,-3,1,low,E88H4Xnk7q
1261,2,19,neg,1,1,low,E88H4Xnk7q
1261,1,26,neg,-3,1,low,E88H4Xnk7q
1261,3,29,neg,-3,1,low,E88H4Xnk7q
1261,5,32,neg,-3,1,low,E88H4Xnk7q
641,4,22,neg,2,1,low,rxkfHVIKlF
641,2,19,neg,2,1,low,rxkfHVIKlF
641,1,26,neg,1,1,low,rxkfHVIKlF
641,3,29,neg,0,1,low,rxkfHVIKlF
641,5,32,neg,0,1,low,rxkfHVIKlF
1185,1,74,pos,0,0,low,CiQ4KMcQ1v
1185,2,81,pos,0,0,low,CiQ4KMcQ1v
1185,3,71,pos,1,0,low,CiQ4KMcQ1v
1185,4,78,pos,-1,0,low,CiQ4KMcQ1v
1185,5,68,pos,-1,0,low,CiQ4KMcQ1v
1201,4,22,neg,2,3,high,H6NdBGsZoY
1201,2,19,neg,2,3,high,H6NdBGsZoY
1201,1,26,neg,1,3,high,H6NdBGsZoY
1201,3,29,neg,0,3,high,H6NdBGsZoY
1201,5,32,neg,0,3,high,H6NdBGsZoY
1288,1,74,pos,1,0,low,ggOB9x4qUx
1288,2,81,pos,-3,0,low,ggOB9x4qUx
1288,3,71,pos,1,0,low,ggOB9x4qUx
1288,4,78,pos,1,0,low,ggOB9x4qUx
1288,5,68,pos,2,0,low,ggOB9x4qUx
1184,4,22,neg,2,2,low,a8cyp4mq4e
1184,2,19,neg,2,2,low,a8cyp4mq4e
1184,1,26,neg,2,2,low,a8cyp4mq4e
1184,3,29,neg,1,2,low,a8cyp4mq4e
1184,5,32,neg,1,2,low,a8cyp4mq4e
461,4,22,neg,-1,1,low,otpbmNHdiK
461,2,19,neg,-1,1,low,otpbmNHdiK
461,1,26,neg,-2,1,low,otpbmNHdiK
461,3,29,neg,-2,1,low,otpbmNHdiK
461,5,32,neg,-2,1,low,otpbmNHdiK
2142,4,22,neg,1,3,high,zBFPssTvQY
2142,2,19,neg,2,3,high,zBFPssTvQY
2142,1,26,neg,1,3,high,zBFPssTvQY
2142,3,29,neg,1,3,high,zBFPssTvQY
2142,5,32,neg,1,3,high,zBFPssTvQY
991,1,74,pos,1,2,low,AYHWa9rYjl
991,2,81,pos,2,2,low,AYHWa9rYjl
991,3,71,pos,1,2,low,AYHWa9rYjl
991,4,78,pos,1,2,low,AYHWa9rYjl
991,5,68,pos,1,2,low,AYHWa9rYjl
1586,4,22,neg,-1,1,low,8nwdl7VFC3
1586,2,19,neg,-1,1,low,8nwdl7VFC3
1586,1,26,neg,-1,1,low,8nwdl7VFC3
1586,3,29,neg,-1,1,low,8nwdl7VFC3
1586,5,32,neg,-2,1,low,8nwdl7VFC3
829,1,74,pos,1,3,high,20SGR2Wofx
829,2,81,pos,2,3,high,20SGR2Wofx
829,3,71,pos,1,3,high,20SGR2Wofx
829,4,78,pos,2,3,high,20SGR2Wofx
829,5,68,pos,1,3,high,20SGR2Wofx
1008,4,22,neg,2,1,low,Kv2Wb4jMty
1008,2,19,neg,2,1,low,Kv2Wb4jMty
1008,1,26,neg,1,1,low,Kv2Wb4jMty
1008,3,29,neg,1,1,low,Kv2Wb4jMty
1008,5,32,neg,1,1,low,Kv2Wb4jMty
1836,4,22,neg,2,2,low,Msrwx3P4Lb
1836,2,19,neg,2,2,low,Msrwx3P4Lb
1836,1,26,neg,1,2,low,Msrwx3P4Lb
1836,3,29,neg,1,2,low,Msrwx3P4Lb
1836,5,32,neg,0,2,low,Msrwx3P4Lb
1119,1,74,pos,1,3,high,x0oQCr9WAI
1119,2,81,pos,2,3,high,x0oQCr9WAI
1119,3,71,pos,1,3,high,x0oQCr9WAI
1119,4,78,pos,2,3,high,x0oQCr9WAI
1119,5,68,pos,1,3,high,x0oQCr9WAI
75804,4,22,neg,1,4,high,S3tEKgi4c0
75804,2,19,neg,1,4,high,S3tEKgi4c0
75804,1,26,neg,-1,4,high,S3tEKgi4c0
75804,3,29,neg,-2,4,high,S3tEKgi4c0
75804,5,32,neg,-2,4,high,S3tEKgi4c0
1085,4,22,neg,2,4,high,yT3ndwWyxQ
1085,2,19,neg,2,4,high,yT3ndwWyxQ
1085,1,26,neg,1,4,high,yT3ndwWyxQ
1085,3,29,neg,1,4,high,yT3ndwWyxQ
1085,5,32,neg,1,4,high,yT3ndwWyxQ
1242,4,22,neg,1,4,high,qzlQ9ncbQ7
1242,2,19,neg,2,4,high,qzlQ9ncbQ7
1242,1,26,neg,0,4,high,qzlQ9ncbQ7
1242,3,29,neg,-1,4,high,qzlQ9ncbQ7
1242,5,32,neg,-2,4,high,qzlQ9ncbQ7
2107,1,74,pos,1,1,low,H3dRBTs3cH
2107,2,81,pos,2,1,low,H3dRBTs3cH
2107,3,71,pos,1,1,low,H3dRBTs3cH
2107,4,78,pos,2,1,low,H3dRBTs3cH
2107,5,68,pos,1,1,low,H3dRBTs3cH
913,1,74,pos,1,0,low,9v3n21UNS5
913,2,81,pos,2,0,low,9v3n21UNS5
913,3,71,pos,1,0,low,9v3n21UNS5
913,4,78,pos,1,0,low,9v3n21UNS5
913,5,68,pos,1,0,low,9v3n21UNS5
816,4,22,neg,2,3,high,tRsM945590
816,2,19,neg,2,3,high,tRsM945590
816,1,26,neg,2,3,high,tRsM945590
816,3,29,neg,1,3,high,tRsM945590
816,5,32,neg,1,3,high,tRsM945590
871,1,74,pos,0,0,low,xyr4mgNUJe
871,2,81,pos,0,0,low,xyr4mgNUJe
871,3,71,pos,1,0,low,xyr4mgNUJe
871,4,78,pos,1,0,low,xyr4mgNUJe
871,5,68,pos,1,0,low,xyr4mgNUJe
739,1,74,pos,1,0,low,xSYKkiDYMH
739,2,81,pos,2,0,low,xSYKkiDYMH
739,3,71,pos,1,0,low,xSYKkiDYMH
739,4,78,pos,1,0,low,xSYKkiDYMH
739,5,68,pos,1,0,low,xSYKkiDYMH
713,1,74,pos,2,0,low,puB1dcnXnt
713,2,81,pos,2,0,low,puB1dcnXnt
713,3,71,pos,2,0,low,puB1dcnXnt
713,4,78,pos,2,0,low,puB1dcnXnt
713,5,68,pos,1,0,low,puB1dcnXnt
662,1,74,pos,2,0,low,humuI9u2HW
662,2,81,pos,2,0,low,humuI9u2HW
662,3,71,pos,1,0,low,humuI9u2HW
662,4,78,pos,2,0,low,humuI9u2HW
662,5,68,pos,1,0,low,humuI9u2HW
1308,1,74,pos,1,4,high,BHW6dw186Z
1308,2,81,pos,2,4,high,BHW6dw186Z
1308,3,71,pos,1,4,high,BHW6dw186Z
1308,4,78,pos,2,4,high,BHW6dw186Z
1308,5,68,pos,1,4,high,BHW6dw186Z
395,4,22,neg,1,0,low,2bfwR05gPR
395,2,19,neg,1,0,low,2bfwR05gPR
395,1,26,neg,1,0,low,2bfwR05gPR
395,3,29,neg,0,0,low,2bfwR05gPR
395,5,32,neg,0,0,low,2bfwR05gPR
678,1,74,pos,1,1,low,0zcVpiapwL
678,2,81,pos,2,1,low,0zcVpiapwL
678,3,71,pos,1,1,low,0zcVpiapwL
678,4,78,pos,1,1,low,0zcVpiapwL
678,5,68,pos,1,1,low,0zcVpiapwL
51726,4,22,neg,1,2,low,XadFAyFZsb
51726,2,19,neg,1,2,low,XadFAyFZsb
51726,1,26,neg,1,2,low,XadFAyFZsb
51726,3,29,neg,0,2,low,XadFAyFZsb
51726,5,32,neg,0,2,low,XadFAyFZsb
18268,1,74,pos,1,2,low,vsvv42x4OP
18268,2,81,pos,2,2,low,vsvv42x4OP
18268,3,71,pos,1,2,low,vsvv42x4OP
18268,4,78,pos,2,2,low,vsvv42x4OP
18268,5,68,pos,1,2,low,vsvv42x4OP
58158,4,22,neg,2,4,high,mMJrUplLkm
58158,2,19,neg,3,4,high,mMJrUplLkm
58158,1,26,neg,1,4,high,mMJrUplLkm
58158,3,29,neg,1,4,high,mMJrUplLkm
58158,5,32,neg,1,4,high,mMJrUplLkm
1137,4,22,neg,-1,2,low,DIP2lUUqAB
1137,2,19,neg,1,2,low,DIP2lUUqAB
1137,1,26,neg,-1,2,low,DIP2lUUqAB
1137,3,29,neg,-1,2,low,DIP2lUUqAB
1137,5,32,neg,-2,2,low,DIP2lUUqAB
2053,1,74,pos,2,4,high,baXGI1HGsH
2053,2,81,pos,2,4,high,baXGI1HGsH
2053,3,71,pos,1,4,high,baXGI1HGsH
2053,4,78,pos,2,4,high,baXGI1HGsH
2053,5,68,pos,1,4,high,baXGI1HGsH
4858,4,22,neg,0,0,low,NDRrnsnOWP
4858,2,19,neg,-1,0,low,NDRrnsnOWP
4858,1,26,neg,0,0,low,NDRrnsnOWP
4858,3,29,neg,0,0,low,NDRrnsnOWP
4858,5,32,neg,1,0,low,NDRrnsnOWP
613,1,74,pos,2,1,low,zGaftTVMtU
613,2,81,pos,2,1,low,zGaftTVMtU
613,3,71,pos,2,1,low,zGaftTVMtU
613,4,78,pos,2,1,low,zGaftTVMtU
613,5,68,pos,2,1,low,zGaftTVMtU
832,4,22,neg,1,1,low,HWFnskMlb4
832,2,19,neg,1,1,low,HWFnskMlb4
832,1,26,neg,1,1,low,HWFnskMlb4
832,3,29,neg,0,1,low,HWFnskMlb4
832,5,32,neg,0,1,low,HWFnskMlb4
1792,1,74,pos,1,2,low,ELuQj0u6mt
1792,2,81,pos,2,2,low,ELuQj0u6mt
1792,3,71,pos,1,2,low,ELuQj0u6mt
1792,4,78,pos,2,2,low,ELuQj0u6mt
1792,5,68,pos,1,2,low,ELuQj0u6mt
809,4,22,neg,2,2,low,fc1c8j3ffo
809,2,19,neg,2,2,low,fc1c8j3ffo
809,1,26,neg,2,2,low,fc1c8j3ffo
809,3,29,neg,2,2,low,fc1c8j3ffo
809,5,32,neg,1,2,low,fc1c8j3ffo
522,1,74,pos,2,1,low,v6GTAfhC5e
522,2,81,pos,2,1,low,v6GTAfhC5e
522,3,71,pos,1,1,low,v6GTAfhC5e
522,4,78,pos,2,1,low,v6GTAfhC5e
522,5,68,pos,1,1,low,v6GTAfhC5e
1793,1,74,pos,2,2,low,ZMNZqGNsL9
1793,2,81,pos,2,2,low,ZMNZqGNsL9
1793,3,71,pos,1,2,low,ZMNZqGNsL9
1793,4,78,pos,2,2,low,ZMNZqGNsL9
1793,5,68,pos,1,2,low,ZMNZqGNsL9
1610,4,22,neg,-2,2,low,5tzAInSAda
1610,2,19,neg,-2,2,low,5tzAInSAda
1610,1,26,neg,-2,2,low,5tzAInSAda
1610,3,29,neg,-2,2,low,5tzAInSAda
1610,5,32,neg,-2,2,low,5tzAInSAda
1381,4,22,neg,2,0,low,y6FqxT3w4j
1381,2,19,neg,2,0,low,y6FqxT3w4j
1381,1,26,neg,1,0,low,y6FqxT3w4j
1381,3,29,neg,0,0,low,y6FqxT3w4j
1381,5,32,neg,0,0,low,y6FqxT3w4j
492,4,22,neg,-2,0,low,mNcRRjzAV0
492,2,19,neg,-2,0,low,mNcRRjzAV0
492,1,26,neg,-2,0,low,mNcRRjzAV0
492,3,29,neg,-2,0,low,mNcRRjzAV0
492,5,32,neg,-1,0,low,mNcRRjzAV0
1119,1,74,pos,0,2,low,NUjey0ewTM
1119,2,81,pos,2,2,low,NUjey0ewTM
1119,3,71,pos,2,2,low,NUjey0ewTM
1119,4,78,pos,2,2,low,NUjey0ewTM
1119,5,68,pos,2,2,low,NUjey0ewTM
1011,4,22,neg,1,4,high,NLyNTF8z5K
1011,2,19,neg,1,4,high,NLyNTF8z5K
1011,1,26,neg,1,4,high,NLyNTF8z5K
1011,3,29,neg,0,4,high,NLyNTF8z5K
1011,5,32,neg,0,4,high,NLyNTF8z5K
1027,1,74,pos,1,4,high,Ctk2f93voj
1027,2,81,pos,1,4,high,Ctk2f93voj
1027,3,71,pos,1,4,high,Ctk2f93voj
1027,4,78,pos,1,4,high,Ctk2f93voj
1027,5,68,pos,0,4,high,Ctk2f93voj
1003,1,74,pos,1,0,low,0B9vnlhViR
1003,2,81,pos,2,0,low,0B9vnlhViR
1003,3,71,pos,1,0,low,0B9vnlhViR
1003,4,78,pos,2,0,low,0B9vnlhViR
1003,5,68,pos,0,0,low,0B9vnlhViR
1670,4,22,neg,0,0,low,7DdTMQ53B2
1670,2,19,neg,1,0,low,7DdTMQ53B2
1670,1,26,neg,0,0,low,7DdTMQ53B2
1670,3,29,neg,-1,0,low,7DdTMQ53B2
1670,5,32,neg,-1,0,low,7DdTMQ53B2
