RecordedDate,Experiment,Frage,Rep_Zu,Sicherheit,value,ID
2022-11-02T17:29:41Z,E2,F6,R,S,100,rywW6CqAFI
2022-11-02T17:29:41Z,E2,F7,R,S,50,rywW6CqAFI
2022-11-02T17:29:41Z,E2,F11,Z,S,75,rywW6CqAFI
2022-11-02T17:29:41Z,E2,F12,Z,S,100,rywW6CqAFI
2022-11-02T17:29:41Z,E3,F15,R,S,1000,rywW6CqAFI
2022-11-02T17:29:41Z,E3,F16,R,S,5,rywW6CqAFI
2022-11-02T17:29:41Z,E3,F19,Z,S,10000,rywW6CqAFI
2022-11-02T17:29:41Z,E3,F20,Z,S,99,rywW6CqAFI
2022-11-02T17:36:34Z,E2,F8,R,U,20,BamNxhKn9H
2022-11-02T17:36:34Z,E2,F9,R,U,2,BamNxhKn9H
2022-11-02T17:36:34Z,E2,F13,Z,U,2,BamNxhKn9H
2022-11-02T17:36:34Z,E2,F14,Z,U,2,BamNxhKn9H
2022-11-02T17:36:34Z,E3,F17,R,U,10,BamNxhKn9H
2022-11-02T17:36:34Z,E3,F18,R,U,0,BamNxhKn9H
2022-11-02T17:36:34Z,E3,F21,Z,U,100,BamNxhKn9H
2022-11-02T17:36:34Z,E3,F22,Z,U,0,BamNxhKn9H
2022-11-02T17:37:34Z,E2,F8,R,U,5,zEZoFHPqmB
2022-11-02T17:37:34Z,E2,F9,R,U,5,zEZoFHPqmB
2022-11-02T17:37:34Z,E2,F13,Z,U,5,zEZoFHPqmB
2022-11-02T17:37:34Z,E2,F14,Z,U,10,zEZoFHPqmB
2022-11-02T17:37:34Z,E3,F17,R,U,20,zEZoFHPqmB
2022-11-02T17:37:34Z,E3,F18,R,U,5,zEZoFHPqmB
2022-11-02T17:37:34Z,E3,F21,Z,U,200,zEZoFHPqmB
2022-11-02T17:37:34Z,E3,F22,Z,U,50,zEZoFHPqmB
2022-11-02T17:48:35Z,E2,F6,R,S,10,8B1Ypp2w8L
2022-11-02T17:48:35Z,E2,F7,R,S,10,8B1Ypp2w8L
2022-11-02T17:48:35Z,E2,F11,Z,S,10,8B1Ypp2w8L
2022-11-02T17:48:35Z,E2,F12,Z,S,10,8B1Ypp2w8L
2022-11-02T17:48:35Z,E3,F15,R,S,0,8B1Ypp2w8L
2022-11-02T17:48:35Z,E3,F16,R,S,0,8B1Ypp2w8L
2022-11-02T17:48:35Z,E3,F19,Z,S,0,8B1Ypp2w8L
2022-11-02T17:48:35Z,E3,F20,Z,S,10,8B1Ypp2w8L
2022-11-02T17:50:32Z,E2,F6,R,S,30,9WBeE99ZgG
2022-11-02T17:50:32Z,E2,F7,R,S,50,9WBeE99ZgG
2022-11-02T17:50:32Z,E2,F11,Z,S,20,9WBeE99ZgG
2022-11-02T17:50:32Z,E2,F12,Z,S,20,9WBeE99ZgG
2022-11-02T17:50:32Z,E3,F15,R,S,30,9WBeE99ZgG
2022-11-02T17:50:32Z,E3,F16,R,S,20,9WBeE99ZgG
2022-11-02T17:50:32Z,E3,F19,Z,S,50,9WBeE99ZgG
2022-11-02T17:50:32Z,E3,F20,Z,S,50,9WBeE99ZgG
2022-11-02T17:51:35Z,E2,F8,R,U,50,HdU5zA6oCK
2022-11-02T17:51:35Z,E2,F9,R,U,50,HdU5zA6oCK
2022-11-02T17:51:35Z,E2,F13,Z,U,100,HdU5zA6oCK
2022-11-02T17:51:35Z,E2,F14,Z,U,50,HdU5zA6oCK
2022-11-02T17:51:35Z,E3,F17,R,U,50,HdU5zA6oCK
2022-11-02T17:51:35Z,E3,F18,R,U,50,HdU5zA6oCK
2022-11-02T17:51:35Z,E3,F21,Z,U,200,HdU5zA6oCK
2022-11-02T17:51:35Z,E3,F22,Z,U,150,HdU5zA6oCK
2022-11-02T17:51:48Z,E2,F8,R,U,10,WMj3Yte6cT
2022-11-02T17:51:48Z,E2,F9,R,U,20,WMj3Yte6cT
2022-11-02T17:51:48Z,E2,F13,Z,U,5,WMj3Yte6cT
2022-11-02T17:51:48Z,E2,F14,Z,U,5,WMj3Yte6cT
2022-11-02T17:51:48Z,E3,F17,R,U,20,WMj3Yte6cT
2022-11-02T17:51:48Z,E3,F18,R,U,0,WMj3Yte6cT
2022-11-02T17:51:48Z,E3,F21,Z,U,5,WMj3Yte6cT
2022-11-02T17:51:48Z,E3,F22,Z,U,10,WMj3Yte6cT
2022-11-02T18:04:50Z,E2,F6,R,S,100,KwGP9sdMrB
2022-11-02T18:04:50Z,E2,F7,R,S,200,KwGP9sdMrB
2022-11-02T18:04:50Z,E2,F11,Z,S,200,KwGP9sdMrB
2022-11-02T18:04:50Z,E2,F12,Z,S,200,KwGP9sdMrB
2022-11-02T18:04:50Z,E3,F15,R,S,50,KwGP9sdMrB
2022-11-02T18:04:50Z,E3,F16,R,S,10,KwGP9sdMrB
2022-11-02T18:04:50Z,E3,F19,Z,S,500,KwGP9sdMrB
2022-11-02T18:04:50Z,E3,F20,Z,S,80,KwGP9sdMrB
2022-11-02T18:08:45Z,E2,F8,R,U,5,muh7GJ3NEv
2022-11-02T18:08:45Z,E2,F9,R,U,5,muh7GJ3NEv
2022-11-02T18:08:45Z,E2,F13,Z,U,5,muh7GJ3NEv
2022-11-02T18:08:45Z,E2,F14,Z,U,5,muh7GJ3NEv
2022-11-02T18:08:45Z,E3,F17,R,U,0,muh7GJ3NEv
2022-11-02T18:08:45Z,E3,F18,R,U,1,muh7GJ3NEv
2022-11-02T18:08:45Z,E3,F21,Z,U,20,muh7GJ3NEv
2022-11-02T18:08:45Z,E3,F22,Z,U,10,muh7GJ3NEv
2022-11-02T18:18:41Z,E2,F6,R,S,10,xcWSYRWudT
2022-11-02T18:18:41Z,E2,F7,R,S,10,xcWSYRWudT
2022-11-02T18:18:41Z,E2,F11,Z,S,30,xcWSYRWudT
2022-11-02T18:18:41Z,E2,F12,Z,S,10,xcWSYRWudT
2022-11-02T18:18:41Z,E3,F15,R,S,10,xcWSYRWudT
2022-11-02T18:18:41Z,E3,F16,R,S,0,xcWSYRWudT
2022-11-02T18:18:41Z,E3,F19,Z,S,100,xcWSYRWudT
2022-11-02T18:18:41Z,E3,F20,Z,S,0,xcWSYRWudT
2022-11-02T18:22:47Z,E2,F6,R,S,100,bzL5JFWZrf
2022-11-02T18:22:47Z,E2,F7,R,S,0,bzL5JFWZrf
2022-11-02T18:22:47Z,E2,F11,Z,S,30,bzL5JFWZrf
2022-11-02T18:22:47Z,E2,F12,Z,S,0,bzL5JFWZrf
2022-11-02T18:22:47Z,E3,F15,R,S,200,bzL5JFWZrf
2022-11-02T18:22:47Z,E3,F16,R,S,0,bzL5JFWZrf
2022-11-02T18:22:47Z,E3,F19,Z,S,200,bzL5JFWZrf
2022-11-02T18:22:47Z,E3,F20,Z,S,20,bzL5JFWZrf
2022-11-02T18:26:23Z,E2,F6,R,S,500,td5NxWr9QA
2022-11-02T18:26:23Z,E2,F7,R,S,500,td5NxWr9QA
2022-11-02T18:26:23Z,E2,F11,Z,S,250,td5NxWr9QA
2022-11-02T18:26:23Z,E2,F12,Z,S,250,td5NxWr9QA
2022-11-02T18:26:23Z,E3,F15,R,S,0,td5NxWr9QA
2022-11-02T18:26:23Z,E3,F16,R,S,0,td5NxWr9QA
2022-11-02T18:26:23Z,E3,F19,Z,S,0,td5NxWr9QA
2022-11-02T18:26:23Z,E3,F20,Z,S,50,td5NxWr9QA
2022-11-02T18:28:26Z,E2,F8,R,U,10,qVSBmM4pnr
2022-11-02T18:28:26Z,E2,F9,R,U,10,qVSBmM4pnr
2022-11-02T18:28:26Z,E2,F13,Z,U,5,qVSBmM4pnr
2022-11-02T18:28:26Z,E2,F14,Z,U,50,qVSBmM4pnr
2022-11-02T18:28:26Z,E3,F17,R,U,5,qVSBmM4pnr
2022-11-02T18:28:26Z,E3,F18,R,U,1,qVSBmM4pnr
2022-11-02T18:28:26Z,E3,F21,Z,U,15,qVSBmM4pnr
2022-11-02T18:28:26Z,E3,F22,Z,U,7,qVSBmM4pnr
2022-11-02T18:30:55Z,E2,F6,R,S,10,kOha11kVWw
2022-11-02T18:30:55Z,E2,F7,R,S,100,kOha11kVWw
2022-11-02T18:30:55Z,E2,F11,Z,S,10,kOha11kVWw
2022-11-02T18:30:55Z,E2,F12,Z,S,10,kOha11kVWw
2022-11-02T18:30:55Z,E3,F15,R,S,0,kOha11kVWw
2022-11-02T18:30:55Z,E3,F16,R,S,0,kOha11kVWw
2022-11-02T18:30:55Z,E3,F19,Z,S,0,kOha11kVWw
2022-11-02T18:30:55Z,E3,F20,Z,S,0,kOha11kVWw
2022-11-02T18:31:45Z,E2,F8,R,U,5,tvOe8sl9EH
2022-11-02T18:31:45Z,E2,F9,R,U,5,tvOe8sl9EH
2022-11-02T18:31:45Z,E2,F13,Z,U,10,tvOe8sl9EH
2022-11-02T18:31:45Z,E2,F14,Z,U,5,tvOe8sl9EH
2022-11-02T18:31:45Z,E3,F17,R,U,0,tvOe8sl9EH
2022-11-02T18:31:45Z,E3,F18,R,U,0,tvOe8sl9EH
2022-11-02T18:31:45Z,E3,F21,Z,U,5,tvOe8sl9EH
2022-11-02T18:31:45Z,E3,F22,Z,U,2,tvOe8sl9EH
2022-11-02T18:44:53Z,E2,F6,R,S,989,lD0oZ3ZwMm
2022-11-02T18:44:53Z,E2,F7,R,S,150,lD0oZ3ZwMm
2022-11-02T18:44:53Z,E2,F11,Z,S,450,lD0oZ3ZwMm
2022-11-02T18:44:53Z,E2,F12,Z,S,400,lD0oZ3ZwMm
2022-11-02T18:44:53Z,E3,F15,R,S,5,lD0oZ3ZwMm
2022-11-02T18:44:53Z,E3,F16,R,S,19,lD0oZ3ZwMm
2022-11-02T18:44:53Z,E3,F19,Z,S,500,lD0oZ3ZwMm
2022-11-02T18:44:53Z,E3,F20,Z,S,99,lD0oZ3ZwMm
2022-11-02T18:53:39Z,E2,F6,R,S,250,ZiLi3jXkhi
2022-11-02T18:53:39Z,E2,F7,R,S,250,ZiLi3jXkhi
2022-11-02T18:53:39Z,E2,F11,Z,S,1,ZiLi3jXkhi
2022-11-02T18:53:39Z,E2,F12,Z,S,250,ZiLi3jXkhi
2022-11-02T18:53:39Z,E3,F15,R,S,10,ZiLi3jXkhi
2022-11-02T18:53:39Z,E3,F16,R,S,0,ZiLi3jXkhi
2022-11-02T18:53:39Z,E3,F19,Z,S,1,ZiLi3jXkhi
2022-11-02T18:53:39Z,E3,F20,Z,S,1,ZiLi3jXkhi
2022-11-02T18:58:41Z,E2,F6,R,S,10,HZ4qjuFj0q
2022-11-02T18:58:41Z,E2,F7,R,S,10,HZ4qjuFj0q
2022-11-02T18:58:41Z,E2,F11,Z,S,5,HZ4qjuFj0q
2022-11-02T18:58:41Z,E2,F12,Z,S,10,HZ4qjuFj0q
2022-11-02T18:58:41Z,E3,F15,R,S,0,HZ4qjuFj0q
2022-11-02T18:58:41Z,E3,F16,R,S,10,HZ4qjuFj0q
2022-11-02T18:58:41Z,E3,F19,Z,S,0,HZ4qjuFj0q
2022-11-02T18:58:41Z,E3,F20,Z,S,50,HZ4qjuFj0q
2022-11-02T19:07:47Z,E2,F8,R,U,0,ZAKA4EnViT
2022-11-02T19:07:47Z,E2,F9,R,U,0,ZAKA4EnViT
2022-11-02T19:07:47Z,E2,F13,Z,U,0,ZAKA4EnViT
2022-11-02T19:07:47Z,E2,F14,Z,U,0,ZAKA4EnViT
2022-11-02T19:07:47Z,E3,F17,R,U,10,ZAKA4EnViT
2022-11-02T19:07:47Z,E3,F18,R,U,0,ZAKA4EnViT
2022-11-02T19:07:47Z,E3,F21,Z,U,0,ZAKA4EnViT
2022-11-02T19:07:47Z,E3,F22,Z,U,1,ZAKA4EnViT
2022-11-02T19:07:53Z,E2,F8,R,U,0,dtAf7VWyPr
2022-11-02T19:07:53Z,E2,F9,R,U,0,dtAf7VWyPr
2022-11-02T19:07:53Z,E2,F13,Z,U,0,dtAf7VWyPr
2022-11-02T19:07:53Z,E2,F14,Z,U,1,dtAf7VWyPr
2022-11-02T19:07:53Z,E3,F17,R,U,5,dtAf7VWyPr
2022-11-02T19:07:53Z,E3,F18,R,U,0,dtAf7VWyPr
2022-11-02T19:07:53Z,E3,F21,Z,U,0,dtAf7VWyPr
2022-11-02T19:07:53Z,E3,F22,Z,U,1,dtAf7VWyPr
2022-11-02T19:08:45Z,E2,F6,R,S,30,1uLsmlvIFM
2022-11-02T19:08:45Z,E2,F7,R,S,60,1uLsmlvIFM
2022-11-02T19:08:45Z,E2,F11,Z,S,20,1uLsmlvIFM
2022-11-02T19:08:45Z,E2,F12,Z,S,50,1uLsmlvIFM
2022-11-02T19:08:45Z,E3,F15,R,S,30,1uLsmlvIFM
2022-11-02T19:08:45Z,E3,F16,R,S,20,1uLsmlvIFM
2022-11-02T19:08:45Z,E3,F19,Z,S,100,1uLsmlvIFM
2022-11-02T19:08:45Z,E3,F20,Z,S,50,1uLsmlvIFM
2022-11-02T19:16:06Z,E2,F8,R,U,50,wUx387GJXQ
2022-11-02T19:16:06Z,E2,F9,R,U,50,wUx387GJXQ
2022-11-02T19:16:06Z,E2,F13,Z,U,20,wUx387GJXQ
2022-11-02T19:16:06Z,E2,F14,Z,U,20,wUx387GJXQ
2022-11-02T19:16:06Z,E3,F17,R,U,100,wUx387GJXQ
2022-11-02T19:16:06Z,E3,F18,R,U,5,wUx387GJXQ
2022-11-02T19:16:06Z,E3,F21,Z,U,10,wUx387GJXQ
2022-11-02T19:16:06Z,E3,F22,Z,U,10,wUx387GJXQ
2022-11-02T19:25:12Z,E2,F8,R,U,1,Yxb7YFIHwR
2022-11-02T19:25:12Z,E2,F9,R,U,1,Yxb7YFIHwR
2022-11-02T19:25:12Z,E2,F13,Z,U,1,Yxb7YFIHwR
2022-11-02T19:25:12Z,E2,F14,Z,U,5,Yxb7YFIHwR
2022-11-02T19:25:12Z,E3,F17,R,U,0,Yxb7YFIHwR
2022-11-02T19:25:12Z,E3,F18,R,U,0,Yxb7YFIHwR
2022-11-02T19:25:12Z,E3,F21,Z,U,0,Yxb7YFIHwR
2022-11-02T19:25:12Z,E3,F22,Z,U,0,Yxb7YFIHwR
2022-11-02T19:33:20Z,E2,F6,R,S,50,yHAoRNGrkU
2022-11-02T19:33:20Z,E2,F7,R,S,50,yHAoRNGrkU
2022-11-02T19:33:20Z,E2,F11,Z,S,50,yHAoRNGrkU
2022-11-02T19:33:20Z,E2,F12,Z,S,50,yHAoRNGrkU
2022-11-02T19:33:20Z,E3,F15,R,S,50,yHAoRNGrkU
2022-11-02T19:33:20Z,E3,F16,R,S,20,yHAoRNGrkU
2022-11-02T19:33:20Z,E3,F19,Z,S,50,yHAoRNGrkU
2022-11-02T19:33:20Z,E3,F20,Z,S,100,yHAoRNGrkU
2022-11-02T19:52:44Z,E2,F6,R,S,500,q4K0Iyn6Yp
2022-11-02T19:52:44Z,E2,F7,R,S,500,q4K0Iyn6Yp
2022-11-02T19:52:44Z,E2,F11,Z,S,200,q4K0Iyn6Yp
2022-11-02T19:52:44Z,E2,F12,Z,S,300,q4K0Iyn6Yp
2022-11-02T19:52:44Z,E3,F15,R,S,50,q4K0Iyn6Yp
2022-11-02T19:52:44Z,E3,F16,R,S,10,q4K0Iyn6Yp
2022-11-02T19:52:44Z,E3,F19,Z,S,1000,q4K0Iyn6Yp
2022-11-02T19:52:44Z,E3,F20,Z,S,50,q4K0Iyn6Yp
2022-11-02T20:13:43Z,E2,F6,R,S,10,o2Rbl8zBeN
2022-11-02T20:13:43Z,E2,F7,R,S,0,o2Rbl8zBeN
2022-11-02T20:13:43Z,E2,F11,Z,S,250,o2Rbl8zBeN
2022-11-02T20:13:43Z,E2,F12,Z,S,10,o2Rbl8zBeN
2022-11-02T20:13:43Z,E3,F15,R,S,0,o2Rbl8zBeN
2022-11-02T20:13:43Z,E3,F16,R,S,0,o2Rbl8zBeN
2022-11-02T20:13:43Z,E3,F19,Z,S,10,o2Rbl8zBeN
2022-11-02T20:13:43Z,E3,F20,Z,S,20,o2Rbl8zBeN
2022-11-02T21:04:15Z,E2,F6,R,S,200,4m2vq9cyfN
2022-11-02T21:04:15Z,E2,F7,R,S,100,4m2vq9cyfN
2022-11-02T21:04:15Z,E2,F11,Z,S,150,4m2vq9cyfN
2022-11-02T21:04:15Z,E2,F12,Z,S,200,4m2vq9cyfN
2022-11-02T21:04:15Z,E3,F15,R,S,1,4m2vq9cyfN
2022-11-02T21:04:15Z,E3,F16,R,S,2,4m2vq9cyfN
2022-11-02T21:04:15Z,E3,F19,Z,S,100,4m2vq9cyfN
2022-11-02T21:04:15Z,E3,F20,Z,S,20,4m2vq9cyfN
2022-11-02T21:27:46Z,E2,F6,R,S,10,nQH1FCyQbo
2022-11-02T21:27:46Z,E2,F7,R,S,10,nQH1FCyQbo
2022-11-02T21:27:46Z,E2,F11,Z,S,10,nQH1FCyQbo
2022-11-02T21:27:46Z,E2,F12,Z,S,10,nQH1FCyQbo
2022-11-02T21:27:46Z,E3,F15,R,S,50,nQH1FCyQbo
2022-11-02T21:27:46Z,E3,F16,R,S,19,nQH1FCyQbo
2022-11-02T21:27:46Z,E3,F19,Z,S,500,nQH1FCyQbo
2022-11-02T21:27:46Z,E3,F20,Z,S,99,nQH1FCyQbo
2022-11-02T21:55:31Z,E2,F8,R,U,2,2QvsBzAajF
2022-11-02T21:55:31Z,E2,F9,R,U,2,2QvsBzAajF
2022-11-02T21:55:31Z,E2,F13,Z,U,1,2QvsBzAajF
2022-11-02T21:55:31Z,E2,F14,Z,U,0,2QvsBzAajF
2022-11-02T21:55:31Z,E3,F17,R,U,0,2QvsBzAajF
2022-11-02T21:55:31Z,E3,F18,R,U,5,2QvsBzAajF
2022-11-02T21:55:31Z,E3,F21,Z,U,100,2QvsBzAajF
2022-11-02T21:55:31Z,E3,F22,Z,U,5,2QvsBzAajF
2022-11-02T22:14:07Z,E2,F8,R,U,5,89DgF2SwLj
2022-11-02T22:14:07Z,E2,F9,R,U,0,89DgF2SwLj
2022-11-02T22:14:07Z,E2,F13,Z,U,20,89DgF2SwLj
2022-11-02T22:14:07Z,E2,F14,Z,U,5,89DgF2SwLj
2022-11-02T22:14:07Z,E3,F17,R,U,20,89DgF2SwLj
2022-11-02T22:14:07Z,E3,F18,R,U,0,89DgF2SwLj
2022-11-02T22:14:07Z,E3,F21,Z,U,5,89DgF2SwLj
2022-11-02T22:14:07Z,E3,F22,Z,U,20,89DgF2SwLj
2022-11-02T22:27:04Z,E2,F6,R,S,50,WgL0oeaiS9
2022-11-02T22:27:04Z,E2,F7,R,S,50,WgL0oeaiS9
2022-11-02T22:27:04Z,E2,F11,Z,S,50,WgL0oeaiS9
2022-11-02T22:27:04Z,E2,F12,Z,S,25,WgL0oeaiS9
2022-11-02T22:27:04Z,E3,F15,R,S,0,WgL0oeaiS9
2022-11-02T22:27:04Z,E3,F16,R,S,0,WgL0oeaiS9
2022-11-02T22:27:04Z,E3,F19,Z,S,0,WgL0oeaiS9
2022-11-02T22:27:04Z,E3,F20,Z,S,0,WgL0oeaiS9
2022-11-02T22:31:10Z,E2,F6,R,S,20,oeugr1r0F9
2022-11-02T22:31:10Z,E2,F7,R,S,50,oeugr1r0F9
2022-11-02T22:31:10Z,E2,F11,Z,S,100,oeugr1r0F9
2022-11-02T22:31:10Z,E2,F12,Z,S,50,oeugr1r0F9
2022-11-02T22:31:10Z,E3,F15,R,S,50,oeugr1r0F9
2022-11-02T22:31:10Z,E3,F16,R,S,0,oeugr1r0F9
2022-11-02T22:31:10Z,E3,F19,Z,S,50,oeugr1r0F9
2022-11-02T22:31:10Z,E3,F20,Z,S,50,oeugr1r0F9
2022-11-02T23:06:45Z,E2,F8,R,U,1,LzsRryYSie
2022-11-02T23:06:45Z,E2,F9,R,U,1,LzsRryYSie
2022-11-02T23:06:45Z,E2,F13,Z,U,1,LzsRryYSie
2022-11-02T23:06:45Z,E2,F14,Z,U,10,LzsRryYSie
2022-11-02T23:06:45Z,E3,F17,R,U,100,LzsRryYSie
2022-11-02T23:06:45Z,E3,F18,R,U,0,LzsRryYSie
2022-11-02T23:06:45Z,E3,F21,Z,U,100,LzsRryYSie
2022-11-02T23:06:45Z,E3,F22,Z,U,0,LzsRryYSie
2022-11-02T23:48:37Z,E2,F6,R,S,4,wgj8jUc4qX
2022-11-02T23:48:37Z,E2,F7,R,S,4,wgj8jUc4qX
2022-11-02T23:48:37Z,E2,F11,Z,S,10,wgj8jUc4qX
2022-11-02T23:48:37Z,E2,F12,Z,S,2,wgj8jUc4qX
2022-11-02T23:48:37Z,E3,F15,R,S,1,wgj8jUc4qX
2022-11-02T23:48:37Z,E3,F16,R,S,1,wgj8jUc4qX
2022-11-02T23:48:37Z,E3,F19,Z,S,20,wgj8jUc4qX
2022-11-02T23:48:37Z,E3,F20,Z,S,24,wgj8jUc4qX
2022-11-03T06:57:41Z,E2,F8,R,U,10,SpSXt1S2js
2022-11-03T06:57:41Z,E2,F9,R,U,10,SpSXt1S2js
2022-11-03T06:57:41Z,E2,F13,Z,U,5,SpSXt1S2js
2022-11-03T06:57:41Z,E2,F14,Z,U,5,SpSXt1S2js
2022-11-03T06:57:41Z,E3,F17,R,U,0,SpSXt1S2js
2022-11-03T06:57:41Z,E3,F18,R,U,0,SpSXt1S2js
2022-11-03T06:57:41Z,E3,F21,Z,U,0,SpSXt1S2js
2022-11-03T06:57:41Z,E3,F22,Z,U,0,SpSXt1S2js
2022-11-03T07:05:08Z,E2,F6,R,S,1,UCBi1HUZbw
2022-11-03T07:05:08Z,E2,F7,R,S,2,UCBi1HUZbw
2022-11-03T07:05:08Z,E2,F11,Z,S,2,UCBi1HUZbw
2022-11-03T07:05:08Z,E2,F12,Z,S,2,UCBi1HUZbw
2022-11-03T07:05:08Z,E3,F15,R,S,100,UCBi1HUZbw
2022-11-03T07:05:08Z,E3,F16,R,S,30,UCBi1HUZbw
2022-11-03T07:05:08Z,E3,F19,Z,S,10,UCBi1HUZbw
2022-11-03T07:05:08Z,E3,F20,Z,S,100,UCBi1HUZbw
2022-11-03T07:25:03Z,E2,F6,R,S,100,UfPGTKnVnc
2022-11-03T07:25:03Z,E2,F7,R,S,100,UfPGTKnVnc
2022-11-03T07:25:03Z,E2,F11,Z,S,100,UfPGTKnVnc
2022-11-03T07:25:03Z,E2,F12,Z,S,50,UfPGTKnVnc
2022-11-03T07:25:03Z,E3,F15,R,S,100,UfPGTKnVnc
2022-11-03T07:25:03Z,E3,F16,R,S,20,UfPGTKnVnc
2022-11-03T07:25:03Z,E3,F19,Z,S,0,UfPGTKnVnc
2022-11-03T07:25:03Z,E3,F20,Z,S,20,UfPGTKnVnc
2022-11-03T08:13:11Z,E2,F8,R,U,10,4Q8ELCJYaB
2022-11-03T08:13:11Z,E2,F9,R,U,10,4Q8ELCJYaB
2022-11-03T08:13:11Z,E2,F13,Z,U,5,4Q8ELCJYaB
2022-11-03T08:13:11Z,E2,F14,Z,U,5,4Q8ELCJYaB
2022-11-03T08:13:11Z,E3,F17,R,U,10,4Q8ELCJYaB
2022-11-03T08:13:11Z,E3,F18,R,U,0,4Q8ELCJYaB
2022-11-03T08:13:11Z,E3,F21,Z,U,0,4Q8ELCJYaB
2022-11-03T08:13:11Z,E3,F22,Z,U,0,4Q8ELCJYaB
2022-11-03T08:49:25Z,E2,F8,R,U,10,Y0DcdFqY5y
2022-11-03T08:49:25Z,E2,F9,R,U,5,Y0DcdFqY5y
2022-11-03T08:49:25Z,E2,F13,Z,U,1,Y0DcdFqY5y
2022-11-03T08:49:25Z,E2,F14,Z,U,1,Y0DcdFqY5y
2022-11-03T08:49:25Z,E3,F17,R,U,1000,Y0DcdFqY5y
2022-11-03T08:49:25Z,E3,F18,R,U,0,Y0DcdFqY5y
2022-11-03T08:49:25Z,E3,F21,Z,U,0,Y0DcdFqY5y
2022-11-03T08:49:25Z,E3,F22,Z,U,0,Y0DcdFqY5y
2022-11-03T09:00:22Z,E2,F6,R,S,2,oSsZzcvbUM
2022-11-03T09:00:22Z,E2,F7,R,S,2,oSsZzcvbUM
2022-11-03T09:00:22Z,E2,F11,Z,S,2,oSsZzcvbUM
2022-11-03T09:00:22Z,E2,F12,Z,S,2,oSsZzcvbUM
2022-11-03T09:00:22Z,E3,F15,R,S,0,oSsZzcvbUM
2022-11-03T09:00:22Z,E3,F16,R,S,0,oSsZzcvbUM
2022-11-03T09:00:22Z,E3,F19,Z,S,0,oSsZzcvbUM
2022-11-03T09:00:22Z,E3,F20,Z,S,0,oSsZzcvbUM
2022-11-03T09:01:35Z,E2,F8,R,U,15,XwawKbVXFK
2022-11-03T09:01:35Z,E2,F9,R,U,1,XwawKbVXFK
2022-11-03T09:01:35Z,E2,F13,Z,U,5,XwawKbVXFK
2022-11-03T09:01:35Z,E2,F14,Z,U,5,XwawKbVXFK
2022-11-03T09:01:35Z,E3,F17,R,U,1,XwawKbVXFK
2022-11-03T09:01:35Z,E3,F18,R,U,0,XwawKbVXFK
2022-11-03T09:01:35Z,E3,F21,Z,U,100,XwawKbVXFK
2022-11-03T09:01:35Z,E3,F22,Z,U,0,XwawKbVXFK
2022-11-03T09:10:25Z,E2,F6,R,S,50,nGhAXvybJe
2022-11-03T09:10:25Z,E2,F7,R,S,50,nGhAXvybJe
2022-11-03T09:10:25Z,E2,F11,Z,S,50,nGhAXvybJe
2022-11-03T09:10:25Z,E2,F12,Z,S,50,nGhAXvybJe
2022-11-03T09:10:25Z,E3,F15,R,S,50,nGhAXvybJe
2022-11-03T09:10:25Z,E3,F16,R,S,20,nGhAXvybJe
2022-11-03T09:10:25Z,E3,F19,Z,S,5,nGhAXvybJe
2022-11-03T09:10:25Z,E3,F20,Z,S,100,nGhAXvybJe
2022-11-03T09:17:22Z,E2,F6,R,S,10,UJdmp4AYO1
2022-11-03T09:17:22Z,E2,F7,R,S,10,UJdmp4AYO1
2022-11-03T09:17:22Z,E2,F11,Z,S,10,UJdmp4AYO1
2022-11-03T09:17:22Z,E2,F12,Z,S,10,UJdmp4AYO1
2022-11-03T09:17:22Z,E3,F15,R,S,50,UJdmp4AYO1
2022-11-03T09:17:22Z,E3,F16,R,S,0,UJdmp4AYO1
2022-11-03T09:17:22Z,E3,F19,Z,S,150,UJdmp4AYO1
2022-11-03T09:17:22Z,E3,F20,Z,S,20,UJdmp4AYO1
2022-11-03T09:18:27Z,E2,F8,R,U,0,3RzeJw2vCK
2022-11-03T09:18:27Z,E2,F9,R,U,5,3RzeJw2vCK
2022-11-03T09:18:27Z,E2,F13,Z,U,0,3RzeJw2vCK
2022-11-03T09:18:27Z,E2,F14,Z,U,5,3RzeJw2vCK
2022-11-03T09:18:27Z,E3,F17,R,U,0,3RzeJw2vCK
2022-11-03T09:18:27Z,E3,F18,R,U,1,3RzeJw2vCK
2022-11-03T09:18:27Z,E3,F21,Z,U,0,3RzeJw2vCK
2022-11-03T09:18:27Z,E3,F22,Z,U,1,3RzeJw2vCK
2022-11-03T09:19:07Z,E2,F6,R,S,100,qceo2phOnD
2022-11-03T09:19:07Z,E2,F7,R,S,0,qceo2phOnD
2022-11-03T09:19:07Z,E2,F11,Z,S,1,qceo2phOnD
2022-11-03T09:19:07Z,E2,F12,Z,S,12,qceo2phOnD
2022-11-03T09:19:07Z,E3,F15,R,S,50,qceo2phOnD
2022-11-03T09:19:07Z,E3,F16,R,S,20,qceo2phOnD
2022-11-03T09:19:07Z,E3,F19,Z,S,100,qceo2phOnD
2022-11-03T09:19:07Z,E3,F20,Z,S,100,qceo2phOnD
2022-11-03T09:31:32Z,E2,F6,R,S,100,k2BCf34gKs
2022-11-03T09:31:32Z,E2,F7,R,S,50,k2BCf34gKs
2022-11-03T09:31:32Z,E2,F11,Z,S,50,k2BCf34gKs
2022-11-03T09:31:32Z,E2,F12,Z,S,20,k2BCf34gKs
2022-11-03T09:31:32Z,E3,F15,R,S,0,k2BCf34gKs
2022-11-03T09:31:32Z,E3,F16,R,S,5,k2BCf34gKs
2022-11-03T09:31:32Z,E3,F19,Z,S,200,k2BCf34gKs
2022-11-03T09:31:32Z,E3,F20,Z,S,25,k2BCf34gKs
2022-11-03T09:35:03Z,E2,F8,R,U,10,5gRfISa6Sp
2022-11-03T09:35:03Z,E2,F9,R,U,50,5gRfISa6Sp
2022-11-03T09:35:03Z,E2,F13,Z,U,10,5gRfISa6Sp
2022-11-03T09:35:03Z,E2,F14,Z,U,50,5gRfISa6Sp
2022-11-03T09:35:03Z,E3,F17,R,U,50,5gRfISa6Sp
2022-11-03T09:35:03Z,E3,F18,R,U,0,5gRfISa6Sp
2022-11-03T09:35:03Z,E3,F21,Z,U,0,5gRfISa6Sp
2022-11-03T09:35:03Z,E3,F22,Z,U,0,5gRfISa6Sp
2022-11-03T09:40:05Z,E2,F6,R,S,10,rJPvaTLPyj
2022-11-03T09:40:05Z,E2,F7,R,S,10,rJPvaTLPyj
2022-11-03T09:40:05Z,E2,F11,Z,S,20,rJPvaTLPyj
2022-11-03T09:40:05Z,E2,F12,Z,S,50,rJPvaTLPyj
2022-11-03T09:40:05Z,E3,F15,R,S,50,rJPvaTLPyj
2022-11-03T09:40:05Z,E3,F16,R,S,10,rJPvaTLPyj
2022-11-03T09:40:05Z,E3,F19,Z,S,1000,rJPvaTLPyj
2022-11-03T09:40:05Z,E3,F20,Z,S,10,rJPvaTLPyj
2022-11-03T09:40:07Z,E2,F6,R,S,10,bWE7Cchf5i
2022-11-03T09:40:07Z,E2,F7,R,S,10,bWE7Cchf5i
2022-11-03T09:40:07Z,E2,F11,Z,S,5,bWE7Cchf5i
2022-11-03T09:40:07Z,E2,F12,Z,S,5,bWE7Cchf5i
2022-11-03T09:40:07Z,E3,F15,R,S,100,bWE7Cchf5i
2022-11-03T09:40:07Z,E3,F16,R,S,0,bWE7Cchf5i
2022-11-03T09:40:07Z,E3,F19,Z,S,0,bWE7Cchf5i
2022-11-03T09:40:07Z,E3,F20,Z,S,1,bWE7Cchf5i
2022-11-03T09:42:42Z,E2,F8,R,U,10,xSjMpAaf4S
2022-11-03T09:42:42Z,E2,F9,R,U,10,xSjMpAaf4S
2022-11-03T09:42:42Z,E2,F13,Z,U,5,xSjMpAaf4S
2022-11-03T09:42:42Z,E2,F14,Z,U,10,xSjMpAaf4S
2022-11-03T09:42:42Z,E3,F17,R,U,50,xSjMpAaf4S
2022-11-03T09:42:42Z,E3,F18,R,U,0,xSjMpAaf4S
2022-11-03T09:42:42Z,E3,F21,Z,U,50,xSjMpAaf4S
2022-11-03T09:42:42Z,E3,F22,Z,U,0,xSjMpAaf4S
2022-11-03T09:52:03Z,E2,F8,R,U,10,1eCJcvmz9K
2022-11-03T09:52:03Z,E2,F9,R,U,10,1eCJcvmz9K
2022-11-03T09:52:03Z,E2,F13,Z,U,5,1eCJcvmz9K
2022-11-03T09:52:03Z,E2,F14,Z,U,5,1eCJcvmz9K
2022-11-03T09:52:03Z,E3,F17,R,U,10,1eCJcvmz9K
2022-11-03T09:52:03Z,E3,F18,R,U,0,1eCJcvmz9K
2022-11-03T09:52:03Z,E3,F21,Z,U,0,1eCJcvmz9K
2022-11-03T09:52:03Z,E3,F22,Z,U,0,1eCJcvmz9K
2022-11-03T10:13:51Z,E2,F8,R,U,100,P3e6OGbC53
2022-11-03T10:13:51Z,E2,F9,R,U,50,P3e6OGbC53
2022-11-03T10:13:51Z,E2,F13,Z,U,50,P3e6OGbC53
2022-11-03T10:13:51Z,E2,F14,Z,U,50,P3e6OGbC53
2022-11-03T10:13:51Z,E3,F17,R,U,50,P3e6OGbC53
2022-11-03T10:13:51Z,E3,F18,R,U,20,P3e6OGbC53
2022-11-03T10:13:51Z,E3,F21,Z,U,100,P3e6OGbC53
2022-11-03T10:13:51Z,E3,F22,Z,U,100,P3e6OGbC53
2022-11-03T10:46:11Z,E2,F8,R,U,1,Ey065YbHNg
2022-11-03T10:46:11Z,E2,F9,R,U,1,Ey065YbHNg
2022-11-03T10:46:11Z,E2,F13,Z,U,1,Ey065YbHNg
2022-11-03T10:46:11Z,E2,F14,Z,U,1,Ey065YbHNg
2022-11-03T10:46:11Z,E3,F17,R,U,1000,Ey065YbHNg
2022-11-03T10:46:11Z,E3,F18,R,U,50,Ey065YbHNg
2022-11-03T10:46:11Z,E3,F21,Z,U,50,Ey065YbHNg
2022-11-03T10:46:11Z,E3,F22,Z,U,1,Ey065YbHNg
2022-11-03T10:52:17Z,E2,F6,R,S,100,pHCrrSNrXA
2022-11-03T10:52:17Z,E2,F7,R,S,500,pHCrrSNrXA
2022-11-03T10:52:17Z,E2,F11,Z,S,50,pHCrrSNrXA
2022-11-03T10:52:17Z,E2,F12,Z,S,100,pHCrrSNrXA
2022-11-03T10:52:17Z,E3,F15,R,S,50,pHCrrSNrXA
2022-11-03T10:52:17Z,E3,F16,R,S,5,pHCrrSNrXA
2022-11-03T10:52:17Z,E3,F19,Z,S,5,pHCrrSNrXA
2022-11-03T10:52:17Z,E3,F20,Z,S,20,pHCrrSNrXA
2022-11-03T11:02:14Z,E2,F6,R,S,1,LrEm4V0WR9
2022-11-03T11:02:14Z,E2,F7,R,S,1,LrEm4V0WR9
2022-11-03T11:02:14Z,E2,F11,Z,S,200,LrEm4V0WR9
2022-11-03T11:02:14Z,E2,F12,Z,S,200,LrEm4V0WR9
2022-11-03T11:02:14Z,E3,F15,R,S,250,LrEm4V0WR9
2022-11-03T11:02:14Z,E3,F16,R,S,19,LrEm4V0WR9
2022-11-03T11:02:14Z,E3,F19,Z,S,150,LrEm4V0WR9
2022-11-03T11:02:14Z,E3,F20,Z,S,150,LrEm4V0WR9
2022-11-03T11:17:26Z,E2,F8,R,U,1,kRJhloj6im
2022-11-03T11:17:26Z,E2,F9,R,U,1,kRJhloj6im
2022-11-03T11:17:26Z,E2,F13,Z,U,1,kRJhloj6im
2022-11-03T11:17:26Z,E2,F14,Z,U,1,kRJhloj6im
2022-11-03T11:17:26Z,E3,F17,R,U,3,kRJhloj6im
2022-11-03T11:17:26Z,E3,F18,R,U,0,kRJhloj6im
2022-11-03T11:17:26Z,E3,F21,Z,U,0,kRJhloj6im
2022-11-03T11:17:26Z,E3,F22,Z,U,12,kRJhloj6im
2022-11-03T11:54:14Z,E2,F6,R,S,5,WHApWLCvk2
2022-11-03T11:54:14Z,E2,F7,R,S,50,WHApWLCvk2
2022-11-03T11:54:14Z,E2,F11,Z,S,5,WHApWLCvk2
2022-11-03T11:54:14Z,E2,F12,Z,S,5,WHApWLCvk2
2022-11-03T11:54:14Z,E3,F15,R,S,1,WHApWLCvk2
2022-11-03T11:54:14Z,E3,F16,R,S,5,WHApWLCvk2
2022-11-03T11:54:14Z,E3,F19,Z,S,1,WHApWLCvk2
2022-11-03T11:54:14Z,E3,F20,Z,S,6,WHApWLCvk2
2022-11-03T12:40:46Z,E2,F8,R,U,10,QrjpSHGw84
2022-11-03T12:40:46Z,E2,F9,R,U,10,QrjpSHGw84
2022-11-03T12:40:46Z,E2,F13,Z,U,5,QrjpSHGw84
2022-11-03T12:40:46Z,E2,F14,Z,U,5,QrjpSHGw84
2022-11-03T12:40:46Z,E3,F17,R,U,0,QrjpSHGw84
2022-11-03T12:40:46Z,E3,F18,R,U,0,QrjpSHGw84
2022-11-03T12:40:46Z,E3,F21,Z,U,50,QrjpSHGw84
2022-11-03T12:40:46Z,E3,F22,Z,U,0,QrjpSHGw84
2022-11-03T13:46:36Z,E2,F6,R,S,100,N3IyWnhpkU
2022-11-03T13:46:36Z,E2,F7,R,S,200,N3IyWnhpkU
2022-11-03T13:46:36Z,E2,F11,Z,S,100,N3IyWnhpkU
2022-11-03T13:46:36Z,E2,F12,Z,S,300,N3IyWnhpkU
2022-11-03T13:46:36Z,E3,F15,R,S,0,N3IyWnhpkU
2022-11-03T13:46:36Z,E3,F16,R,S,5,N3IyWnhpkU
2022-11-03T13:46:36Z,E3,F19,Z,S,300,N3IyWnhpkU
2022-11-03T13:46:36Z,E3,F20,Z,S,50,N3IyWnhpkU
2022-11-03T15:37:15Z,E2,F8,R,U,15,YyLoppZdTn
2022-11-03T15:37:15Z,E2,F9,R,U,15,YyLoppZdTn
2022-11-03T15:37:15Z,E2,F13,Z,U,7,YyLoppZdTn
2022-11-03T15:37:15Z,E2,F14,Z,U,7,YyLoppZdTn
2022-11-03T15:37:15Z,E3,F17,R,U,0,YyLoppZdTn
2022-11-03T15:37:15Z,E3,F18,R,U,0,YyLoppZdTn
2022-11-03T15:37:15Z,E3,F21,Z,U,7,YyLoppZdTn
2022-11-03T15:37:15Z,E3,F22,Z,U,15,YyLoppZdTn
2022-11-03T16:52:42Z,E2,F6,R,S,100,eSDc34Uwju
2022-11-03T16:52:42Z,E2,F7,R,S,100,eSDc34Uwju
2022-11-03T16:52:42Z,E2,F11,Z,S,80,eSDc34Uwju
2022-11-03T16:52:42Z,E2,F12,Z,S,50,eSDc34Uwju
2022-11-03T16:52:42Z,E3,F15,R,S,50,eSDc34Uwju
2022-11-03T16:52:42Z,E3,F16,R,S,15,eSDc34Uwju
2022-11-03T16:52:42Z,E3,F19,Z,S,80,eSDc34Uwju
2022-11-03T16:52:42Z,E3,F20,Z,S,50,eSDc34Uwju
2022-11-03T18:33:49Z,E2,F8,R,U,5,ggd95HdyCO
2022-11-03T18:33:49Z,E2,F9,R,U,1,ggd95HdyCO
2022-11-03T18:33:49Z,E2,F13,Z,U,5,ggd95HdyCO
2022-11-03T18:33:49Z,E2,F14,Z,U,5,ggd95HdyCO
2022-11-03T18:33:49Z,E3,F17,R,U,50,ggd95HdyCO
2022-11-03T18:33:49Z,E3,F18,R,U,5,ggd95HdyCO
2022-11-03T18:33:49Z,E3,F21,Z,U,100,ggd95HdyCO
2022-11-03T18:33:49Z,E3,F22,Z,U,50,ggd95HdyCO
2022-11-03T19:41:18Z,E2,F8,R,U,10,2G31W1U23y
2022-11-03T19:41:18Z,E2,F9,R,U,5,2G31W1U23y
2022-11-03T19:41:18Z,E2,F13,Z,U,2,2G31W1U23y
2022-11-03T19:41:18Z,E2,F14,Z,U,10,2G31W1U23y
2022-11-03T19:41:18Z,E3,F17,R,U,0,2G31W1U23y
2022-11-03T19:41:18Z,E3,F18,R,U,0,2G31W1U23y
2022-11-03T19:41:18Z,E3,F21,Z,U,0,2G31W1U23y
2022-11-03T19:41:18Z,E3,F22,Z,U,0,2G31W1U23y
2022-11-03T22:01:55Z,E2,F6,R,S,0,VO40xbM54M
2022-11-03T22:01:55Z,E2,F7,R,S,50,VO40xbM54M
2022-11-03T22:01:55Z,E2,F11,Z,S,50,VO40xbM54M
2022-11-03T22:01:55Z,E2,F12,Z,S,10,VO40xbM54M
2022-11-03T22:01:55Z,E3,F15,R,S,10,VO40xbM54M
2022-11-03T22:01:55Z,E3,F16,R,S,0,VO40xbM54M
2022-11-03T22:01:55Z,E3,F19,Z,S,100,VO40xbM54M
2022-11-03T22:01:55Z,E3,F20,Z,S,10,VO40xbM54M
2022-11-03T22:40:21Z,E2,F8,R,U,20,HH7sS77WkC
2022-11-03T22:40:21Z,E2,F9,R,U,0,HH7sS77WkC
2022-11-03T22:40:21Z,E2,F13,Z,U,20,HH7sS77WkC
2022-11-03T22:40:21Z,E2,F14,Z,U,20,HH7sS77WkC
2022-11-03T22:40:21Z,E3,F17,R,U,20,HH7sS77WkC
2022-11-03T22:40:21Z,E3,F18,R,U,0,HH7sS77WkC
2022-11-03T22:40:21Z,E3,F21,Z,U,20,HH7sS77WkC
2022-11-03T22:40:21Z,E3,F22,Z,U,0,HH7sS77WkC
2022-11-04T06:42:12Z,E2,F6,R,S,1,2wu9xO26X2
2022-11-04T06:42:12Z,E2,F7,R,S,0,2wu9xO26X2
2022-11-04T06:42:12Z,E2,F11,Z,S,100,2wu9xO26X2
2022-11-04T06:42:12Z,E2,F12,Z,S,1,2wu9xO26X2
2022-11-04T06:42:12Z,E3,F15,R,S,10,2wu9xO26X2
2022-11-04T06:42:12Z,E3,F16,R,S,10,2wu9xO26X2
2022-11-04T06:42:12Z,E3,F19,Z,S,0,2wu9xO26X2
2022-11-04T06:42:12Z,E3,F20,Z,S,100,2wu9xO26X2
2022-11-04T06:56:08Z,E2,F6,R,S,500,hJJ5PNbkKl
2022-11-04T06:56:08Z,E2,F7,R,S,0,hJJ5PNbkKl
2022-11-04T06:56:08Z,E2,F11,Z,S,200,hJJ5PNbkKl
2022-11-04T06:56:08Z,E2,F12,Z,S,200,hJJ5PNbkKl
2022-11-04T06:56:08Z,E3,F15,R,S,0,hJJ5PNbkKl
2022-11-04T06:56:08Z,E3,F16,R,S,0,hJJ5PNbkKl
2022-11-04T06:56:08Z,E3,F19,Z,S,0,hJJ5PNbkKl
2022-11-04T06:56:08Z,E3,F20,Z,S,0,hJJ5PNbkKl
2022-11-04T06:56:43Z,E2,F8,R,U,40,REzI0Jgvwd
2022-11-04T06:56:43Z,E2,F9,R,U,0,REzI0Jgvwd
2022-11-04T06:56:43Z,E2,F13,Z,U,15,REzI0Jgvwd
2022-11-04T06:56:43Z,E2,F14,Z,U,10,REzI0Jgvwd
2022-11-04T06:56:43Z,E3,F17,R,U,0,REzI0Jgvwd
2022-11-04T06:56:43Z,E3,F18,R,U,0,REzI0Jgvwd
2022-11-04T06:56:43Z,E3,F21,Z,U,0,REzI0Jgvwd
2022-11-04T06:56:43Z,E3,F22,Z,U,0,REzI0Jgvwd
2022-11-04T08:28:07Z,E2,F8,R,U,0,GUP7sJDTvJ
2022-11-04T08:28:07Z,E2,F9,R,U,0,GUP7sJDTvJ
2022-11-04T08:28:07Z,E2,F13,Z,U,0,GUP7sJDTvJ
2022-11-04T08:28:07Z,E2,F14,Z,U,0,GUP7sJDTvJ
2022-11-04T08:28:07Z,E3,F17,R,U,0,GUP7sJDTvJ
2022-11-04T08:28:07Z,E3,F18,R,U,0,GUP7sJDTvJ
2022-11-04T08:28:07Z,E3,F21,Z,U,0,GUP7sJDTvJ
2022-11-04T08:28:07Z,E3,F22,Z,U,1,GUP7sJDTvJ
2022-11-04T08:57:13Z,E2,F6,R,S,1,Qf2eDTu34K
2022-11-04T08:57:13Z,E2,F7,R,S,1,Qf2eDTu34K
2022-11-04T08:57:13Z,E2,F11,Z,S,1,Qf2eDTu34K
2022-11-04T08:57:13Z,E2,F12,Z,S,1,Qf2eDTu34K
2022-11-04T08:57:13Z,E3,F15,R,S,1,Qf2eDTu34K
2022-11-04T08:57:13Z,E3,F16,R,S,15,Qf2eDTu34K
2022-11-04T08:57:13Z,E3,F19,Z,S,0,Qf2eDTu34K
2022-11-04T08:57:13Z,E3,F20,Z,S,0,Qf2eDTu34K
2022-11-04T09:10:48Z,E2,F6,R,S,10,QruZNer0ME
2022-11-04T09:10:48Z,E2,F7,R,S,10,QruZNer0ME
2022-11-04T09:10:48Z,E2,F11,Z,S,100,QruZNer0ME
2022-11-04T09:10:48Z,E2,F12,Z,S,10,QruZNer0ME
2022-11-04T09:10:48Z,E3,F15,R,S,100,QruZNer0ME
2022-11-04T09:10:48Z,E3,F16,R,S,0,QruZNer0ME
2022-11-04T09:10:48Z,E3,F19,Z,S,100,QruZNer0ME
2022-11-04T09:10:48Z,E3,F20,Z,S,10,QruZNer0ME
2022-11-04T09:42:02Z,E2,F8,R,U,10,oxxP3uaZGr
2022-11-04T09:42:02Z,E2,F9,R,U,0,oxxP3uaZGr
2022-11-04T09:42:02Z,E2,F13,Z,U,0,oxxP3uaZGr
2022-11-04T09:42:02Z,E2,F14,Z,U,5,oxxP3uaZGr
2022-11-04T09:42:02Z,E3,F17,R,U,0,oxxP3uaZGr
2022-11-04T09:42:02Z,E3,F18,R,U,0,oxxP3uaZGr
2022-11-04T09:42:02Z,E3,F21,Z,U,100,oxxP3uaZGr
2022-11-04T09:42:02Z,E3,F22,Z,U,0,oxxP3uaZGr
2022-11-04T14:14:24Z,E2,F6,R,S,1,CRSHyr3t48
2022-11-04T14:14:24Z,E2,F7,R,S,1,CRSHyr3t48
2022-11-04T14:14:24Z,E2,F11,Z,S,1,CRSHyr3t48
2022-11-04T14:14:24Z,E2,F12,Z,S,1,CRSHyr3t48
2022-11-04T14:14:24Z,E3,F15,R,S,1,CRSHyr3t48
2022-11-04T14:14:24Z,E3,F16,R,S,0,CRSHyr3t48
2022-11-04T14:14:24Z,E3,F19,Z,S,0,CRSHyr3t48
2022-11-04T14:14:24Z,E3,F20,Z,S,50,CRSHyr3t48
2022-11-04T15:40:45Z,E2,F8,R,U,5,R9Hw9dZCLN
2022-11-04T15:40:45Z,E2,F9,R,U,5,R9Hw9dZCLN
2022-11-04T15:40:45Z,E2,F13,Z,U,0,R9Hw9dZCLN
2022-11-04T15:40:45Z,E2,F14,Z,U,5,R9Hw9dZCLN
2022-11-04T15:40:45Z,E3,F17,R,U,10,R9Hw9dZCLN
2022-11-04T15:40:45Z,E3,F18,R,U,0,R9Hw9dZCLN
2022-11-04T15:40:45Z,E3,F21,Z,U,10,R9Hw9dZCLN
2022-11-04T15:40:45Z,E3,F22,Z,U,10,R9Hw9dZCLN
2022-11-05T11:50:25Z,E2,F6,R,S,100,S35lMTGWhO
2022-11-05T11:50:25Z,E2,F7,R,S,100,S35lMTGWhO
2022-11-05T11:50:25Z,E2,F11,Z,S,50,S35lMTGWhO
2022-11-05T11:50:25Z,E2,F12,Z,S,50,S35lMTGWhO
2022-11-05T11:50:25Z,E3,F15,R,S,20,S35lMTGWhO
2022-11-05T11:50:25Z,E3,F16,R,S,0,S35lMTGWhO
2022-11-05T11:50:25Z,E3,F19,Z,S,500,S35lMTGWhO
2022-11-05T11:50:25Z,E3,F20,Z,S,10,S35lMTGWhO
2022-11-06T10:27:13Z,E2,F8,R,U,10,QI4YOSi6b7
2022-11-06T10:27:13Z,E2,F9,R,U,10,QI4YOSi6b7
2022-11-06T10:27:13Z,E2,F13,Z,U,0,QI4YOSi6b7
2022-11-06T10:27:13Z,E2,F14,Z,U,100,QI4YOSi6b7
2022-11-06T10:27:13Z,E3,F17,R,U,10000,QI4YOSi6b7
2022-11-06T10:27:13Z,E3,F18,R,U,5,QI4YOSi6b7
2022-11-06T10:27:13Z,E3,F21,Z,U,0,QI4YOSi6b7
2022-11-06T10:27:13Z,E3,F22,Z,U,10,QI4YOSi6b7
2022-11-06T10:33:40Z,E2,F8,R,U,0.05,zjrNfsskIR
2022-11-06T10:33:40Z,E2,F9,R,U,0.05,zjrNfsskIR
2022-11-06T10:33:40Z,E2,F13,Z,U,0.05,zjrNfsskIR
2022-11-06T10:33:40Z,E2,F14,Z,U,0.05,zjrNfsskIR
2022-11-06T10:33:40Z,E3,F17,R,U,20,zjrNfsskIR
2022-11-06T10:33:40Z,E3,F18,R,U,0.05,zjrNfsskIR
2022-11-06T10:33:40Z,E3,F21,Z,U,0,zjrNfsskIR
2022-11-06T10:33:40Z,E3,F22,Z,U,20,zjrNfsskIR
2022-11-06T13:47:10Z,E2,F6,R,S,100,KBmAHnqzkK
2022-11-06T13:47:10Z,E2,F7,R,S,10,KBmAHnqzkK
2022-11-06T13:47:10Z,E2,F11,Z,S,30,KBmAHnqzkK
2022-11-06T13:47:10Z,E2,F12,Z,S,50,KBmAHnqzkK
2022-11-06T13:47:10Z,E3,F15,R,S,100,KBmAHnqzkK
2022-11-06T13:47:10Z,E3,F16,R,S,0,KBmAHnqzkK
2022-11-06T13:47:10Z,E3,F19,Z,S,0,KBmAHnqzkK
2022-11-06T13:47:10Z,E3,F20,Z,S,50,KBmAHnqzkK
2022-11-06T14:19:39Z,E2,F8,R,U,10,3EQ8RAcCYK
2022-11-06T14:19:39Z,E2,F9,R,U,0,3EQ8RAcCYK
2022-11-06T14:19:39Z,E2,F13,Z,U,10,3EQ8RAcCYK
2022-11-06T14:19:39Z,E2,F14,Z,U,0,3EQ8RAcCYK
2022-11-06T14:19:39Z,E3,F17,R,U,0,3EQ8RAcCYK
2022-11-06T14:19:39Z,E3,F18,R,U,0,3EQ8RAcCYK
2022-11-06T14:19:39Z,E3,F21,Z,U,200,3EQ8RAcCYK
2022-11-06T14:19:39Z,E3,F22,Z,U,10,3EQ8RAcCYK
2022-11-06T21:00:12Z,E2,F6,R,S,100,esIKa1W0l0
2022-11-06T21:00:12Z,E2,F7,R,S,1,esIKa1W0l0
2022-11-06T21:00:12Z,E2,F11,Z,S,10,esIKa1W0l0
2022-11-06T21:00:12Z,E2,F12,Z,S,1,esIKa1W0l0
2022-11-06T21:00:12Z,E3,F15,R,S,30,esIKa1W0l0
2022-11-06T21:00:12Z,E3,F16,R,S,1,esIKa1W0l0
2022-11-06T21:00:12Z,E3,F19,Z,S,200,esIKa1W0l0
2022-11-06T21:00:12Z,E3,F20,Z,S,20,esIKa1W0l0
2022-11-07T13:52:02Z,E2,F8,R,U,2,cm4NR0Grt9
2022-11-07T13:52:02Z,E2,F9,R,U,2,cm4NR0Grt9
2022-11-07T13:52:02Z,E2,F13,Z,U,5,cm4NR0Grt9
2022-11-07T13:52:02Z,E2,F14,Z,U,5,cm4NR0Grt9
2022-11-07T13:52:02Z,E3,F17,R,U,0,cm4NR0Grt9
2022-11-07T13:52:02Z,E3,F18,R,U,0,cm4NR0Grt9
2022-11-07T13:52:02Z,E3,F21,Z,U,0,cm4NR0Grt9
2022-11-07T13:52:02Z,E3,F22,Z,U,1,cm4NR0Grt9
2022-11-07T14:13:39Z,E2,F6,R,S,100,8XLKFtQKZD
2022-11-07T14:13:39Z,E2,F7,R,S,200,8XLKFtQKZD
2022-11-07T14:13:39Z,E2,F11,Z,S,50,8XLKFtQKZD
2022-11-07T14:13:39Z,E2,F12,Z,S,100,8XLKFtQKZD
2022-11-07T14:13:39Z,E3,F15,R,S,0,8XLKFtQKZD
2022-11-07T14:13:39Z,E3,F16,R,S,19,8XLKFtQKZD
2022-11-07T14:13:39Z,E3,F19,Z,S,500,8XLKFtQKZD
2022-11-07T14:13:39Z,E3,F20,Z,S,90,8XLKFtQKZD
2022-11-07T14:22:45Z,E2,F8,R,U,9,IHK6LlEjn9
2022-11-07T14:22:45Z,E2,F9,R,U,6,IHK6LlEjn9
2022-11-07T14:22:45Z,E2,F13,Z,U,5,IHK6LlEjn9
2022-11-07T14:22:45Z,E2,F14,Z,U,5,IHK6LlEjn9
2022-11-07T14:22:45Z,E3,F17,R,U,0,IHK6LlEjn9
2022-11-07T14:22:45Z,E3,F18,R,U,0,IHK6LlEjn9
2022-11-07T14:22:45Z,E3,F21,Z,U,10,IHK6LlEjn9
2022-11-07T14:22:45Z,E3,F22,Z,U,1,IHK6LlEjn9
2022-11-07T14:24:07Z,E2,F6,R,S,900,nP9oJbuqqD
2022-11-07T14:24:07Z,E2,F7,R,S,600,nP9oJbuqqD
2022-11-07T14:24:07Z,E2,F11,Z,S,200,nP9oJbuqqD
2022-11-07T14:24:07Z,E2,F12,Z,S,300,nP9oJbuqqD
2022-11-07T14:24:07Z,E3,F15,R,S,300,nP9oJbuqqD
2022-11-07T14:24:07Z,E3,F16,R,S,19,nP9oJbuqqD
2022-11-07T14:24:07Z,E3,F19,Z,S,1000,nP9oJbuqqD
2022-11-07T14:24:07Z,E3,F20,Z,S,99,nP9oJbuqqD
2022-11-07T14:25:09Z,E2,F8,R,U,10,LCvvkifZW9
2022-11-07T14:25:09Z,E2,F9,R,U,10,LCvvkifZW9
2022-11-07T14:25:09Z,E2,F13,Z,U,1,LCvvkifZW9
2022-11-07T14:25:09Z,E2,F14,Z,U,1,LCvvkifZW9
2022-11-07T14:25:09Z,E3,F17,R,U,0,LCvvkifZW9
2022-11-07T14:25:09Z,E3,F18,R,U,1,LCvvkifZW9
2022-11-07T14:25:09Z,E3,F21,Z,U,10,LCvvkifZW9
2022-11-07T14:25:09Z,E3,F22,Z,U,1,LCvvkifZW9
2022-11-07T14:29:20Z,E2,F6,R,S,0.1,kUi40eGW5p
2022-11-07T14:29:20Z,E2,F7,R,S,0.1,kUi40eGW5p
2022-11-07T14:29:20Z,E2,F11,Z,S,0.1,kUi40eGW5p
2022-11-07T14:29:20Z,E2,F12,Z,S,0.1,kUi40eGW5p
2022-11-07T14:29:20Z,E3,F15,R,S,5,kUi40eGW5p
2022-11-07T14:29:20Z,E3,F16,R,S,19,kUi40eGW5p
2022-11-07T14:29:20Z,E3,F19,Z,S,100,kUi40eGW5p
2022-11-07T14:29:20Z,E3,F20,Z,S,99,kUi40eGW5p
2022-11-07T14:34:36Z,E2,F8,R,U,2,FxNtxzne90
2022-11-07T14:34:36Z,E2,F9,R,U,2,FxNtxzne90
2022-11-07T14:34:36Z,E2,F13,Z,U,10,FxNtxzne90
2022-11-07T14:34:36Z,E2,F14,Z,U,2,FxNtxzne90
2022-11-07T14:34:36Z,E3,F17,R,U,10,FxNtxzne90
2022-11-07T14:34:36Z,E3,F18,R,U,1,FxNtxzne90
2022-11-07T14:34:36Z,E3,F21,Z,U,0,FxNtxzne90
2022-11-07T14:34:36Z,E3,F22,Z,U,1,FxNtxzne90
2022-11-07T14:37:08Z,E2,F8,R,U,10,KVZNshfaW4
2022-11-07T14:37:08Z,E2,F9,R,U,50,KVZNshfaW4
2022-11-07T14:37:08Z,E2,F13,Z,U,0,KVZNshfaW4
2022-11-07T14:37:08Z,E2,F14,Z,U,10,KVZNshfaW4
2022-11-07T14:37:08Z,E3,F17,R,U,0,KVZNshfaW4
2022-11-07T14:37:08Z,E3,F18,R,U,0,KVZNshfaW4
2022-11-07T14:37:08Z,E3,F21,Z,U,100,KVZNshfaW4
2022-11-07T14:37:08Z,E3,F22,Z,U,10,KVZNshfaW4
2022-11-07T15:09:43Z,E2,F6,R,S,500,sxx4Wvakx8
2022-11-07T15:09:43Z,E2,F7,R,S,200,sxx4Wvakx8
2022-11-07T15:09:43Z,E2,F11,Z,S,400,sxx4Wvakx8
2022-11-07T15:09:43Z,E2,F12,Z,S,300,sxx4Wvakx8
2022-11-07T15:09:43Z,E3,F15,R,S,50,sxx4Wvakx8
2022-11-07T15:09:43Z,E3,F16,R,S,15,sxx4Wvakx8
2022-11-07T15:09:43Z,E3,F19,Z,S,300,sxx4Wvakx8
2022-11-07T15:09:43Z,E3,F20,Z,S,50,sxx4Wvakx8
2022-11-07T15:11:35Z,E2,F8,R,U,2,AxwV56hpy5
2022-11-07T15:11:35Z,E2,F9,R,U,6,AxwV56hpy5
2022-11-07T15:11:35Z,E2,F13,Z,U,5,AxwV56hpy5
2022-11-07T15:11:35Z,E2,F14,Z,U,3,AxwV56hpy5
2022-11-07T15:11:35Z,E3,F17,R,U,0,AxwV56hpy5
2022-11-07T15:11:35Z,E3,F18,R,U,0.1,AxwV56hpy5
2022-11-07T15:11:35Z,E3,F21,Z,U,5,AxwV56hpy5
2022-11-07T15:11:35Z,E3,F22,Z,U,0.5,AxwV56hpy5
2022-11-07T15:13:36Z,E2,F6,R,S,500,tXUgcH4oov
2022-11-07T15:13:36Z,E2,F7,R,S,500,tXUgcH4oov
2022-11-07T15:13:36Z,E2,F11,Z,S,400,tXUgcH4oov
2022-11-07T15:13:36Z,E2,F12,Z,S,400,tXUgcH4oov
2022-11-07T15:13:36Z,E3,F15,R,S,0,tXUgcH4oov
2022-11-07T15:13:36Z,E3,F16,R,S,20,tXUgcH4oov
2022-11-07T15:13:36Z,E3,F19,Z,S,100,tXUgcH4oov
2022-11-07T15:13:36Z,E3,F20,Z,S,100,tXUgcH4oov
2022-11-07T15:17:23Z,E2,F8,R,U,2,PbrAibEQ1Q
2022-11-07T15:17:23Z,E2,F9,R,U,5,PbrAibEQ1Q
2022-11-07T15:17:23Z,E2,F13,Z,U,2,PbrAibEQ1Q
2022-11-07T15:17:23Z,E2,F14,Z,U,4,PbrAibEQ1Q
2022-11-07T15:17:23Z,E3,F17,R,U,5,PbrAibEQ1Q
2022-11-07T15:17:23Z,E3,F18,R,U,5,PbrAibEQ1Q
2022-11-07T15:17:23Z,E3,F21,Z,U,50,PbrAibEQ1Q
2022-11-07T15:17:23Z,E3,F22,Z,U,10,PbrAibEQ1Q
2022-11-07T15:27:01Z,E2,F8,R,U,3,HTO7wg1A5u
2022-11-07T15:27:01Z,E2,F9,R,U,3,HTO7wg1A5u
2022-11-07T15:27:01Z,E2,F13,Z,U,10,HTO7wg1A5u
2022-11-07T15:27:01Z,E2,F14,Z,U,3,HTO7wg1A5u
2022-11-07T15:27:01Z,E3,F17,R,U,5,HTO7wg1A5u
2022-11-07T15:27:01Z,E3,F18,R,U,6,HTO7wg1A5u
2022-11-07T15:27:01Z,E3,F21,Z,U,5,HTO7wg1A5u
2022-11-07T15:27:01Z,E3,F22,Z,U,7,HTO7wg1A5u
2022-11-07T15:33:21Z,E2,F8,R,U,1,MTY1aNR9HG
2022-11-07T15:33:21Z,E2,F9,R,U,0.5,MTY1aNR9HG
2022-11-07T15:33:21Z,E2,F13,Z,U,5,MTY1aNR9HG
2022-11-07T15:33:21Z,E2,F14,Z,U,0,MTY1aNR9HG
2022-11-07T15:33:21Z,E3,F17,R,U,5,MTY1aNR9HG
2022-11-07T15:33:21Z,E3,F18,R,U,0,MTY1aNR9HG
2022-11-07T15:33:21Z,E3,F21,Z,U,5,MTY1aNR9HG
2022-11-07T15:33:21Z,E3,F22,Z,U,0,MTY1aNR9HG
2022-11-07T15:33:42Z,E2,F6,R,S,1,OrpOvAlFoo
2022-11-07T15:33:42Z,E2,F7,R,S,5,OrpOvAlFoo
2022-11-07T15:33:42Z,E2,F11,Z,S,10,OrpOvAlFoo
2022-11-07T15:33:42Z,E2,F12,Z,S,10,OrpOvAlFoo
2022-11-07T15:33:42Z,E3,F15,R,S,0,OrpOvAlFoo
2022-11-07T15:33:42Z,E3,F16,R,S,0,OrpOvAlFoo
2022-11-07T15:33:42Z,E3,F19,Z,S,100,OrpOvAlFoo
2022-11-07T15:33:42Z,E3,F20,Z,S,0,OrpOvAlFoo
2022-11-07T15:41:37Z,E2,F6,R,S,20,99PNu6mI7V
2022-11-07T15:41:37Z,E2,F7,R,S,20,99PNu6mI7V
2022-11-07T15:41:37Z,E2,F11,Z,S,50,99PNu6mI7V
2022-11-07T15:41:37Z,E2,F12,Z,S,20,99PNu6mI7V
2022-11-07T15:41:37Z,E3,F15,R,S,0,99PNu6mI7V
2022-11-07T15:41:37Z,E3,F16,R,S,0,99PNu6mI7V
2022-11-07T15:41:37Z,E3,F19,Z,S,30,99PNu6mI7V
2022-11-07T15:41:37Z,E3,F20,Z,S,30,99PNu6mI7V
2022-11-07T15:42:42Z,E2,F6,R,S,900,wTQE7hvSEK
2022-11-07T15:42:42Z,E2,F7,R,S,900,wTQE7hvSEK
2022-11-07T15:42:42Z,E2,F11,Z,S,300,wTQE7hvSEK
2022-11-07T15:42:42Z,E2,F12,Z,S,200,wTQE7hvSEK
2022-11-07T15:42:42Z,E3,F15,R,S,200,wTQE7hvSEK
2022-11-07T15:42:42Z,E3,F16,R,S,15,wTQE7hvSEK
2022-11-07T15:42:42Z,E3,F19,Z,S,200,wTQE7hvSEK
2022-11-07T15:42:42Z,E3,F20,Z,S,80,wTQE7hvSEK
2022-11-07T16:07:23Z,E2,F6,R,S,100,ZKeXDISu9t
2022-11-07T16:07:23Z,E2,F7,R,S,200,ZKeXDISu9t
2022-11-07T16:07:23Z,E2,F11,Z,S,50,ZKeXDISu9t
2022-11-07T16:07:23Z,E2,F12,Z,S,200,ZKeXDISu9t
2022-11-07T16:07:23Z,E3,F15,R,S,200,ZKeXDISu9t
2022-11-07T16:07:23Z,E3,F16,R,S,20,ZKeXDISu9t
2022-11-07T16:07:23Z,E3,F19,Z,S,1000,ZKeXDISu9t
2022-11-07T16:07:23Z,E3,F20,Z,S,50,ZKeXDISu9t
2022-11-07T16:09:45Z,E2,F6,R,S,200,2scA5Fx3zr
2022-11-07T16:09:45Z,E2,F7,R,S,50,2scA5Fx3zr
2022-11-07T16:09:45Z,E2,F11,Z,S,50,2scA5Fx3zr
2022-11-07T16:09:45Z,E2,F12,Z,S,20,2scA5Fx3zr
2022-11-07T16:09:45Z,E3,F15,R,S,100,2scA5Fx3zr
2022-11-07T16:09:45Z,E3,F16,R,S,20,2scA5Fx3zr
2022-11-07T16:09:45Z,E3,F19,Z,S,5000,2scA5Fx3zr
2022-11-07T16:09:45Z,E3,F20,Z,S,100,2scA5Fx3zr
2022-11-07T16:43:25Z,E2,F8,R,U,2,qclek5F2aU
2022-11-07T16:43:25Z,E2,F9,R,U,2,qclek5F2aU
2022-11-07T16:43:25Z,E2,F13,Z,U,1,qclek5F2aU
2022-11-07T16:43:25Z,E2,F14,Z,U,1,qclek5F2aU
2022-11-07T16:43:25Z,E3,F17,R,U,1,qclek5F2aU
2022-11-07T16:43:25Z,E3,F18,R,U,2,qclek5F2aU
2022-11-07T16:43:25Z,E3,F21,Z,U,10,qclek5F2aU
2022-11-07T16:43:25Z,E3,F22,Z,U,10,qclek5F2aU
2022-11-07T16:53:19Z,E2,F8,R,U,1,YNVVBgqSiu
2022-11-07T16:53:19Z,E2,F9,R,U,1,YNVVBgqSiu
2022-11-07T16:53:19Z,E2,F13,Z,U,1,YNVVBgqSiu
2022-11-07T16:53:19Z,E2,F14,Z,U,1,YNVVBgqSiu
2022-11-07T16:53:19Z,E3,F17,R,U,1,YNVVBgqSiu
2022-11-07T16:53:19Z,E3,F18,R,U,0,YNVVBgqSiu
2022-11-07T16:53:19Z,E3,F21,Z,U,0,YNVVBgqSiu
2022-11-07T16:53:19Z,E3,F22,Z,U,0,YNVVBgqSiu
2022-11-07T16:56:59Z,E2,F6,R,S,100,1I7cbrvW44
2022-11-07T16:56:59Z,E2,F7,R,S,100,1I7cbrvW44
2022-11-07T16:56:59Z,E2,F11,Z,S,50,1I7cbrvW44
2022-11-07T16:56:59Z,E2,F12,Z,S,50,1I7cbrvW44
2022-11-07T16:56:59Z,E3,F15,R,S,0,1I7cbrvW44
2022-11-07T16:56:59Z,E3,F16,R,S,5,1I7cbrvW44
2022-11-07T16:56:59Z,E3,F19,Z,S,0,1I7cbrvW44
2022-11-07T16:56:59Z,E3,F20,Z,S,95,1I7cbrvW44
2022-11-07T17:14:17Z,E2,F8,R,U,1,ULaQvgvoDf
2022-11-07T17:14:17Z,E2,F9,R,U,2,ULaQvgvoDf
2022-11-07T17:14:17Z,E2,F13,Z,U,5,ULaQvgvoDf
2022-11-07T17:14:17Z,E2,F14,Z,U,0,ULaQvgvoDf
2022-11-07T17:14:17Z,E3,F17,R,U,10,ULaQvgvoDf
2022-11-07T17:14:17Z,E3,F18,R,U,0.2,ULaQvgvoDf
2022-11-07T17:14:17Z,E3,F21,Z,U,20,ULaQvgvoDf
2022-11-07T17:14:17Z,E3,F22,Z,U,1,ULaQvgvoDf
2022-11-07T17:25:08Z,E2,F6,R,S,5,J8RVJ6mt8l
2022-11-07T17:25:08Z,E2,F7,R,S,5,J8RVJ6mt8l
2022-11-07T17:25:08Z,E2,F11,Z,S,100,J8RVJ6mt8l
2022-11-07T17:25:08Z,E2,F12,Z,S,24,J8RVJ6mt8l
2022-11-07T17:25:08Z,E3,F15,R,S,250,J8RVJ6mt8l
2022-11-07T17:25:08Z,E3,F16,R,S,5,J8RVJ6mt8l
2022-11-07T17:25:08Z,E3,F19,Z,S,300,J8RVJ6mt8l
2022-11-07T17:25:08Z,E3,F20,Z,S,20,J8RVJ6mt8l
2022-11-07T17:26:50Z,E2,F8,R,U,10,oVkRu8YtiT
2022-11-07T17:26:50Z,E2,F9,R,U,30,oVkRu8YtiT
2022-11-07T17:26:50Z,E2,F13,Z,U,15,oVkRu8YtiT
2022-11-07T17:26:50Z,E2,F14,Z,U,20,oVkRu8YtiT
2022-11-07T17:26:50Z,E3,F17,R,U,10,oVkRu8YtiT
2022-11-07T17:26:50Z,E3,F18,R,U,0,oVkRu8YtiT
2022-11-07T17:26:50Z,E3,F21,Z,U,40,oVkRu8YtiT
2022-11-07T17:26:50Z,E3,F22,Z,U,10,oVkRu8YtiT
2022-11-07T18:12:55Z,E2,F6,R,S,100,Bg0j30oUQp
2022-11-07T18:12:55Z,E2,F7,R,S,100,Bg0j30oUQp
2022-11-07T18:12:55Z,E2,F11,Z,S,50,Bg0j30oUQp
2022-11-07T18:12:55Z,E2,F12,Z,S,100,Bg0j30oUQp
2022-11-07T18:12:55Z,E3,F15,R,S,0,Bg0j30oUQp
2022-11-07T18:12:55Z,E3,F16,R,S,19,Bg0j30oUQp
2022-11-07T18:12:55Z,E3,F19,Z,S,0,Bg0j30oUQp
2022-11-07T18:12:55Z,E3,F20,Z,S,99,Bg0j30oUQp
2022-11-07T19:11:16Z,E2,F6,R,S,300,JhJ9p5wXZ0
2022-11-07T19:11:16Z,E2,F7,R,S,300,JhJ9p5wXZ0
2022-11-07T19:11:16Z,E2,F11,Z,S,150,JhJ9p5wXZ0
2022-11-07T19:11:16Z,E2,F12,Z,S,150,JhJ9p5wXZ0
2022-11-07T19:11:16Z,E3,F15,R,S,5,JhJ9p5wXZ0
2022-11-07T19:11:16Z,E3,F16,R,S,19,JhJ9p5wXZ0
2022-11-07T19:11:16Z,E3,F19,Z,S,0,JhJ9p5wXZ0
2022-11-07T19:11:16Z,E3,F20,Z,S,99,JhJ9p5wXZ0
2022-11-07T19:16:48Z,E2,F8,R,U,2,kvRPZJowT4
2022-11-07T19:16:48Z,E2,F9,R,U,2,kvRPZJowT4
2022-11-07T19:16:48Z,E2,F13,Z,U,2,kvRPZJowT4
2022-11-07T19:16:48Z,E2,F14,Z,U,5,kvRPZJowT4
2022-11-07T19:16:48Z,E3,F17,R,U,1,kvRPZJowT4
2022-11-07T19:16:48Z,E3,F18,R,U,20,kvRPZJowT4
2022-11-07T19:16:48Z,E3,F21,Z,U,0,kvRPZJowT4
2022-11-07T19:16:48Z,E3,F22,Z,U,2,kvRPZJowT4
2022-11-07T19:30:48Z,E2,F6,R,S,40,jOr8SHxnhg
2022-11-07T19:30:48Z,E2,F7,R,S,40,jOr8SHxnhg
2022-11-07T19:30:48Z,E2,F11,Z,S,100,jOr8SHxnhg
2022-11-07T19:30:48Z,E2,F12,Z,S,50,jOr8SHxnhg
2022-11-07T19:30:48Z,E3,F15,R,S,30,jOr8SHxnhg
2022-11-07T19:30:48Z,E3,F16,R,S,13,jOr8SHxnhg
2022-11-07T19:30:48Z,E3,F19,Z,S,100,jOr8SHxnhg
2022-11-07T19:30:48Z,E3,F20,Z,S,70,jOr8SHxnhg
2022-11-07T19:49:54Z,E2,F8,R,U,20,7ONaHvIx1O
2022-11-07T19:49:54Z,E2,F9,R,U,20,7ONaHvIx1O
2022-11-07T19:49:54Z,E2,F13,Z,U,10,7ONaHvIx1O
2022-11-07T19:49:54Z,E2,F14,Z,U,20,7ONaHvIx1O
2022-11-07T19:49:54Z,E3,F17,R,U,0,7ONaHvIx1O
2022-11-07T19:49:54Z,E3,F18,R,U,5,7ONaHvIx1O
2022-11-07T19:49:54Z,E3,F21,Z,U,0,7ONaHvIx1O
2022-11-07T19:49:54Z,E3,F22,Z,U,5,7ONaHvIx1O
2022-11-07T20:04:06Z,E2,F6,R,S,20,DWTi33ARNQ
2022-11-07T20:04:06Z,E2,F7,R,S,20,DWTi33ARNQ
2022-11-07T20:04:06Z,E2,F11,Z,S,10,DWTi33ARNQ
2022-11-07T20:04:06Z,E2,F12,Z,S,10,DWTi33ARNQ
2022-11-07T20:04:06Z,E3,F15,R,S,150,DWTi33ARNQ
2022-11-07T20:04:06Z,E3,F16,R,S,0,DWTi33ARNQ
2022-11-07T20:04:06Z,E3,F19,Z,S,20,DWTi33ARNQ
2022-11-07T20:04:06Z,E3,F20,Z,S,20,DWTi33ARNQ
2022-11-07T20:15:50Z,E2,F8,R,U,100,TJTL1slgAm
2022-11-07T20:15:50Z,E2,F9,R,U,50,TJTL1slgAm
2022-11-07T20:15:50Z,E2,F13,Z,U,10,TJTL1slgAm
2022-11-07T20:15:50Z,E2,F14,Z,U,10,TJTL1slgAm
2022-11-07T20:15:50Z,E3,F17,R,U,10,TJTL1slgAm
2022-11-07T20:15:50Z,E3,F18,R,U,0,TJTL1slgAm
2022-11-07T20:15:50Z,E3,F21,Z,U,100,TJTL1slgAm
2022-11-07T20:15:50Z,E3,F22,Z,U,10,TJTL1slgAm
2022-11-07T20:47:10Z,E2,F6,R,S,100,OP2Ks8ZJug
2022-11-07T20:47:10Z,E2,F7,R,S,100,OP2Ks8ZJug
2022-11-07T20:47:10Z,E2,F11,Z,S,50,OP2Ks8ZJug
2022-11-07T20:47:10Z,E2,F12,Z,S,50,OP2Ks8ZJug
2022-11-07T20:47:10Z,E3,F15,R,S,20,OP2Ks8ZJug
2022-11-07T20:47:10Z,E3,F16,R,S,5,OP2Ks8ZJug
2022-11-07T20:47:10Z,E3,F19,Z,S,200,OP2Ks8ZJug
2022-11-07T20:47:10Z,E3,F20,Z,S,50,OP2Ks8ZJug
2022-11-07T21:20:47Z,E2,F6,R,S,200,bT53fzf8sM
2022-11-07T21:20:47Z,E2,F7,R,S,200,bT53fzf8sM
2022-11-07T21:20:47Z,E2,F11,Z,S,400,bT53fzf8sM
2022-11-07T21:20:47Z,E2,F12,Z,S,400,bT53fzf8sM
2022-11-07T21:20:47Z,E3,F15,R,S,5,bT53fzf8sM
2022-11-07T21:20:47Z,E3,F16,R,S,15,bT53fzf8sM
2022-11-07T21:20:47Z,E3,F19,Z,S,500,bT53fzf8sM
2022-11-07T21:20:47Z,E3,F20,Z,S,90,bT53fzf8sM
2022-11-07T21:51:25Z,E2,F8,R,U,10,JvsuWU2AAs
2022-11-07T21:51:25Z,E2,F9,R,U,10,JvsuWU2AAs
2022-11-07T21:51:25Z,E2,F13,Z,U,30,JvsuWU2AAs
2022-11-07T21:51:25Z,E2,F14,Z,U,1,JvsuWU2AAs
2022-11-07T21:51:25Z,E3,F17,R,U,50,JvsuWU2AAs
2022-11-07T21:51:25Z,E3,F18,R,U,5,JvsuWU2AAs
2022-11-07T21:51:25Z,E3,F21,Z,U,50,JvsuWU2AAs
2022-11-07T21:51:25Z,E3,F22,Z,U,50,JvsuWU2AAs
2022-11-07T21:56:55Z,E2,F8,R,U,10,cBrevs5Uho
2022-11-07T21:56:55Z,E2,F9,R,U,50,cBrevs5Uho
2022-11-07T21:56:55Z,E2,F13,Z,U,20,cBrevs5Uho
2022-11-07T21:56:55Z,E2,F14,Z,U,20,cBrevs5Uho
2022-11-07T21:56:55Z,E3,F17,R,U,0,cBrevs5Uho
2022-11-07T21:56:55Z,E3,F18,R,U,0,cBrevs5Uho
2022-11-07T21:56:55Z,E3,F21,Z,U,25,cBrevs5Uho
2022-11-07T21:56:55Z,E3,F22,Z,U,0,cBrevs5Uho
2022-11-07T23:08:30Z,E2,F8,R,U,5,zGy7sEbqfM
2022-11-07T23:08:30Z,E2,F9,R,U,5,zGy7sEbqfM
2022-11-07T23:08:30Z,E2,F13,Z,U,10,zGy7sEbqfM
2022-11-07T23:08:30Z,E2,F14,Z,U,2,zGy7sEbqfM
2022-11-07T23:08:30Z,E3,F17,R,U,5,zGy7sEbqfM
2022-11-07T23:08:30Z,E3,F18,R,U,0,zGy7sEbqfM
2022-11-07T23:08:30Z,E3,F21,Z,U,50,zGy7sEbqfM
2022-11-07T23:08:30Z,E3,F22,Z,U,5,zGy7sEbqfM
2022-11-08T02:36:36Z,E2,F6,R,S,10,rG4TqyqyoP
2022-11-08T02:36:36Z,E2,F7,R,S,10,rG4TqyqyoP
2022-11-08T02:36:36Z,E2,F11,Z,S,1,rG4TqyqyoP
2022-11-08T02:36:36Z,E2,F12,Z,S,1,rG4TqyqyoP
2022-11-08T02:36:36Z,E3,F15,R,S,1,rG4TqyqyoP
2022-11-08T02:36:36Z,E3,F16,R,S,0,rG4TqyqyoP
2022-11-08T02:36:36Z,E3,F19,Z,S,0,rG4TqyqyoP
2022-11-08T02:36:36Z,E3,F20,Z,S,0,rG4TqyqyoP
2022-11-08T06:12:19Z,E2,F8,R,U,10,FWpHKxuebh
2022-11-08T06:12:19Z,E2,F9,R,U,10,FWpHKxuebh
2022-11-08T06:12:19Z,E2,F13,Z,U,5,FWpHKxuebh
2022-11-08T06:12:19Z,E2,F14,Z,U,5,FWpHKxuebh
2022-11-08T06:12:19Z,E3,F17,R,U,0,FWpHKxuebh
2022-11-08T06:12:19Z,E3,F18,R,U,0,FWpHKxuebh
2022-11-08T06:12:19Z,E3,F21,Z,U,0,FWpHKxuebh
2022-11-08T06:12:19Z,E3,F22,Z,U,0,FWpHKxuebh
2022-11-08T08:16:20Z,E2,F6,R,S,50,MstfFwshOy
2022-11-08T08:16:20Z,E2,F7,R,S,20,MstfFwshOy
2022-11-08T08:16:20Z,E2,F11,Z,S,10,MstfFwshOy
2022-11-08T08:16:20Z,E2,F12,Z,S,10,MstfFwshOy
2022-11-08T08:16:20Z,E3,F15,R,S,20,MstfFwshOy
2022-11-08T08:16:20Z,E3,F16,R,S,10,MstfFwshOy
2022-11-08T08:16:20Z,E3,F19,Z,S,5,MstfFwshOy
2022-11-08T08:16:20Z,E3,F20,Z,S,40,MstfFwshOy
2022-11-08T11:11:27Z,E2,F8,R,U,5,jFMbMtqv8V
2022-11-08T11:11:27Z,E2,F9,R,U,0,jFMbMtqv8V
2022-11-08T11:11:27Z,E2,F13,Z,U,0,jFMbMtqv8V
2022-11-08T11:11:27Z,E2,F14,Z,U,0,jFMbMtqv8V
2022-11-08T11:11:27Z,E3,F17,R,U,0,jFMbMtqv8V
2022-11-08T11:11:27Z,E3,F18,R,U,2,jFMbMtqv8V
2022-11-08T11:11:27Z,E3,F21,Z,U,0,jFMbMtqv8V
2022-11-08T11:11:27Z,E3,F22,Z,U,2,jFMbMtqv8V
2022-11-08T11:53:49Z,E2,F6,R,S,100,qNSmX3JU4T
2022-11-08T11:53:49Z,E2,F7,R,S,1,qNSmX3JU4T
2022-11-08T11:53:49Z,E2,F11,Z,S,50,qNSmX3JU4T
2022-11-08T11:53:49Z,E2,F12,Z,S,100,qNSmX3JU4T
2022-11-08T11:53:49Z,E3,F15,R,S,1,qNSmX3JU4T
2022-11-08T11:53:49Z,E3,F16,R,S,1,qNSmX3JU4T
2022-11-08T11:53:49Z,E3,F19,Z,S,1000,qNSmX3JU4T
2022-11-08T11:53:49Z,E3,F20,Z,S,1000,qNSmX3JU4T
2022-11-08T12:50:32Z,E2,F8,R,U,3,JgGwvQhI3B
2022-11-08T12:50:32Z,E2,F9,R,U,5,JgGwvQhI3B
2022-11-08T12:50:32Z,E2,F13,Z,U,2,JgGwvQhI3B
2022-11-08T12:50:32Z,E2,F14,Z,U,0,JgGwvQhI3B
2022-11-08T12:50:32Z,E3,F17,R,U,10,JgGwvQhI3B
2022-11-08T12:50:32Z,E3,F18,R,U,0,JgGwvQhI3B
2022-11-08T12:50:32Z,E3,F21,Z,U,0,JgGwvQhI3B
2022-11-08T12:50:32Z,E3,F22,Z,U,5,JgGwvQhI3B
2022-11-08T13:55:27Z,E2,F6,R,S,350,Jwsl8159fG
2022-11-08T13:55:27Z,E2,F7,R,S,350,Jwsl8159fG
2022-11-08T13:55:27Z,E2,F11,Z,S,200,Jwsl8159fG
2022-11-08T13:55:27Z,E2,F12,Z,S,100,Jwsl8159fG
2022-11-08T13:55:27Z,E3,F15,R,S,0,Jwsl8159fG
2022-11-08T13:55:27Z,E3,F16,R,S,19,Jwsl8159fG
2022-11-08T13:55:27Z,E3,F19,Z,S,300,Jwsl8159fG
2022-11-08T13:55:27Z,E3,F20,Z,S,99,Jwsl8159fG
2022-11-08T16:23:19Z,E2,F6,R,S,20,Z9RVMWbxAL
2022-11-08T16:23:19Z,E2,F7,R,S,25,Z9RVMWbxAL
2022-11-08T16:23:19Z,E2,F11,Z,S,20,Z9RVMWbxAL
2022-11-08T16:23:19Z,E2,F12,Z,S,20,Z9RVMWbxAL
2022-11-08T16:23:19Z,E3,F15,R,S,30,Z9RVMWbxAL
2022-11-08T16:23:19Z,E3,F16,R,S,10,Z9RVMWbxAL
2022-11-08T16:23:19Z,E3,F19,Z,S,30,Z9RVMWbxAL
2022-11-08T16:23:19Z,E3,F20,Z,S,50,Z9RVMWbxAL
2022-11-08T21:51:06Z,E2,F8,R,U,1,yXw2YQsVD4
2022-11-08T21:51:06Z,E2,F9,R,U,1,yXw2YQsVD4
2022-11-08T21:51:06Z,E2,F13,Z,U,50,yXw2YQsVD4
2022-11-08T21:51:06Z,E2,F14,Z,U,5,yXw2YQsVD4
2022-11-08T21:51:06Z,E3,F17,R,U,1,yXw2YQsVD4
2022-11-08T21:51:06Z,E3,F18,R,U,1,yXw2YQsVD4
2022-11-08T21:51:06Z,E3,F21,Z,U,100,yXw2YQsVD4
2022-11-08T21:51:06Z,E3,F22,Z,U,1,yXw2YQsVD4
2022-11-08T23:48:12Z,E2,F6,R,S,950,IpVPcVoAro
2022-11-08T23:48:12Z,E2,F7,R,S,950,IpVPcVoAro
2022-11-08T23:48:12Z,E2,F11,Z,S,150,IpVPcVoAro
2022-11-08T23:48:12Z,E2,F12,Z,S,200,IpVPcVoAro
2022-11-08T23:48:12Z,E3,F15,R,S,0,IpVPcVoAro
2022-11-08T23:48:12Z,E3,F16,R,S,19,IpVPcVoAro
2022-11-08T23:48:12Z,E3,F19,Z,S,0,IpVPcVoAro
2022-11-08T23:48:12Z,E3,F20,Z,S,99,IpVPcVoAro
2022-11-09T15:17:31Z,E2,F6,R,S,500,ygoAiC7xcF
2022-11-09T15:17:31Z,E2,F7,R,S,500,ygoAiC7xcF
2022-11-09T15:17:31Z,E2,F11,Z,S,200,ygoAiC7xcF
2022-11-09T15:17:31Z,E2,F12,Z,S,400,ygoAiC7xcF
2022-11-09T15:17:31Z,E3,F15,R,S,5,ygoAiC7xcF
2022-11-09T15:17:31Z,E3,F16,R,S,15,ygoAiC7xcF
2022-11-09T15:17:31Z,E3,F19,Z,S,1000,ygoAiC7xcF
2022-11-09T15:17:31Z,E3,F20,Z,S,40,ygoAiC7xcF
2022-11-09T16:19:15Z,E2,F8,R,U,5,wJ88B4R0Ku
2022-11-09T16:19:15Z,E2,F9,R,U,0,wJ88B4R0Ku
2022-11-09T16:19:15Z,E2,F13,Z,U,10,wJ88B4R0Ku
2022-11-09T16:19:15Z,E2,F14,Z,U,10,wJ88B4R0Ku
2022-11-09T16:19:15Z,E3,F17,R,U,5,wJ88B4R0Ku
2022-11-09T16:19:15Z,E3,F18,R,U,2,wJ88B4R0Ku
2022-11-09T16:19:15Z,E3,F21,Z,U,50,wJ88B4R0Ku
2022-11-09T16:19:15Z,E3,F22,Z,U,10,wJ88B4R0Ku
2022-11-09T20:38:52Z,E2,F8,R,U,0,edNztIDzdt
2022-11-09T20:38:52Z,E2,F9,R,U,0,edNztIDzdt
2022-11-09T20:38:52Z,E2,F13,Z,U,0,edNztIDzdt
2022-11-09T20:38:52Z,E2,F14,Z,U,0,edNztIDzdt
2022-11-09T20:38:52Z,E3,F17,R,U,0,edNztIDzdt
2022-11-09T20:38:52Z,E3,F18,R,U,0,edNztIDzdt
2022-11-09T20:38:52Z,E3,F21,Z,U,0,edNztIDzdt
2022-11-09T20:38:52Z,E3,F22,Z,U,0,edNztIDzdt
2022-11-10T08:30:33Z,E2,F8,R,U,1,ipyxdgEzbA
2022-11-10T08:30:33Z,E2,F9,R,U,0,ipyxdgEzbA
2022-11-10T08:30:33Z,E2,F13,Z,U,1,ipyxdgEzbA
2022-11-10T08:30:33Z,E2,F14,Z,U,5,ipyxdgEzbA
2022-11-10T08:30:33Z,E3,F17,R,U,100,ipyxdgEzbA
2022-11-10T08:30:33Z,E3,F18,R,U,0,ipyxdgEzbA
2022-11-10T08:30:33Z,E3,F21,Z,U,0,ipyxdgEzbA
2022-11-10T08:30:33Z,E3,F22,Z,U,0,ipyxdgEzbA
2022-11-10T08:56:55Z,E2,F6,R,S,100,rv6JtcPwB2
2022-11-10T08:56:55Z,E2,F7,R,S,100,rv6JtcPwB2
2022-11-10T08:56:55Z,E2,F11,Z,S,50,rv6JtcPwB2
2022-11-10T08:56:55Z,E2,F12,Z,S,400,rv6JtcPwB2
2022-11-10T08:56:55Z,E3,F15,R,S,0,rv6JtcPwB2
2022-11-10T08:56:55Z,E3,F16,R,S,20,rv6JtcPwB2
2022-11-10T08:56:55Z,E3,F19,Z,S,100,rv6JtcPwB2
2022-11-10T08:56:55Z,E3,F20,Z,S,100,rv6JtcPwB2
2022-11-10T09:05:12Z,E2,F8,R,U,10,8Br6YUsq1o
2022-11-10T09:05:12Z,E2,F9,R,U,10,8Br6YUsq1o
2022-11-10T09:05:12Z,E2,F13,Z,U,10,8Br6YUsq1o
2022-11-10T09:05:12Z,E2,F14,Z,U,10,8Br6YUsq1o
2022-11-10T09:05:12Z,E3,F17,R,U,0,8Br6YUsq1o
2022-11-10T09:05:12Z,E3,F18,R,U,0,8Br6YUsq1o
2022-11-10T09:05:12Z,E3,F21,Z,U,50,8Br6YUsq1o
2022-11-10T09:05:12Z,E3,F22,Z,U,0,8Br6YUsq1o
2022-11-10T10:03:25Z,E2,F6,R,S,20,evVQ9TsLtx
2022-11-10T10:03:25Z,E2,F7,R,S,30,evVQ9TsLtx
2022-11-10T10:03:25Z,E2,F11,Z,S,10,evVQ9TsLtx
2022-11-10T10:03:25Z,E2,F12,Z,S,10,evVQ9TsLtx
2022-11-10T10:03:25Z,E3,F15,R,S,10,evVQ9TsLtx
2022-11-10T10:03:25Z,E3,F16,R,S,5,evVQ9TsLtx
2022-11-10T10:03:25Z,E3,F19,Z,S,200,evVQ9TsLtx
2022-11-10T10:03:25Z,E3,F20,Z,S,10,evVQ9TsLtx
2022-11-10T10:33:16Z,E2,F8,R,U,10,vHzVFSNSc9
2022-11-10T10:33:16Z,E2,F9,R,U,10,vHzVFSNSc9
2022-11-10T10:33:16Z,E2,F13,Z,U,10,vHzVFSNSc9
2022-11-10T10:33:16Z,E2,F14,Z,U,5,vHzVFSNSc9
2022-11-10T10:33:16Z,E3,F17,R,U,0,vHzVFSNSc9
2022-11-10T10:33:16Z,E3,F18,R,U,0,vHzVFSNSc9
2022-11-10T10:33:16Z,E3,F21,Z,U,0,vHzVFSNSc9
2022-11-10T10:33:16Z,E3,F22,Z,U,0,vHzVFSNSc9
2022-11-10T10:55:35Z,E2,F6,R,S,2,GoHCqN9T1g
2022-11-10T10:55:35Z,E2,F7,R,S,2,GoHCqN9T1g
2022-11-10T10:55:35Z,E2,F11,Z,S,2,GoHCqN9T1g
2022-11-10T10:55:35Z,E2,F12,Z,S,2,GoHCqN9T1g
2022-11-10T10:55:35Z,E3,F15,R,S,0,GoHCqN9T1g
2022-11-10T10:55:35Z,E3,F16,R,S,0,GoHCqN9T1g
2022-11-10T10:55:35Z,E3,F19,Z,S,0,GoHCqN9T1g
2022-11-10T10:55:35Z,E3,F20,Z,S,0,GoHCqN9T1g
2022-11-10T11:39:37Z,E2,F6,R,S,1,g4EfYhCFbl
2022-11-10T11:39:37Z,E2,F7,R,S,1,g4EfYhCFbl
2022-11-10T11:39:37Z,E2,F11,Z,S,1,g4EfYhCFbl
2022-11-10T11:39:37Z,E2,F12,Z,S,1,g4EfYhCFbl
2022-11-10T11:39:37Z,E3,F15,R,S,10,g4EfYhCFbl
2022-11-10T11:39:37Z,E3,F16,R,S,20,g4EfYhCFbl
2022-11-10T11:39:37Z,E3,F19,Z,S,5,g4EfYhCFbl
2022-11-10T11:39:37Z,E3,F20,Z,S,5,g4EfYhCFbl
2022-11-10T18:37:38Z,E2,F8,R,U,10,rhbBYtANeA
2022-11-10T18:37:38Z,E2,F9,R,U,10,rhbBYtANeA
2022-11-10T18:37:38Z,E2,F13,Z,U,20,rhbBYtANeA
2022-11-10T18:37:38Z,E2,F14,Z,U,20,rhbBYtANeA
2022-11-10T18:37:38Z,E3,F17,R,U,10,rhbBYtANeA
2022-11-10T18:37:38Z,E3,F18,R,U,2,rhbBYtANeA
2022-11-10T18:37:38Z,E3,F21,Z,U,1500,rhbBYtANeA
2022-11-10T18:37:38Z,E3,F22,Z,U,10,rhbBYtANeA
2022-11-10T18:45:45Z,E2,F8,R,U,1,VTygx7cWTV
2022-11-10T18:45:45Z,E2,F9,R,U,2,VTygx7cWTV
2022-11-10T18:45:45Z,E2,F13,Z,U,4,VTygx7cWTV
2022-11-10T18:45:45Z,E2,F14,Z,U,5,VTygx7cWTV
2022-11-10T18:45:45Z,E3,F17,R,U,100,VTygx7cWTV
2022-11-10T18:45:45Z,E3,F18,R,U,100,VTygx7cWTV
2022-11-10T18:45:45Z,E3,F21,Z,U,200,VTygx7cWTV
2022-11-10T18:45:45Z,E3,F22,Z,U,100,VTygx7cWTV
2022-11-10T19:53:46Z,E2,F6,R,S,600,RDAdAaetwq
2022-11-10T19:53:46Z,E2,F7,R,S,950,RDAdAaetwq
2022-11-10T19:53:46Z,E2,F11,Z,S,400,RDAdAaetwq
2022-11-10T19:53:46Z,E2,F12,Z,S,460,RDAdAaetwq
2022-11-10T19:53:46Z,E3,F15,R,S,50,RDAdAaetwq
2022-11-10T19:53:46Z,E3,F16,R,S,19.8,RDAdAaetwq
2022-11-10T19:53:46Z,E3,F19,Z,S,200,RDAdAaetwq
2022-11-10T19:53:46Z,E3,F20,Z,S,95,RDAdAaetwq
2022-11-10T20:33:24Z,E2,F8,R,U,0,9fG5ioya2L
2022-11-10T20:33:24Z,E2,F9,R,U,2,9fG5ioya2L
2022-11-10T20:33:24Z,E2,F13,Z,U,2,9fG5ioya2L
2022-11-10T20:33:24Z,E2,F14,Z,U,2,9fG5ioya2L
2022-11-10T20:33:24Z,E3,F17,R,U,2,9fG5ioya2L
2022-11-10T20:33:24Z,E3,F18,R,U,0,9fG5ioya2L
2022-11-10T20:33:24Z,E3,F21,Z,U,1023,9fG5ioya2L
2022-11-10T20:33:24Z,E3,F22,Z,U,2,9fG5ioya2L
2022-11-10T21:14:41Z,E2,F8,R,U,0,AZFFsucN9I
2022-11-10T21:14:41Z,E2,F9,R,U,0,AZFFsucN9I
2022-11-10T21:14:41Z,E2,F13,Z,U,0,AZFFsucN9I
2022-11-10T21:14:41Z,E2,F14,Z,U,0,AZFFsucN9I
2022-11-10T21:14:41Z,E3,F17,R,U,1,AZFFsucN9I
2022-11-10T21:14:41Z,E3,F18,R,U,0,AZFFsucN9I
2022-11-10T21:14:41Z,E3,F21,Z,U,1,AZFFsucN9I
2022-11-10T21:14:41Z,E3,F22,Z,U,0,AZFFsucN9I
2022-11-10T21:51:30Z,E2,F6,R,S,10,IFhTRp9DKy
2022-11-10T21:51:30Z,E2,F7,R,S,5,IFhTRp9DKy
2022-11-10T21:51:30Z,E2,F11,Z,S,10,IFhTRp9DKy
2022-11-10T21:51:30Z,E2,F12,Z,S,20,IFhTRp9DKy
2022-11-10T21:51:30Z,E3,F15,R,S,0,IFhTRp9DKy
2022-11-10T21:51:30Z,E3,F16,R,S,0,IFhTRp9DKy
2022-11-10T21:51:30Z,E3,F19,Z,S,200,IFhTRp9DKy
2022-11-10T21:51:30Z,E3,F20,Z,S,0,IFhTRp9DKy
2022-11-10T21:54:10Z,E2,F6,R,S,500,On2oendvNk
2022-11-10T21:54:10Z,E2,F7,R,S,990,On2oendvNk
2022-11-10T21:54:10Z,E2,F11,Z,S,50,On2oendvNk
2022-11-10T21:54:10Z,E2,F12,Z,S,450,On2oendvNk
2022-11-10T21:54:10Z,E3,F15,R,S,0,On2oendvNk
2022-11-10T21:54:10Z,E3,F16,R,S,19,On2oendvNk
2022-11-10T21:54:10Z,E3,F19,Z,S,200,On2oendvNk
2022-11-10T21:54:10Z,E3,F20,Z,S,99,On2oendvNk
2022-11-10T21:59:00Z,E2,F8,R,U,0,AixKUttZbp
2022-11-10T21:59:00Z,E2,F9,R,U,0,AixKUttZbp
2022-11-10T21:59:00Z,E2,F13,Z,U,1,AixKUttZbp
2022-11-10T21:59:00Z,E2,F14,Z,U,0,AixKUttZbp
2022-11-10T21:59:00Z,E3,F17,R,U,0,AixKUttZbp
2022-11-10T21:59:00Z,E3,F18,R,U,10,AixKUttZbp
2022-11-10T21:59:00Z,E3,F21,Z,U,100,AixKUttZbp
2022-11-10T21:59:00Z,E3,F22,Z,U,12,AixKUttZbp
2022-11-10T21:59:43Z,E2,F8,R,U,5,eSfQQwTGXA
2022-11-10T21:59:43Z,E2,F9,R,U,10,eSfQQwTGXA
2022-11-10T21:59:43Z,E2,F13,Z,U,5,eSfQQwTGXA
2022-11-10T21:59:43Z,E2,F14,Z,U,5,eSfQQwTGXA
2022-11-10T21:59:43Z,E3,F17,R,U,50,eSfQQwTGXA
2022-11-10T21:59:43Z,E3,F18,R,U,0,eSfQQwTGXA
2022-11-10T21:59:43Z,E3,F21,Z,U,5,eSfQQwTGXA
2022-11-10T21:59:43Z,E3,F22,Z,U,5,eSfQQwTGXA
2022-11-10T22:00:31Z,E2,F8,R,U,1,tSDG3kSROp
2022-11-10T22:00:31Z,E2,F9,R,U,10,tSDG3kSROp
2022-11-10T22:00:31Z,E2,F13,Z,U,10,tSDG3kSROp
2022-11-10T22:00:31Z,E2,F14,Z,U,100,tSDG3kSROp
2022-11-10T22:00:31Z,E3,F17,R,U,10,tSDG3kSROp
2022-11-10T22:00:31Z,E3,F18,R,U,20,tSDG3kSROp
2022-11-10T22:00:31Z,E3,F21,Z,U,10,tSDG3kSROp
2022-11-10T22:00:31Z,E3,F22,Z,U,100,tSDG3kSROp
2022-11-10T22:02:10Z,E2,F6,R,S,10,ppNuNh14Mt
2022-11-10T22:02:10Z,E2,F7,R,S,10,ppNuNh14Mt
2022-11-10T22:02:10Z,E2,F11,Z,S,0,ppNuNh14Mt
2022-11-10T22:02:10Z,E2,F12,Z,S,10,ppNuNh14Mt
2022-11-10T22:02:10Z,E3,F15,R,S,10,ppNuNh14Mt
2022-11-10T22:02:10Z,E3,F16,R,S,20,ppNuNh14Mt
2022-11-10T22:02:10Z,E3,F19,Z,S,100,ppNuNh14Mt
2022-11-10T22:02:10Z,E3,F20,Z,S,100,ppNuNh14Mt
2022-11-10T22:05:10Z,E2,F6,R,S,1,o2OCHIuAku
2022-11-10T22:05:10Z,E2,F7,R,S,1,o2OCHIuAku
2022-11-10T22:05:10Z,E2,F11,Z,S,1,o2OCHIuAku
2022-11-10T22:05:10Z,E2,F12,Z,S,1,o2OCHIuAku
2022-11-10T22:05:10Z,E3,F15,R,S,1,o2OCHIuAku
2022-11-10T22:05:10Z,E3,F16,R,S,1,o2OCHIuAku
2022-11-10T22:05:10Z,E3,F19,Z,S,10000,o2OCHIuAku
2022-11-10T22:05:10Z,E3,F20,Z,S,1,o2OCHIuAku
2022-11-10T22:17:27Z,E2,F8,R,U,10,Zw0ZgdoQF3
2022-11-10T22:17:27Z,E2,F9,R,U,10,Zw0ZgdoQF3
2022-11-10T22:17:27Z,E2,F13,Z,U,10,Zw0ZgdoQF3
2022-11-10T22:17:27Z,E2,F14,Z,U,10,Zw0ZgdoQF3
2022-11-10T22:17:27Z,E3,F17,R,U,10,Zw0ZgdoQF3
2022-11-10T22:17:27Z,E3,F18,R,U,1,Zw0ZgdoQF3
2022-11-10T22:17:27Z,E3,F21,Z,U,10,Zw0ZgdoQF3
2022-11-10T22:17:27Z,E3,F22,Z,U,20,Zw0ZgdoQF3
2022-11-10T22:30:29Z,E2,F6,R,S,60,28u4P8RwBq
2022-11-10T22:30:29Z,E2,F7,R,S,60,28u4P8RwBq
2022-11-10T22:30:29Z,E2,F11,Z,S,60,28u4P8RwBq
2022-11-10T22:30:29Z,E2,F12,Z,S,60,28u4P8RwBq
2022-11-10T22:30:29Z,E3,F15,R,S,0,28u4P8RwBq
2022-11-10T22:30:29Z,E3,F16,R,S,2,28u4P8RwBq
2022-11-10T22:30:29Z,E3,F19,Z,S,0,28u4P8RwBq
2022-11-10T22:30:29Z,E3,F20,Z,S,2,28u4P8RwBq
2022-11-10T22:35:39Z,E2,F8,R,U,100,eUYgoGysEc
2022-11-10T22:35:39Z,E2,F9,R,U,200,eUYgoGysEc
2022-11-10T22:35:39Z,E2,F13,Z,U,5,eUYgoGysEc
2022-11-10T22:35:39Z,E2,F14,Z,U,100,eUYgoGysEc
2022-11-10T22:35:39Z,E3,F17,R,U,1000,eUYgoGysEc
2022-11-10T22:35:39Z,E3,F18,R,U,1000,eUYgoGysEc
2022-11-10T22:35:39Z,E3,F21,Z,U,1000,eUYgoGysEc
2022-11-10T22:35:39Z,E3,F22,Z,U,100,eUYgoGysEc
2022-11-10T22:42:27Z,E2,F8,R,U,999,F9jDFwqXye
2022-11-10T22:42:27Z,E2,F9,R,U,999,F9jDFwqXye
2022-11-10T22:42:27Z,E2,F13,Z,U,1,F9jDFwqXye
2022-11-10T22:42:27Z,E2,F14,Z,U,25,F9jDFwqXye
2022-11-10T22:42:27Z,E3,F17,R,U,0,F9jDFwqXye
2022-11-10T22:42:27Z,E3,F18,R,U,0,F9jDFwqXye
2022-11-10T22:42:27Z,E3,F21,Z,U,0,F9jDFwqXye
2022-11-10T22:42:27Z,E3,F22,Z,U,0,F9jDFwqXye
2022-11-10T22:49:25Z,E2,F8,R,U,10,J0MCLDcrpK
2022-11-10T22:49:25Z,E2,F9,R,U,10,J0MCLDcrpK
2022-11-10T22:49:25Z,E2,F13,Z,U,20,J0MCLDcrpK
2022-11-10T22:49:25Z,E2,F14,Z,U,20,J0MCLDcrpK
2022-11-10T22:49:25Z,E3,F17,R,U,0,J0MCLDcrpK
2022-11-10T22:49:25Z,E3,F18,R,U,0,J0MCLDcrpK
2022-11-10T22:49:25Z,E3,F21,Z,U,10,J0MCLDcrpK
2022-11-10T22:49:25Z,E3,F22,Z,U,10,J0MCLDcrpK
2022-11-10T22:52:10Z,E2,F6,R,S,100,Jy38lZ38nc
2022-11-10T22:52:10Z,E2,F7,R,S,100,Jy38lZ38nc
2022-11-10T22:52:10Z,E2,F11,Z,S,100,Jy38lZ38nc
2022-11-10T22:52:10Z,E2,F12,Z,S,50,Jy38lZ38nc
2022-11-10T22:52:10Z,E3,F15,R,S,30,Jy38lZ38nc
2022-11-10T22:52:10Z,E3,F16,R,S,20,Jy38lZ38nc
2022-11-10T22:52:10Z,E3,F19,Z,S,50,Jy38lZ38nc
2022-11-10T22:52:10Z,E3,F20,Z,S,100,Jy38lZ38nc
2022-11-10T22:57:31Z,E2,F8,R,U,10,qKzC8xjVLQ
2022-11-10T22:57:31Z,E2,F9,R,U,50,qKzC8xjVLQ
2022-11-10T22:57:31Z,E2,F13,Z,U,10,qKzC8xjVLQ
2022-11-10T22:57:31Z,E2,F14,Z,U,50,qKzC8xjVLQ
2022-11-10T22:57:31Z,E3,F17,R,U,50,qKzC8xjVLQ
2022-11-10T22:57:31Z,E3,F18,R,U,0,qKzC8xjVLQ
2022-11-10T22:57:31Z,E3,F21,Z,U,100,qKzC8xjVLQ
2022-11-10T22:57:31Z,E3,F22,Z,U,10,qKzC8xjVLQ
2022-11-10T23:02:04Z,E2,F8,R,U,5,euNag1r3fd
2022-11-10T23:02:04Z,E2,F9,R,U,5,euNag1r3fd
2022-11-10T23:02:04Z,E2,F13,Z,U,50,euNag1r3fd
2022-11-10T23:02:04Z,E2,F14,Z,U,5,euNag1r3fd
2022-11-10T23:02:04Z,E3,F17,R,U,10,euNag1r3fd
2022-11-10T23:02:04Z,E3,F18,R,U,0,euNag1r3fd
2022-11-10T23:02:04Z,E3,F21,Z,U,30,euNag1r3fd
2022-11-10T23:02:04Z,E3,F22,Z,U,0,euNag1r3fd
2022-11-10T23:04:35Z,E2,F8,R,U,1,zMd5zGhzht
2022-11-10T23:04:35Z,E2,F9,R,U,1,zMd5zGhzht
2022-11-10T23:04:35Z,E2,F13,Z,U,1,zMd5zGhzht
2022-11-10T23:04:35Z,E2,F14,Z,U,1,zMd5zGhzht
2022-11-10T23:04:35Z,E3,F17,R,U,1,zMd5zGhzht
2022-11-10T23:04:35Z,E3,F18,R,U,0,zMd5zGhzht
2022-11-10T23:04:35Z,E3,F21,Z,U,10,zMd5zGhzht
2022-11-10T23:04:35Z,E3,F22,Z,U,1,zMd5zGhzht
2022-11-10T23:04:39Z,E2,F8,R,U,10,UiRPUQA9Y8
2022-11-10T23:04:39Z,E2,F9,R,U,10,UiRPUQA9Y8
2022-11-10T23:04:39Z,E2,F13,Z,U,10,UiRPUQA9Y8
2022-11-10T23:04:39Z,E2,F14,Z,U,10,UiRPUQA9Y8
2022-11-10T23:04:39Z,E3,F17,R,U,0,UiRPUQA9Y8
2022-11-10T23:04:39Z,E3,F18,R,U,0,UiRPUQA9Y8
2022-11-10T23:04:39Z,E3,F21,Z,U,0,UiRPUQA9Y8
2022-11-10T23:04:39Z,E3,F22,Z,U,0,UiRPUQA9Y8
2022-11-10T23:05:08Z,E2,F6,R,S,0,hoy50kNMte
2022-11-10T23:05:08Z,E2,F7,R,S,1,hoy50kNMte
2022-11-10T23:05:08Z,E2,F11,Z,S,0,hoy50kNMte
2022-11-10T23:05:08Z,E2,F12,Z,S,1,hoy50kNMte
2022-11-10T23:05:08Z,E3,F15,R,S,1,hoy50kNMte
2022-11-10T23:05:08Z,E3,F16,R,S,0,hoy50kNMte
2022-11-10T23:05:08Z,E3,F19,Z,S,1,hoy50kNMte
2022-11-10T23:05:08Z,E3,F20,Z,S,99,hoy50kNMte
2022-11-10T23:15:28Z,E2,F6,R,S,900,3b6umZo4yb
2022-11-10T23:15:28Z,E2,F7,R,S,900,3b6umZo4yb
2022-11-10T23:15:28Z,E2,F11,Z,S,450,3b6umZo4yb
2022-11-10T23:15:28Z,E2,F12,Z,S,450,3b6umZo4yb
2022-11-10T23:15:28Z,E3,F15,R,S,50,3b6umZo4yb
2022-11-10T23:15:28Z,E3,F16,R,S,15,3b6umZo4yb
2022-11-10T23:15:28Z,E3,F19,Z,S,800,3b6umZo4yb
2022-11-10T23:15:28Z,E3,F20,Z,S,90,3b6umZo4yb
2022-11-10T23:19:36Z,E2,F6,R,S,80,z1k2nR0FR3
2022-11-10T23:19:36Z,E2,F7,R,S,50,z1k2nR0FR3
2022-11-10T23:19:36Z,E2,F11,Z,S,30,z1k2nR0FR3
2022-11-10T23:19:36Z,E2,F12,Z,S,50,z1k2nR0FR3
2022-11-10T23:19:36Z,E3,F15,R,S,100,z1k2nR0FR3
2022-11-10T23:19:36Z,E3,F16,R,S,5,z1k2nR0FR3
2022-11-10T23:19:36Z,E3,F19,Z,S,100,z1k2nR0FR3
2022-11-10T23:19:36Z,E3,F20,Z,S,50,z1k2nR0FR3
2022-11-10T23:36:00Z,E2,F6,R,S,10,tlGRS4Lv7J
2022-11-10T23:36:00Z,E2,F7,R,S,100,tlGRS4Lv7J
2022-11-10T23:36:00Z,E2,F11,Z,S,20,tlGRS4Lv7J
2022-11-10T23:36:00Z,E2,F12,Z,S,50,tlGRS4Lv7J
2022-11-10T23:36:00Z,E3,F15,R,S,0,tlGRS4Lv7J
2022-11-10T23:36:00Z,E3,F16,R,S,0,tlGRS4Lv7J
2022-11-10T23:36:00Z,E3,F19,Z,S,100,tlGRS4Lv7J
2022-11-10T23:36:00Z,E3,F20,Z,S,60,tlGRS4Lv7J
2022-11-10T23:38:21Z,E2,F8,R,U,5,XJ7OwK1Y11
2022-11-10T23:38:21Z,E2,F9,R,U,5,XJ7OwK1Y11
2022-11-10T23:38:21Z,E2,F13,Z,U,5,XJ7OwK1Y11
2022-11-10T23:38:21Z,E2,F14,Z,U,0,XJ7OwK1Y11
2022-11-10T23:38:21Z,E3,F17,R,U,5,XJ7OwK1Y11
2022-11-10T23:38:21Z,E3,F18,R,U,5,XJ7OwK1Y11
2022-11-10T23:38:21Z,E3,F21,Z,U,0,XJ7OwK1Y11
2022-11-10T23:38:21Z,E3,F22,Z,U,5,XJ7OwK1Y11
2022-11-11T02:37:26Z,E2,F8,R,U,0,MjvK4caLCg
2022-11-11T02:37:26Z,E2,F9,R,U,0,MjvK4caLCg
2022-11-11T02:37:26Z,E2,F13,Z,U,0,MjvK4caLCg
2022-11-11T02:37:26Z,E2,F14,Z,U,0,MjvK4caLCg
2022-11-11T02:37:26Z,E3,F17,R,U,0,MjvK4caLCg
2022-11-11T02:37:26Z,E3,F18,R,U,0,MjvK4caLCg
2022-11-11T02:37:26Z,E3,F21,Z,U,0,MjvK4caLCg
2022-11-11T02:37:26Z,E3,F22,Z,U,0,MjvK4caLCg
2022-11-11T06:36:18Z,E2,F6,R,S,1,hmozN0idHl
2022-11-11T06:36:18Z,E2,F7,R,S,1,hmozN0idHl
2022-11-11T06:36:18Z,E2,F11,Z,S,1,hmozN0idHl
2022-11-11T06:36:18Z,E2,F12,Z,S,1,hmozN0idHl
2022-11-11T06:36:18Z,E3,F15,R,S,50,hmozN0idHl
2022-11-11T06:36:18Z,E3,F16,R,S,20,hmozN0idHl
2022-11-11T06:36:18Z,E3,F19,Z,S,50,hmozN0idHl
2022-11-11T06:36:18Z,E3,F20,Z,S,100,hmozN0idHl
2022-11-11T06:38:11Z,E2,F8,R,U,1,jWEjJD8AVP
2022-11-11T06:38:11Z,E2,F9,R,U,1,jWEjJD8AVP
2022-11-11T06:38:11Z,E2,F13,Z,U,1,jWEjJD8AVP
2022-11-11T06:38:11Z,E2,F14,Z,U,1,jWEjJD8AVP
2022-11-11T06:38:11Z,E3,F17,R,U,1,jWEjJD8AVP
2022-11-11T06:38:11Z,E3,F18,R,U,0,jWEjJD8AVP
2022-11-11T06:38:11Z,E3,F21,Z,U,0,jWEjJD8AVP
2022-11-11T06:38:11Z,E3,F22,Z,U,0,jWEjJD8AVP
2022-11-11T06:47:58Z,E2,F8,R,U,20,XNHrMTCxUg
2022-11-11T06:47:58Z,E2,F9,R,U,30,XNHrMTCxUg
2022-11-11T06:47:58Z,E2,F13,Z,U,50,XNHrMTCxUg
2022-11-11T06:47:58Z,E2,F14,Z,U,40,XNHrMTCxUg
2022-11-11T06:47:58Z,E3,F17,R,U,80,XNHrMTCxUg
2022-11-11T06:47:58Z,E3,F18,R,U,40,XNHrMTCxUg
2022-11-11T06:47:58Z,E3,F21,Z,U,60,XNHrMTCxUg
2022-11-11T06:47:58Z,E3,F22,Z,U,70,XNHrMTCxUg
2022-11-11T06:54:48Z,E2,F6,R,S,300,T2NZXA3TZM
2022-11-11T06:54:48Z,E2,F7,R,S,300,T2NZXA3TZM
2022-11-11T06:54:48Z,E2,F11,Z,S,80,T2NZXA3TZM
2022-11-11T06:54:48Z,E2,F12,Z,S,60,T2NZXA3TZM
2022-11-11T06:54:48Z,E3,F15,R,S,0,T2NZXA3TZM
2022-11-11T06:54:48Z,E3,F16,R,S,0,T2NZXA3TZM
2022-11-11T06:54:48Z,E3,F19,Z,S,200,T2NZXA3TZM
2022-11-11T06:54:48Z,E3,F20,Z,S,200,T2NZXA3TZM
2022-11-11T07:02:37Z,E2,F6,R,S,10,Fn4y7SiWh8
2022-11-11T07:02:37Z,E2,F7,R,S,10,Fn4y7SiWh8
2022-11-11T07:02:37Z,E2,F11,Z,S,10,Fn4y7SiWh8
2022-11-11T07:02:37Z,E2,F12,Z,S,10,Fn4y7SiWh8
2022-11-11T07:02:37Z,E3,F15,R,S,1000,Fn4y7SiWh8
2022-11-11T07:02:37Z,E3,F16,R,S,0,Fn4y7SiWh8
2022-11-11T07:02:37Z,E3,F19,Z,S,0,Fn4y7SiWh8
2022-11-11T07:02:37Z,E3,F20,Z,S,15,Fn4y7SiWh8
2022-11-11T07:03:24Z,E2,F6,R,S,100,UHUH3YhjWp
2022-11-11T07:03:24Z,E2,F7,R,S,500,UHUH3YhjWp
2022-11-11T07:03:24Z,E2,F11,Z,S,100,UHUH3YhjWp
2022-11-11T07:03:24Z,E2,F12,Z,S,100,UHUH3YhjWp
2022-11-11T07:03:24Z,E3,F15,R,S,20,UHUH3YhjWp
2022-11-11T07:03:24Z,E3,F16,R,S,0,UHUH3YhjWp
2022-11-11T07:03:24Z,E3,F19,Z,S,2000,UHUH3YhjWp
2022-11-11T07:03:24Z,E3,F20,Z,S,20,UHUH3YhjWp
2022-11-11T07:06:48Z,E2,F8,R,U,1,OPiRE4S52r
2022-11-11T07:06:48Z,E2,F9,R,U,1,OPiRE4S52r
2022-11-11T07:06:48Z,E2,F13,Z,U,1,OPiRE4S52r
2022-11-11T07:06:48Z,E2,F14,Z,U,2,OPiRE4S52r
2022-11-11T07:06:48Z,E3,F17,R,U,0,OPiRE4S52r
2022-11-11T07:06:48Z,E3,F18,R,U,0,OPiRE4S52r
2022-11-11T07:06:48Z,E3,F21,Z,U,0,OPiRE4S52r
2022-11-11T07:06:48Z,E3,F22,Z,U,1,OPiRE4S52r
2022-11-11T07:26:14Z,E2,F8,R,U,10,DZzvQ6j9Bb
2022-11-11T07:26:14Z,E2,F9,R,U,10,DZzvQ6j9Bb
2022-11-11T07:26:14Z,E2,F13,Z,U,10,DZzvQ6j9Bb
2022-11-11T07:26:14Z,E2,F14,Z,U,10,DZzvQ6j9Bb
2022-11-11T07:26:14Z,E3,F17,R,U,30,DZzvQ6j9Bb
2022-11-11T07:26:14Z,E3,F18,R,U,50,DZzvQ6j9Bb
2022-11-11T07:26:14Z,E3,F21,Z,U,30,DZzvQ6j9Bb
2022-11-11T07:26:14Z,E3,F22,Z,U,50,DZzvQ6j9Bb
2022-11-11T09:21:08Z,E2,F6,R,S,10,hH8zWa7V57
2022-11-11T09:21:08Z,E2,F7,R,S,10,hH8zWa7V57
2022-11-11T09:21:08Z,E2,F11,Z,S,10,hH8zWa7V57
2022-11-11T09:21:08Z,E2,F12,Z,S,10,hH8zWa7V57
2022-11-11T09:21:08Z,E3,F15,R,S,50,hH8zWa7V57
2022-11-11T09:21:08Z,E3,F16,R,S,10,hH8zWa7V57
2022-11-11T09:21:08Z,E3,F19,Z,S,5000,hH8zWa7V57
2022-11-11T09:21:08Z,E3,F20,Z,S,0.5,hH8zWa7V57
2022-11-11T09:51:56Z,E2,F6,R,S,100,z7Gsk3nbkO
2022-11-11T09:51:56Z,E2,F7,R,S,100,z7Gsk3nbkO
2022-11-11T09:51:56Z,E2,F11,Z,S,60,z7Gsk3nbkO
2022-11-11T09:51:56Z,E2,F12,Z,S,30,z7Gsk3nbkO
2022-11-11T09:51:56Z,E3,F15,R,S,5,z7Gsk3nbkO
2022-11-11T09:51:56Z,E3,F16,R,S,20,z7Gsk3nbkO
2022-11-11T09:51:56Z,E3,F19,Z,S,5,z7Gsk3nbkO
2022-11-11T09:51:56Z,E3,F20,Z,S,50,z7Gsk3nbkO
2022-11-11T10:38:05Z,E2,F8,R,U,2,ejzKKOLvdz
2022-11-11T10:38:05Z,E2,F9,R,U,5,ejzKKOLvdz
2022-11-11T10:38:05Z,E2,F13,Z,U,15,ejzKKOLvdz
2022-11-11T10:38:05Z,E2,F14,Z,U,1,ejzKKOLvdz
2022-11-11T10:38:05Z,E3,F17,R,U,1,ejzKKOLvdz
2022-11-11T10:38:05Z,E3,F18,R,U,1,ejzKKOLvdz
2022-11-11T10:38:05Z,E3,F21,Z,U,0,ejzKKOLvdz
2022-11-11T10:38:05Z,E3,F22,Z,U,2,ejzKKOLvdz
2022-11-11T15:41:47Z,E2,F8,R,U,10,u6dz7KWCRd
2022-11-11T15:41:47Z,E2,F9,R,U,0,u6dz7KWCRd
2022-11-11T15:41:47Z,E2,F13,Z,U,0,u6dz7KWCRd
2022-11-11T15:41:47Z,E2,F14,Z,U,10,u6dz7KWCRd
2022-11-11T15:41:47Z,E3,F17,R,U,100,u6dz7KWCRd
2022-11-11T15:41:47Z,E3,F18,R,U,2,u6dz7KWCRd
2022-11-11T15:41:47Z,E3,F21,Z,U,1000,u6dz7KWCRd
2022-11-11T15:41:47Z,E3,F22,Z,U,0,u6dz7KWCRd
2022-11-11T18:31:11Z,E2,F6,R,S,10,MA5CSC2LVg
2022-11-11T18:31:11Z,E2,F7,R,S,10,MA5CSC2LVg
2022-11-11T18:31:11Z,E2,F11,Z,S,10,MA5CSC2LVg
2022-11-11T18:31:11Z,E2,F12,Z,S,10,MA5CSC2LVg
2022-11-11T18:31:11Z,E3,F15,R,S,10,MA5CSC2LVg
2022-11-11T18:31:11Z,E3,F16,R,S,10,MA5CSC2LVg
2022-11-11T18:31:11Z,E3,F19,Z,S,500,MA5CSC2LVg
2022-11-11T18:31:11Z,E3,F20,Z,S,50,MA5CSC2LVg
2022-11-11T19:49:29Z,E2,F8,R,U,5,CgA2pVCCzg
2022-11-11T19:49:29Z,E2,F9,R,U,1,CgA2pVCCzg
2022-11-11T19:49:29Z,E2,F13,Z,U,10,CgA2pVCCzg
2022-11-11T19:49:29Z,E2,F14,Z,U,1,CgA2pVCCzg
2022-11-11T19:49:29Z,E3,F17,R,U,10,CgA2pVCCzg
2022-11-11T19:49:29Z,E3,F18,R,U,0,CgA2pVCCzg
2022-11-11T19:49:29Z,E3,F21,Z,U,50,CgA2pVCCzg
2022-11-11T19:49:29Z,E3,F22,Z,U,10,CgA2pVCCzg
2022-11-12T08:48:21Z,E2,F6,R,S,200,iMqfSaCMZn
2022-11-12T08:48:21Z,E2,F7,R,S,200,iMqfSaCMZn
2022-11-12T08:48:21Z,E2,F11,Z,S,300,iMqfSaCMZn
2022-11-12T08:48:21Z,E2,F12,Z,S,100,iMqfSaCMZn
2022-11-12T08:48:21Z,E3,F15,R,S,0,iMqfSaCMZn
2022-11-12T08:48:21Z,E3,F16,R,S,15,iMqfSaCMZn
2022-11-12T08:48:21Z,E3,F19,Z,S,100,iMqfSaCMZn
2022-11-12T08:48:21Z,E3,F20,Z,S,90,iMqfSaCMZn
2022-11-12T13:35:29Z,E2,F6,R,S,100,aTvleHdj1K
2022-11-12T13:35:29Z,E2,F7,R,S,10,aTvleHdj1K
2022-11-12T13:35:29Z,E2,F11,Z,S,50,aTvleHdj1K
2022-11-12T13:35:29Z,E2,F12,Z,S,50,aTvleHdj1K
2022-11-12T13:35:29Z,E3,F15,R,S,0,aTvleHdj1K
2022-11-12T13:35:29Z,E3,F16,R,S,0,aTvleHdj1K
2022-11-12T13:35:29Z,E3,F19,Z,S,20,aTvleHdj1K
2022-11-12T13:35:29Z,E3,F20,Z,S,50,aTvleHdj1K
2022-11-12T13:39:24Z,E2,F6,R,S,10,2qIigsUSed
2022-11-12T13:39:24Z,E2,F7,R,S,50,2qIigsUSed
2022-11-12T13:39:24Z,E2,F11,Z,S,10,2qIigsUSed
2022-11-12T13:39:24Z,E2,F12,Z,S,50,2qIigsUSed
2022-11-12T13:39:24Z,E3,F15,R,S,10,2qIigsUSed
2022-11-12T13:39:24Z,E3,F16,R,S,0,2qIigsUSed
2022-11-12T13:39:24Z,E3,F19,Z,S,100,2qIigsUSed
2022-11-12T13:39:24Z,E3,F20,Z,S,0,2qIigsUSed
2022-11-12T13:39:30Z,E2,F8,R,U,5,u82JQWXmY4
2022-11-12T13:39:30Z,E2,F9,R,U,20,u82JQWXmY4
2022-11-12T13:39:30Z,E2,F13,Z,U,5,u82JQWXmY4
2022-11-12T13:39:30Z,E2,F14,Z,U,5,u82JQWXmY4
2022-11-12T13:39:30Z,E3,F17,R,U,1,u82JQWXmY4
2022-11-12T13:39:30Z,E3,F18,R,U,1,u82JQWXmY4
2022-11-12T13:39:30Z,E3,F21,Z,U,0,u82JQWXmY4
2022-11-12T13:39:30Z,E3,F22,Z,U,1,u82JQWXmY4
2022-11-12T13:41:04Z,E2,F6,R,S,10,G5qSIz141J
2022-11-12T13:41:04Z,E2,F7,R,S,200,G5qSIz141J
2022-11-12T13:41:04Z,E2,F11,Z,S,100,G5qSIz141J
2022-11-12T13:41:04Z,E2,F12,Z,S,10,G5qSIz141J
2022-11-12T13:41:04Z,E3,F15,R,S,20,G5qSIz141J
2022-11-12T13:41:04Z,E3,F16,R,S,10,G5qSIz141J
2022-11-12T13:41:04Z,E3,F19,Z,S,1000,G5qSIz141J
2022-11-12T13:41:04Z,E3,F20,Z,S,10,G5qSIz141J
2022-11-12T13:45:48Z,E2,F8,R,U,0,TSeEFVBW5P
2022-11-12T13:45:48Z,E2,F9,R,U,1,TSeEFVBW5P
2022-11-12T13:45:48Z,E2,F13,Z,U,0,TSeEFVBW5P
2022-11-12T13:45:48Z,E2,F14,Z,U,0,TSeEFVBW5P
2022-11-12T13:45:48Z,E3,F17,R,U,0,TSeEFVBW5P
2022-11-12T13:45:48Z,E3,F18,R,U,0,TSeEFVBW5P
2022-11-12T13:45:48Z,E3,F21,Z,U,1,TSeEFVBW5P
2022-11-12T13:45:48Z,E3,F22,Z,U,0,TSeEFVBW5P
2022-11-12T14:02:45Z,E2,F6,R,S,10,6yPKj2hHzn
2022-11-12T14:02:45Z,E2,F7,R,S,10,6yPKj2hHzn
2022-11-12T14:02:45Z,E2,F11,Z,S,5,6yPKj2hHzn
2022-11-12T14:02:45Z,E2,F12,Z,S,10,6yPKj2hHzn
2022-11-12T14:02:45Z,E3,F15,R,S,1,6yPKj2hHzn
2022-11-12T14:02:45Z,E3,F16,R,S,1,6yPKj2hHzn
2022-11-12T14:02:45Z,E3,F19,Z,S,1,6yPKj2hHzn
2022-11-12T14:02:45Z,E3,F20,Z,S,10,6yPKj2hHzn
2022-11-12T14:15:43Z,E2,F8,R,U,10,AeMhLNJb3H
2022-11-12T14:15:43Z,E2,F9,R,U,5,AeMhLNJb3H
2022-11-12T14:15:43Z,E2,F13,Z,U,1,AeMhLNJb3H
2022-11-12T14:15:43Z,E2,F14,Z,U,3,AeMhLNJb3H
2022-11-12T14:15:43Z,E3,F17,R,U,0,AeMhLNJb3H
2022-11-12T14:15:43Z,E3,F18,R,U,0,AeMhLNJb3H
2022-11-12T14:15:43Z,E3,F21,Z,U,0,AeMhLNJb3H
2022-11-12T14:15:43Z,E3,F22,Z,U,1,AeMhLNJb3H
2022-11-12T14:26:06Z,E2,F6,R,S,350,hRNM8hEz1b
2022-11-12T14:26:06Z,E2,F7,R,S,250,hRNM8hEz1b
2022-11-12T14:26:06Z,E2,F11,Z,S,100,hRNM8hEz1b
2022-11-12T14:26:06Z,E2,F12,Z,S,3,hRNM8hEz1b
2022-11-12T14:26:06Z,E3,F15,R,S,70,hRNM8hEz1b
2022-11-12T14:26:06Z,E3,F16,R,S,10,hRNM8hEz1b
2022-11-12T14:26:06Z,E3,F19,Z,S,2000,hRNM8hEz1b
2022-11-12T14:26:06Z,E3,F20,Z,S,80,hRNM8hEz1b
2022-11-12T14:27:31Z,E2,F6,R,S,100,Ow4Et6A1pX
2022-11-12T14:27:31Z,E2,F7,R,S,100,Ow4Et6A1pX
2022-11-12T14:27:31Z,E2,F11,Z,S,100,Ow4Et6A1pX
2022-11-12T14:27:31Z,E2,F12,Z,S,100,Ow4Et6A1pX
2022-11-12T14:27:31Z,E3,F15,R,S,0,Ow4Et6A1pX
2022-11-12T14:27:31Z,E3,F16,R,S,0,Ow4Et6A1pX
2022-11-12T14:27:31Z,E3,F19,Z,S,400,Ow4Et6A1pX
2022-11-12T14:27:31Z,E3,F20,Z,S,40,Ow4Et6A1pX
2022-11-12T14:33:16Z,E2,F8,R,U,5,E6i86oU7g5
2022-11-12T14:33:16Z,E2,F9,R,U,2,E6i86oU7g5
2022-11-12T14:33:16Z,E2,F13,Z,U,0,E6i86oU7g5
2022-11-12T14:33:16Z,E2,F14,Z,U,5,E6i86oU7g5
2022-11-12T14:33:16Z,E3,F17,R,U,0,E6i86oU7g5
2022-11-12T14:33:16Z,E3,F18,R,U,0,E6i86oU7g5
2022-11-12T14:33:16Z,E3,F21,Z,U,20,E6i86oU7g5
2022-11-12T14:33:16Z,E3,F22,Z,U,5,E6i86oU7g5
2022-11-12T14:48:58Z,E2,F8,R,U,0,9wz2uysJrb
2022-11-12T14:48:58Z,E2,F9,R,U,5,9wz2uysJrb
2022-11-12T14:48:58Z,E2,F13,Z,U,10,9wz2uysJrb
2022-11-12T14:48:58Z,E2,F14,Z,U,0,9wz2uysJrb
2022-11-12T14:48:58Z,E3,F17,R,U,0,9wz2uysJrb
2022-11-12T14:48:58Z,E3,F18,R,U,2,9wz2uysJrb
2022-11-12T14:48:58Z,E3,F21,Z,U,50,9wz2uysJrb
2022-11-12T14:48:58Z,E3,F22,Z,U,5,9wz2uysJrb
2022-11-12T14:52:41Z,E2,F6,R,S,10,ZqYjr2lDKp
2022-11-12T14:52:41Z,E2,F7,R,S,20,ZqYjr2lDKp
2022-11-12T14:52:41Z,E2,F11,Z,S,10,ZqYjr2lDKp
2022-11-12T14:52:41Z,E2,F12,Z,S,20,ZqYjr2lDKp
2022-11-12T14:52:41Z,E3,F15,R,S,10,ZqYjr2lDKp
2022-11-12T14:52:41Z,E3,F16,R,S,5,ZqYjr2lDKp
2022-11-12T14:52:41Z,E3,F19,Z,S,100,ZqYjr2lDKp
2022-11-12T14:52:41Z,E3,F20,Z,S,20,ZqYjr2lDKp
2022-11-12T16:20:49Z,E2,F8,R,U,1,w8OmphlI36
2022-11-12T16:20:49Z,E2,F9,R,U,1,w8OmphlI36
2022-11-12T16:20:49Z,E2,F13,Z,U,1,w8OmphlI36
2022-11-12T16:20:49Z,E2,F14,Z,U,1,w8OmphlI36
2022-11-12T16:20:49Z,E3,F17,R,U,2,w8OmphlI36
2022-11-12T16:20:49Z,E3,F18,R,U,0,w8OmphlI36
2022-11-12T16:20:49Z,E3,F21,Z,U,5,w8OmphlI36
2022-11-12T16:20:49Z,E3,F22,Z,U,2,w8OmphlI36
2022-11-12T16:24:45Z,E2,F8,R,U,10,2UMbbccFiK
2022-11-12T16:24:45Z,E2,F9,R,U,10,2UMbbccFiK
2022-11-12T16:24:45Z,E2,F13,Z,U,5,2UMbbccFiK
2022-11-12T16:24:45Z,E2,F14,Z,U,5,2UMbbccFiK
2022-11-12T16:24:45Z,E3,F17,R,U,0,2UMbbccFiK
2022-11-12T16:24:45Z,E3,F18,R,U,0.2,2UMbbccFiK
2022-11-12T16:24:45Z,E3,F21,Z,U,0,2UMbbccFiK
2022-11-12T16:24:45Z,E3,F22,Z,U,1,2UMbbccFiK
2022-11-12T18:10:11Z,E2,F6,R,S,300,ciSKHCmPqI
2022-11-12T18:10:11Z,E2,F7,R,S,0,ciSKHCmPqI
2022-11-12T18:10:11Z,E2,F11,Z,S,50,ciSKHCmPqI
2022-11-12T18:10:11Z,E2,F12,Z,S,100,ciSKHCmPqI
2022-11-12T18:10:11Z,E3,F15,R,S,50,ciSKHCmPqI
2022-11-12T18:10:11Z,E3,F16,R,S,10,ciSKHCmPqI
2022-11-12T18:10:11Z,E3,F19,Z,S,700,ciSKHCmPqI
2022-11-12T18:10:11Z,E3,F20,Z,S,80,ciSKHCmPqI
2022-11-13T21:00:10Z,E2,F8,R,U,20,GwEgb85Vk2
2022-11-13T21:00:10Z,E2,F9,R,U,20,GwEgb85Vk2
2022-11-13T21:00:10Z,E2,F13,Z,U,10,GwEgb85Vk2
2022-11-13T21:00:10Z,E2,F14,Z,U,10,GwEgb85Vk2
2022-11-13T21:00:10Z,E3,F17,R,U,5,GwEgb85Vk2
2022-11-13T21:00:10Z,E3,F18,R,U,5,GwEgb85Vk2
2022-11-13T21:00:10Z,E3,F21,Z,U,1000,GwEgb85Vk2
2022-11-13T21:00:10Z,E3,F22,Z,U,20,GwEgb85Vk2
2022-11-14T09:35:41Z,E2,F6,R,S,10,2eTzketZED
2022-11-14T09:35:41Z,E2,F7,R,S,10,2eTzketZED
2022-11-14T09:35:41Z,E2,F11,Z,S,0,2eTzketZED
2022-11-14T09:35:41Z,E2,F12,Z,S,10,2eTzketZED
2022-11-14T09:35:41Z,E3,F15,R,S,100,2eTzketZED
2022-11-14T09:35:41Z,E3,F16,R,S,5,2eTzketZED
2022-11-14T09:35:41Z,E3,F19,Z,S,500,2eTzketZED
2022-11-14T09:35:41Z,E3,F20,Z,S,100,2eTzketZED
2022-11-14T11:54:40Z,E2,F8,R,U,10,kCuHK9YjIg
2022-11-14T11:54:40Z,E2,F9,R,U,10,kCuHK9YjIg
2022-11-14T11:54:40Z,E2,F13,Z,U,10,kCuHK9YjIg
2022-11-14T11:54:40Z,E2,F14,Z,U,10,kCuHK9YjIg
2022-11-14T11:54:40Z,E3,F17,R,U,0,kCuHK9YjIg
2022-11-14T11:54:40Z,E3,F18,R,U,0,kCuHK9YjIg
2022-11-14T11:54:40Z,E3,F21,Z,U,100,kCuHK9YjIg
2022-11-14T11:54:40Z,E3,F22,Z,U,0,kCuHK9YjIg
2022-11-14T12:45:50Z,E2,F6,R,S,100,raFf2TZ0Ap
2022-11-14T12:45:50Z,E2,F7,R,S,500,raFf2TZ0Ap
2022-11-14T12:45:50Z,E2,F11,Z,S,20,raFf2TZ0Ap
2022-11-14T12:45:50Z,E2,F12,Z,S,40,raFf2TZ0Ap
2022-11-14T12:45:50Z,E3,F15,R,S,100,raFf2TZ0Ap
2022-11-14T12:45:50Z,E3,F16,R,S,19,raFf2TZ0Ap
2022-11-14T12:45:50Z,E3,F19,Z,S,250,raFf2TZ0Ap
2022-11-14T12:45:50Z,E3,F20,Z,S,99,raFf2TZ0Ap
2022-11-14T12:46:51Z,E2,F8,R,U,1,YsXVxUI5Vm
2022-11-14T12:46:51Z,E2,F9,R,U,5,YsXVxUI5Vm
2022-11-14T12:46:51Z,E2,F13,Z,U,3,YsXVxUI5Vm
2022-11-14T12:46:51Z,E2,F14,Z,U,5,YsXVxUI5Vm
2022-11-14T12:46:51Z,E3,F17,R,U,1,YsXVxUI5Vm
2022-11-14T12:46:51Z,E3,F18,R,U,2,YsXVxUI5Vm
2022-11-14T12:46:51Z,E3,F21,Z,U,0,YsXVxUI5Vm
2022-11-14T12:46:51Z,E3,F22,Z,U,5,YsXVxUI5Vm
2022-11-14T17:14:30Z,E2,F8,R,U,10,kxmUiueGEY
2022-11-14T17:14:30Z,E2,F9,R,U,10,kxmUiueGEY
2022-11-14T17:14:30Z,E2,F13,Z,U,5,kxmUiueGEY
2022-11-14T17:14:30Z,E2,F14,Z,U,10,kxmUiueGEY
2022-11-14T17:14:30Z,E3,F17,R,U,0,kxmUiueGEY
2022-11-14T17:14:30Z,E3,F18,R,U,2,kxmUiueGEY
2022-11-14T17:14:30Z,E3,F21,Z,U,20,kxmUiueGEY
2022-11-14T17:14:30Z,E3,F22,Z,U,5,kxmUiueGEY
2022-11-14T18:05:29Z,E2,F6,R,S,5,Frics6vkon
2022-11-14T18:05:29Z,E2,F7,R,S,5,Frics6vkon
2022-11-14T18:05:29Z,E2,F11,Z,S,5,Frics6vkon
2022-11-14T18:05:29Z,E2,F12,Z,S,10,Frics6vkon
2022-11-14T18:05:29Z,E3,F15,R,S,50,Frics6vkon
2022-11-14T18:05:29Z,E3,F16,R,S,20,Frics6vkon
2022-11-14T18:05:29Z,E3,F19,Z,S,1000,Frics6vkon
2022-11-14T18:05:29Z,E3,F20,Z,S,100,Frics6vkon
2022-11-14T19:08:50Z,E2,F8,R,U,0,os5rnB4B3W
2022-11-14T19:08:50Z,E2,F9,R,U,0,os5rnB4B3W
2022-11-14T19:08:50Z,E2,F13,Z,U,20,os5rnB4B3W
2022-11-14T19:08:50Z,E2,F14,Z,U,0,os5rnB4B3W
2022-11-14T19:08:50Z,E3,F17,R,U,0,os5rnB4B3W
2022-11-14T19:08:50Z,E3,F18,R,U,0,os5rnB4B3W
2022-11-14T19:08:50Z,E3,F21,Z,U,0,os5rnB4B3W
2022-11-14T19:08:50Z,E3,F22,Z,U,0,os5rnB4B3W
2022-11-14T21:08:39Z,E2,F8,R,U,0,kIst36Y7QT
2022-11-14T21:08:39Z,E2,F9,R,U,1,kIst36Y7QT
2022-11-14T21:08:39Z,E2,F13,Z,U,5,kIst36Y7QT
2022-11-14T21:08:39Z,E2,F14,Z,U,5,kIst36Y7QT
2022-11-14T21:08:39Z,E3,F17,R,U,0,kIst36Y7QT
2022-11-14T21:08:39Z,E3,F18,R,U,0,kIst36Y7QT
2022-11-14T21:08:39Z,E3,F21,Z,U,0,kIst36Y7QT
2022-11-14T21:08:39Z,E3,F22,Z,U,0,kIst36Y7QT
2022-11-14T21:10:01Z,E2,F6,R,S,1,iMqBYoSxIs
2022-11-14T21:10:01Z,E2,F7,R,S,1,iMqBYoSxIs
2022-11-14T21:10:01Z,E2,F11,Z,S,1,iMqBYoSxIs
2022-11-14T21:10:01Z,E2,F12,Z,S,1,iMqBYoSxIs
2022-11-14T21:10:01Z,E3,F15,R,S,1,iMqBYoSxIs
2022-11-14T21:10:01Z,E3,F16,R,S,1,iMqBYoSxIs
2022-11-14T21:10:01Z,E3,F19,Z,S,1,iMqBYoSxIs
2022-11-14T21:10:01Z,E3,F20,Z,S,1,iMqBYoSxIs
2022-11-14T21:16:02Z,E2,F6,R,S,9999,XBE7Y8jwuM
2022-11-14T21:16:02Z,E2,F7,R,S,300,XBE7Y8jwuM
2022-11-14T21:16:02Z,E2,F11,Z,S,1,XBE7Y8jwuM
2022-11-14T21:16:02Z,E2,F12,Z,S,1,XBE7Y8jwuM
2022-11-14T21:16:02Z,E3,F15,R,S,100,XBE7Y8jwuM
2022-11-14T21:16:02Z,E3,F16,R,S,1,XBE7Y8jwuM
2022-11-14T21:16:02Z,E3,F19,Z,S,10,XBE7Y8jwuM
2022-11-14T21:16:02Z,E3,F20,Z,S,10,XBE7Y8jwuM
2022-11-14T21:21:25Z,E2,F8,R,U,10,hy0HapxpOn
2022-11-14T21:21:25Z,E2,F9,R,U,5,hy0HapxpOn
2022-11-14T21:21:25Z,E2,F13,Z,U,5,hy0HapxpOn
2022-11-14T21:21:25Z,E2,F14,Z,U,3.5,hy0HapxpOn
2022-11-14T21:21:25Z,E3,F17,R,U,5,hy0HapxpOn
2022-11-14T21:21:25Z,E3,F18,R,U,0,hy0HapxpOn
2022-11-14T21:21:25Z,E3,F21,Z,U,10,hy0HapxpOn
2022-11-14T21:21:25Z,E3,F22,Z,U,5,hy0HapxpOn
2022-11-14T22:14:58Z,E2,F8,R,U,10,eIeCBgJYI0
2022-11-14T22:14:58Z,E2,F9,R,U,0,eIeCBgJYI0
2022-11-14T22:14:58Z,E2,F13,Z,U,10,eIeCBgJYI0
2022-11-14T22:14:58Z,E2,F14,Z,U,20,eIeCBgJYI0
2022-11-14T22:14:58Z,E3,F17,R,U,100,eIeCBgJYI0
2022-11-14T22:14:58Z,E3,F18,R,U,0,eIeCBgJYI0
2022-11-14T22:14:58Z,E3,F21,Z,U,50,eIeCBgJYI0
2022-11-14T22:14:58Z,E3,F22,Z,U,0,eIeCBgJYI0
2022-11-14T22:42:24Z,E2,F6,R,S,100,7h9zmhKbH4
2022-11-14T22:42:24Z,E2,F7,R,S,100,7h9zmhKbH4
2022-11-14T22:42:24Z,E2,F11,Z,S,100,7h9zmhKbH4
2022-11-14T22:42:24Z,E2,F12,Z,S,100,7h9zmhKbH4
2022-11-14T22:42:24Z,E3,F15,R,S,0,7h9zmhKbH4
2022-11-14T22:42:24Z,E3,F16,R,S,0,7h9zmhKbH4
2022-11-14T22:42:24Z,E3,F19,Z,S,0,7h9zmhKbH4
2022-11-14T22:42:24Z,E3,F20,Z,S,10,7h9zmhKbH4
2022-11-14T23:26:37Z,E2,F8,R,U,10,zbQGd52o8m
2022-11-14T23:26:37Z,E2,F9,R,U,1,zbQGd52o8m
2022-11-14T23:26:37Z,E2,F13,Z,U,5,zbQGd52o8m
2022-11-14T23:26:37Z,E2,F14,Z,U,5,zbQGd52o8m
2022-11-14T23:26:37Z,E3,F17,R,U,10,zbQGd52o8m
2022-11-14T23:26:37Z,E3,F18,R,U,0.1,zbQGd52o8m
2022-11-14T23:26:37Z,E3,F21,Z,U,1,zbQGd52o8m
2022-11-14T23:26:37Z,E3,F22,Z,U,1,zbQGd52o8m
2022-11-15T13:07:25Z,E2,F6,R,S,200,u7DjH9t2u5
2022-11-15T13:07:25Z,E2,F7,R,S,100,u7DjH9t2u5
2022-11-15T13:07:25Z,E2,F11,Z,S,50,u7DjH9t2u5
2022-11-15T13:07:25Z,E2,F12,Z,S,100,u7DjH9t2u5
2022-11-15T13:07:25Z,E3,F15,R,S,0,u7DjH9t2u5
2022-11-15T13:07:25Z,E3,F16,R,S,5,u7DjH9t2u5
2022-11-15T13:07:25Z,E3,F19,Z,S,260,u7DjH9t2u5
2022-11-15T13:07:25Z,E3,F20,Z,S,20,u7DjH9t2u5
2022-11-15T19:35:29Z,E2,F8,R,U,5,UO6gsxx5YA
2022-11-15T19:35:29Z,E2,F9,R,U,50,UO6gsxx5YA
2022-11-15T19:35:29Z,E2,F13,Z,U,5,UO6gsxx5YA
2022-11-15T19:35:29Z,E2,F14,Z,U,50,UO6gsxx5YA
2022-11-15T19:35:29Z,E3,F17,R,U,5,UO6gsxx5YA
2022-11-15T19:35:29Z,E3,F18,R,U,25,UO6gsxx5YA
2022-11-15T19:35:29Z,E3,F21,Z,U,100,UO6gsxx5YA
2022-11-15T19:35:29Z,E3,F22,Z,U,50,UO6gsxx5YA
2022-11-15T21:26:28Z,E2,F8,R,U,0,pqywUDpR1P
2022-11-15T21:26:28Z,E2,F9,R,U,0,pqywUDpR1P
2022-11-15T21:26:28Z,E2,F13,Z,U,0,pqywUDpR1P
2022-11-15T21:26:28Z,E2,F14,Z,U,0,pqywUDpR1P
2022-11-15T21:26:28Z,E3,F17,R,U,20,pqywUDpR1P
2022-11-15T21:26:28Z,E3,F18,R,U,0,pqywUDpR1P
2022-11-15T21:26:28Z,E3,F21,Z,U,50,pqywUDpR1P
2022-11-15T21:26:28Z,E3,F22,Z,U,0,pqywUDpR1P
2022-11-16T15:32:52Z,E2,F6,R,S,1,i7B0KKb6ev
2022-11-16T15:32:52Z,E2,F7,R,S,1,i7B0KKb6ev
2022-11-16T15:32:52Z,E2,F11,Z,S,1,i7B0KKb6ev
2022-11-16T15:32:52Z,E2,F12,Z,S,1,i7B0KKb6ev
2022-11-16T15:32:52Z,E3,F15,R,S,10,i7B0KKb6ev
2022-11-16T15:32:52Z,E3,F16,R,S,5,i7B0KKb6ev
2022-11-16T15:32:52Z,E3,F19,Z,S,0,i7B0KKb6ev
2022-11-16T15:32:52Z,E3,F20,Z,S,50,i7B0KKb6ev
