ID,pic_laptop,S,Color,Sat,guess_size,laptop_selection_1,laptop_selection_2,pref_size,mood_raw,arrousal,mood,laptop_attention_mean
0121e,Laptop_red_50.jpg,S2,LR,50,15,NA,NA,NA,NA,NA,NA,NA
0121e,Laptop_red_50.jpg,S2,LR,50,NA,5,5,17,NA,NA,NA,5
0121e,Laptop_red_50.jpg,S2,LR,50,NA,NA,NA,NA,G7,3,7,NA
0121e,Laptop_red_50.jpg,S2,LR,50,NA,NA,NA,NA,NA,NA,NA,NA
01d7f,Laptop_red_50.jpg,S2,LR,50,10,NA,NA,NA,NA,NA,NA,NA
01d7f,Laptop_red_50.jpg,S2,LR,50,NA,6,6,15,NA,NA,NA,6
01d7f,Laptop_red_50.jpg,S2,LR,50,NA,NA,NA,NA,B7,8,7,NA
01d7f,Laptop_red_50.jpg,S2,LR,50,NA,NA,NA,NA,NA,NA,NA,NA
02871,Laptop_green_100.jpg,S2,LG,100,13,NA,NA,NA,NA,NA,NA,NA
02871,Laptop_green_100.jpg,S2,LG,100,NA,3,2,17,NA,NA,NA,2.5
02871,Laptop_green_100.jpg,S2,LG,100,NA,NA,NA,NA,D8,6,8,NA
02871,Laptop_green_100.jpg,S2,LG,100,NA,NA,NA,NA,NA,NA,NA,NA
04650,Laptop_red_50.jpg,S2,LR,50,14,NA,NA,NA,NA,NA,NA,NA
04650,Laptop_red_50.jpg,S2,LR,50,NA,1,1,17,NA,NA,NA,1
04650,Laptop_red_50.jpg,S2,LR,50,NA,NA,NA,NA,G6,3,6,NA
04650,Laptop_red_50.jpg,S2,LR,50,NA,NA,NA,NA,NA,NA,NA,NA
04b1b,Laptop_red_100.jpg,S2,LR,100,12,NA,NA,NA,NA,NA,NA,NA
04b1b,Laptop_red_100.jpg,S2,LR,100,NA,3,4,17,NA,NA,NA,3.5
04b1b,Laptop_red_100.jpg,S2,LR,100,NA,NA,NA,NA,C7,7,7,NA
04b1b,Laptop_red_100.jpg,S2,LR,100,NA,NA,NA,NA,NA,NA,NA,NA
055eb,Laptop_green_50.jpg,S2,LG,50,12,NA,NA,NA,NA,NA,NA,NA
055eb,Laptop_green_50.jpg,S2,LG,50,NA,4,4,14,NA,NA,NA,4
055eb,Laptop_green_50.jpg,S2,LG,50,NA,NA,NA,NA,E3,5,3,NA
055eb,Laptop_green_50.jpg,S2,LG,50,NA,NA,NA,NA,NA,NA,NA,NA
070d7,Laptop_green_100.jpg,S2,LG,100,15,NA,NA,NA,NA,NA,NA,NA
070d7,Laptop_green_100.jpg,S2,LG,100,NA,1,1,17,NA,NA,NA,1
070d7,Laptop_green_100.jpg,S2,LG,100,NA,NA,NA,NA,E5,5,5,NA
070d7,Laptop_green_100.jpg,S2,LG,100,NA,NA,NA,NA,NA,NA,NA,NA
08169,Laptop_red_100.jpg,S2,LR,100,13,NA,NA,NA,NA,NA,NA,NA
08169,Laptop_red_100.jpg,S2,LR,100,NA,7,7,13,NA,NA,NA,7
08169,Laptop_red_100.jpg,S2,LR,100,NA,NA,NA,NA,H8,2,8,NA
08169,Laptop_red_100.jpg,S2,LR,100,NA,NA,NA,NA,NA,NA,NA,NA
082ef,Laptop_blue_50.jpg,S2,LB,50,15,NA,NA,NA,NA,NA,NA,NA
082ef,Laptop_blue_50.jpg,S2,LB,50,NA,5,6,15,NA,NA,NA,5.5
082ef,Laptop_blue_50.jpg,S2,LB,50,NA,NA,NA,NA,D7,6,7,NA
082ef,Laptop_blue_50.jpg,S2,LB,50,NA,NA,NA,NA,NA,NA,NA,NA
0b80b,Laptop_blue_100.jpg,S2,LB,100,13,NA,NA,NA,NA,NA,NA,NA
0b80b,Laptop_blue_100.jpg,S2,LB,100,NA,5,6,17,NA,NA,NA,5.5
0b80b,Laptop_blue_100.jpg,S2,LB,100,NA,NA,NA,NA,F8,4,8,NA
0b80b,Laptop_blue_100.jpg,S2,LB,100,NA,NA,NA,NA,NA,NA,NA,NA
0c71d,Laptop_green_100.jpg,S2,LG,100,14,NA,NA,NA,NA,NA,NA,NA
0c71d,Laptop_green_100.jpg,S2,LG,100,NA,1,1,19,NA,NA,NA,1
0c71d,Laptop_green_100.jpg,S2,LG,100,NA,NA,NA,NA,H2,2,2,NA
0c71d,Laptop_green_100.jpg,S2,LG,100,NA,NA,NA,NA,NA,NA,NA,NA
0d7c0,Laptop_green_50.jpg,S2,LG,50,16,NA,NA,NA,NA,NA,NA,NA
0d7c0,Laptop_green_50.jpg,S2,LG,50,NA,7,7,17,NA,NA,NA,7
0d7c0,Laptop_green_50.jpg,S2,LG,50,NA,NA,NA,NA,G6,3,6,NA
0d7c0,Laptop_green_50.jpg,S2,LG,50,NA,NA,NA,NA,NA,NA,NA,NA
10c8f,Laptop_green_100.jpg,S2,LG,100,16,NA,NA,NA,NA,NA,NA,NA
10c8f,Laptop_green_100.jpg,S2,LG,100,NA,5,6,15,NA,NA,NA,5.5
10c8f,Laptop_green_100.jpg,S2,LG,100,NA,NA,NA,NA,D3,6,3,NA
10c8f,Laptop_green_100.jpg,S2,LG,100,NA,NA,NA,NA,NA,NA,NA,NA
11755,Laptop_blue_50.jpg,S2,LB,50,13,NA,NA,NA,NA,NA,NA,NA
11755,Laptop_blue_50.jpg,S2,LB,50,NA,5,6,15,NA,NA,NA,5.5
11755,Laptop_blue_50.jpg,S2,LB,50,NA,NA,NA,NA,F7,4,7,NA
11755,Laptop_blue_50.jpg,S2,LB,50,NA,NA,NA,NA,NA,NA,NA,NA
127e8,Laptop_red_100.jpg,S2,LR,100,14,NA,NA,NA,NA,NA,NA,NA
127e8,Laptop_red_100.jpg,S2,LR,100,NA,3,2,20,NA,NA,NA,2.5
127e8,Laptop_red_100.jpg,S2,LR,100,NA,NA,NA,NA,E7,5,7,NA
127e8,Laptop_red_100.jpg,S2,LR,100,NA,NA,NA,NA,NA,NA,NA,NA
12edd,Laptop_green_100.jpg,S2,LG,100,15,NA,NA,NA,NA,NA,NA,NA
12edd,Laptop_green_100.jpg,S2,LG,100,NA,7,6,13,NA,NA,NA,6.5
12edd,Laptop_green_100.jpg,S2,LG,100,NA,NA,NA,NA,D6,6,6,NA
12edd,Laptop_green_100.jpg,S2,LG,100,NA,NA,NA,NA,NA,NA,NA,NA
130b3,Laptop_red_100.jpg,S2,LR,100,15,NA,NA,NA,NA,NA,NA,NA
130b3,Laptop_red_100.jpg,S2,LR,100,NA,7,7,17,NA,NA,NA,7
130b3,Laptop_red_100.jpg,S2,LR,100,NA,NA,NA,NA,G7,3,7,NA
130b3,Laptop_red_100.jpg,S2,LR,100,NA,NA,NA,NA,NA,NA,NA,NA
13544,Laptop_red_100.jpg,S2,LR,100,16,NA,NA,NA,NA,NA,NA,NA
13544,Laptop_red_100.jpg,S2,LR,100,NA,7,6,14,NA,NA,NA,6.5
13544,Laptop_red_100.jpg,S2,LR,100,NA,NA,NA,NA,D6,6,6,NA
13544,Laptop_red_100.jpg,S2,LR,100,NA,NA,NA,NA,NA,NA,NA,NA
13552,Laptop_green_50.jpg,S2,LG,50,12,NA,NA,NA,NA,NA,NA,NA
13552,Laptop_green_50.jpg,S2,LG,50,NA,4,4,15,NA,NA,NA,4
13552,Laptop_green_50.jpg,S2,LG,50,NA,NA,NA,NA,F7,4,7,NA
13552,Laptop_green_50.jpg,S2,LG,50,NA,NA,NA,NA,NA,NA,NA,NA
13cb9,Laptop_red_100.jpg,S2,LR,100,12,NA,NA,NA,NA,NA,NA,NA
13cb9,Laptop_red_100.jpg,S2,LR,100,NA,5,6,15,NA,NA,NA,5.5
13cb9,Laptop_red_100.jpg,S2,LR,100,NA,NA,NA,NA,E7,5,7,NA
13cb9,Laptop_red_100.jpg,S2,LR,100,NA,NA,NA,NA,NA,NA,NA,NA
15c8d,Laptop_blue_50.jpg,S2,LB,50,17,NA,NA,NA,NA,NA,NA,NA
15c8d,Laptop_blue_50.jpg,S2,LB,50,NA,1,4,27,NA,NA,NA,2.5
15c8d,Laptop_blue_50.jpg,S2,LB,50,NA,NA,NA,NA,I9,1,9,NA
15c8d,Laptop_blue_50.jpg,S2,LB,50,NA,NA,NA,NA,NA,NA,NA,NA
18f02,Laptop_red_50.jpg,S2,LR,50,15,NA,NA,NA,NA,NA,NA,NA
18f02,Laptop_red_50.jpg,S2,LR,50,NA,5,5,17,NA,NA,NA,5
18f02,Laptop_red_50.jpg,S2,LR,50,NA,NA,NA,NA,H8,2,8,NA
18f02,Laptop_red_50.jpg,S2,LR,50,NA,NA,NA,NA,NA,NA,NA,NA
19698,Laptop_blue_100.jpg,S2,LB,100,14,NA,NA,NA,NA,NA,NA,NA
19698,Laptop_blue_100.jpg,S2,LB,100,NA,6,6,15,NA,NA,NA,6
19698,Laptop_blue_100.jpg,S2,LB,100,NA,NA,NA,NA,H7,2,7,NA
19698,Laptop_blue_100.jpg,S2,LB,100,NA,NA,NA,NA,NA,NA,NA,NA
1a1c6,Laptop_green_100.jpg,S2,LG,100,12,NA,NA,NA,NA,NA,NA,NA
1a1c6,Laptop_green_100.jpg,S2,LG,100,NA,5,6,13,NA,NA,NA,5.5
1a1c6,Laptop_green_100.jpg,S2,LG,100,NA,NA,NA,NA,H7,2,7,NA
1a1c6,Laptop_green_100.jpg,S2,LG,100,NA,NA,NA,NA,NA,NA,NA,NA
1a49d,Laptop_red_100.jpg,S2,LR,100,14,NA,NA,NA,NA,NA,NA,NA
1a49d,Laptop_red_100.jpg,S2,LR,100,NA,5,5,17,NA,NA,NA,5
1a49d,Laptop_red_100.jpg,S2,LR,100,NA,NA,NA,NA,H5,2,5,NA
1a49d,Laptop_red_100.jpg,S2,LR,100,NA,NA,NA,NA,NA,NA,NA,NA
1a7f2,Laptop_blue_100.jpg,S2,LB,100,15,NA,NA,NA,NA,NA,NA,NA
1a7f2,Laptop_blue_100.jpg,S2,LB,100,NA,6,6,17,NA,NA,NA,6
1a7f2,Laptop_blue_100.jpg,S2,LB,100,NA,NA,NA,NA,D5,6,5,NA
1a7f2,Laptop_blue_100.jpg,S2,LB,100,NA,NA,NA,NA,NA,NA,NA,NA
1b1ac,Laptop_green_100.jpg,S2,LG,100,13,NA,NA,NA,NA,NA,NA,NA
1b1ac,Laptop_green_100.jpg,S2,LG,100,NA,6,6,16,NA,NA,NA,6
1b1ac,Laptop_green_100.jpg,S2,LG,100,NA,NA,NA,NA,B4,8,4,NA
1b1ac,Laptop_green_100.jpg,S2,LG,100,NA,NA,NA,NA,NA,NA,NA,NA
1bf74,Laptop_green_100.jpg,S2,LG,100,15,NA,NA,NA,NA,NA,NA,NA
1bf74,Laptop_green_100.jpg,S2,LG,100,NA,4,5,14,NA,NA,NA,4.5
1bf74,Laptop_green_100.jpg,S2,LG,100,NA,NA,NA,NA,F8,4,8,NA
1bf74,Laptop_green_100.jpg,S2,LG,100,NA,NA,NA,NA,NA,NA,NA,NA
1c1f9,Laptop_red_50.jpg,S2,LR,50,11,NA,NA,NA,NA,NA,NA,NA
1c1f9,Laptop_red_50.jpg,S2,LR,50,NA,4,4,17,NA,NA,NA,4
1c1f9,Laptop_red_50.jpg,S2,LR,50,NA,NA,NA,NA,E5,5,5,NA
1c1f9,Laptop_red_50.jpg,S2,LR,50,NA,NA,NA,NA,NA,NA,NA,NA
1c39b,Laptop_green_50.jpg,S2,LG,50,15,NA,NA,NA,NA,NA,NA,NA
1c39b,Laptop_green_50.jpg,S2,LG,50,NA,7,7,17,NA,NA,NA,7
1c39b,Laptop_green_50.jpg,S2,LG,50,NA,NA,NA,NA,F6,4,6,NA
1c39b,Laptop_green_50.jpg,S2,LG,50,NA,NA,NA,NA,NA,NA,NA,NA
1cbd1,Laptop_green_50.jpg,S2,LG,50,15,NA,NA,NA,NA,NA,NA,NA
1cbd1,Laptop_green_50.jpg,S2,LG,50,NA,3,2,15,NA,NA,NA,2.5
1cbd1,Laptop_green_50.jpg,S2,LG,50,NA,NA,NA,NA,G4,3,4,NA
1cbd1,Laptop_green_50.jpg,S2,LG,50,NA,NA,NA,NA,NA,NA,NA,NA
1d2bc,Laptop_blue_50.jpg,S2,LB,50,15,NA,NA,NA,NA,NA,NA,NA
1d2bc,Laptop_blue_50.jpg,S2,LB,50,NA,2,2,17,NA,NA,NA,2
1d2bc,Laptop_blue_50.jpg,S2,LB,50,NA,NA,NA,NA,H7,2,7,NA
1d2bc,Laptop_blue_50.jpg,S2,LB,50,NA,NA,NA,NA,NA,NA,NA,NA
1e7a8,Laptop_green_100.jpg,S2,LG,100,15,NA,NA,NA,NA,NA,NA,NA
1e7a8,Laptop_green_100.jpg,S2,LG,100,NA,7,7,17,NA,NA,NA,7
1e7a8,Laptop_green_100.jpg,S2,LG,100,NA,NA,NA,NA,E5,5,5,NA
1e7a8,Laptop_green_100.jpg,S2,LG,100,NA,NA,NA,NA,NA,NA,NA,NA
1fa63,Laptop_green_50.jpg,S2,LG,50,17,NA,NA,NA,NA,NA,NA,NA
1fa63,Laptop_green_50.jpg,S2,LG,50,NA,7,7,19,NA,NA,NA,7
1fa63,Laptop_green_50.jpg,S2,LG,50,NA,NA,NA,NA,F7,4,7,NA
1fa63,Laptop_green_50.jpg,S2,LG,50,NA,NA,NA,NA,NA,NA,NA,NA
21565,Laptop_red_50.jpg,S2,LR,50,15,NA,NA,NA,NA,NA,NA,NA
21565,Laptop_red_50.jpg,S2,LR,50,NA,6,6,15,NA,NA,NA,6
21565,Laptop_red_50.jpg,S2,LR,50,NA,NA,NA,NA,G7,3,7,NA
21565,Laptop_red_50.jpg,S2,LR,50,NA,NA,NA,NA,NA,NA,NA,NA
21b67,Laptop_blue_100.jpg,S2,LB,100,13,NA,NA,NA,NA,NA,NA,NA
21b67,Laptop_blue_100.jpg,S2,LB,100,NA,6,6,15,NA,NA,NA,6
21b67,Laptop_blue_100.jpg,S2,LB,100,NA,NA,NA,NA,F8,4,8,NA
21b67,Laptop_blue_100.jpg,S2,LB,100,NA,NA,NA,NA,NA,NA,NA,NA
22047,Laptop_blue_50.jpg,S2,LB,50,14,NA,NA,NA,NA,NA,NA,NA
22047,Laptop_blue_50.jpg,S2,LB,50,NA,5,5,15,NA,NA,NA,5
22047,Laptop_blue_50.jpg,S2,LB,50,NA,NA,NA,NA,G8,3,8,NA
22047,Laptop_blue_50.jpg,S2,LB,50,NA,NA,NA,NA,NA,NA,NA,NA
228c6,Laptop_blue_50.jpg,S2,LB,50,12,NA,NA,NA,NA,NA,NA,NA
228c6,Laptop_blue_50.jpg,S2,LB,50,NA,2,3,15,NA,NA,NA,2.5
228c6,Laptop_blue_50.jpg,S2,LB,50,NA,NA,NA,NA,G8,3,8,NA
228c6,Laptop_blue_50.jpg,S2,LB,50,NA,NA,NA,NA,NA,NA,NA,NA
2291f,Laptop_green_100.jpg,S2,LG,100,14,NA,NA,NA,NA,NA,NA,NA
2291f,Laptop_green_100.jpg,S2,LG,100,NA,2,2,17,NA,NA,NA,2
2291f,Laptop_green_100.jpg,S2,LG,100,NA,NA,NA,NA,H1,2,1,NA
2291f,Laptop_green_100.jpg,S2,LG,100,NA,NA,NA,NA,NA,NA,NA,NA
22c5f,Laptop_blue_100.jpg,S2,LB,100,15,NA,NA,NA,NA,NA,NA,NA
22c5f,Laptop_blue_100.jpg,S2,LB,100,NA,2,2,15,NA,NA,NA,2
22c5f,Laptop_blue_100.jpg,S2,LB,100,NA,NA,NA,NA,C4,7,4,NA
22c5f,Laptop_blue_100.jpg,S2,LB,100,NA,NA,NA,NA,NA,NA,NA,NA
231e0,Laptop_green_100.jpg,S2,LG,100,14,NA,NA,NA,NA,NA,NA,NA
231e0,Laptop_green_100.jpg,S2,LG,100,NA,7,7,17,NA,NA,NA,7
231e0,Laptop_green_100.jpg,S2,LG,100,NA,NA,NA,NA,H3,2,3,NA
231e0,Laptop_green_100.jpg,S2,LG,100,NA,NA,NA,NA,NA,NA,NA,NA
232aa,Laptop_green_100.jpg,S2,LG,100,15,NA,NA,NA,NA,NA,NA,NA
232aa,Laptop_green_100.jpg,S2,LG,100,NA,2,3,19,NA,NA,NA,2.5
232aa,Laptop_green_100.jpg,S2,LG,100,NA,NA,NA,NA,D6,6,6,NA
232aa,Laptop_green_100.jpg,S2,LG,100,NA,NA,NA,NA,NA,NA,NA,NA
234ff,Laptop_blue_100.jpg,S2,LB,100,15,NA,NA,NA,NA,NA,NA,NA
234ff,Laptop_blue_100.jpg,S2,LB,100,NA,3,3,15,NA,NA,NA,3
234ff,Laptop_blue_100.jpg,S2,LB,100,NA,NA,NA,NA,F6,4,6,NA
234ff,Laptop_blue_100.jpg,S2,LB,100,NA,NA,NA,NA,NA,NA,NA,NA
23c8a,Laptop_green_50.jpg,S2,LG,50,17,NA,NA,NA,NA,NA,NA,NA
23c8a,Laptop_green_50.jpg,S2,LG,50,NA,4,4,24,NA,NA,NA,4
23c8a,Laptop_green_50.jpg,S2,LG,50,NA,NA,NA,NA,E5,5,5,NA
23c8a,Laptop_green_50.jpg,S2,LG,50,NA,NA,NA,NA,NA,NA,NA,NA
25b74,Laptop_green_50.jpg,S2,LG,50,15,NA,NA,NA,NA,NA,NA,NA
25b74,Laptop_green_50.jpg,S2,LG,50,NA,3,3,17,NA,NA,NA,3
25b74,Laptop_green_50.jpg,S2,LG,50,NA,NA,NA,NA,G7,3,7,NA
25b74,Laptop_green_50.jpg,S2,LG,50,NA,NA,NA,NA,NA,NA,NA,NA
262f2,Laptop_green_100.jpg,S2,LG,100,13,NA,NA,NA,NA,NA,NA,NA
262f2,Laptop_green_100.jpg,S2,LG,100,NA,7,7,15,NA,NA,NA,7
262f2,Laptop_green_100.jpg,S2,LG,100,NA,NA,NA,NA,G8,3,8,NA
262f2,Laptop_green_100.jpg,S2,LG,100,NA,NA,NA,NA,NA,NA,NA,NA
267a9,Laptop_blue_100.jpg,S2,LB,100,15,NA,NA,NA,NA,NA,NA,NA
267a9,Laptop_blue_100.jpg,S2,LB,100,NA,3,3,15,NA,NA,NA,3
267a9,Laptop_blue_100.jpg,S2,LB,100,NA,NA,NA,NA,E7,5,7,NA
267a9,Laptop_blue_100.jpg,S2,LB,100,NA,NA,NA,NA,NA,NA,NA,NA
27384,Laptop_blue_100.jpg,S2,LB,100,13,NA,NA,NA,NA,NA,NA,NA
27384,Laptop_blue_100.jpg,S2,LB,100,NA,5,5,15,NA,NA,NA,5
27384,Laptop_blue_100.jpg,S2,LB,100,NA,NA,NA,NA,F8,4,8,NA
27384,Laptop_blue_100.jpg,S2,LB,100,NA,NA,NA,NA,NA,NA,NA,NA
2757c,Laptop_blue_50.jpg,S2,LB,50,17,NA,NA,NA,NA,NA,NA,NA
2757c,Laptop_blue_50.jpg,S2,LB,50,NA,5,5,17,NA,NA,NA,5
2757c,Laptop_blue_50.jpg,S2,LB,50,NA,NA,NA,NA,E5,5,5,NA
2757c,Laptop_blue_50.jpg,S2,LB,50,NA,NA,NA,NA,NA,NA,NA,NA
277d2,Laptop_blue_100.jpg,S2,LB,100,15,NA,NA,NA,NA,NA,NA,NA
277d2,Laptop_blue_100.jpg,S2,LB,100,NA,1,1,17,NA,NA,NA,1
277d2,Laptop_blue_100.jpg,S2,LB,100,NA,NA,NA,NA,E7,5,7,NA
277d2,Laptop_blue_100.jpg,S2,LB,100,NA,NA,NA,NA,NA,NA,NA,NA
2a3e7,Laptop_blue_50.jpg,S2,LB,50,15,NA,NA,NA,NA,NA,NA,NA
2a3e7,Laptop_blue_50.jpg,S2,LB,50,NA,4,4,24,NA,NA,NA,4
2a3e7,Laptop_blue_50.jpg,S2,LB,50,NA,NA,NA,NA,E5,5,5,NA
2a3e7,Laptop_blue_50.jpg,S2,LB,50,NA,NA,NA,NA,NA,NA,NA,NA
2c594,Laptop_blue_50.jpg,S2,LB,50,15,NA,NA,NA,NA,NA,NA,NA
2c594,Laptop_blue_50.jpg,S2,LB,50,NA,2,2,15,NA,NA,NA,2
2c594,Laptop_blue_50.jpg,S2,LB,50,NA,NA,NA,NA,F3,4,3,NA
2c594,Laptop_blue_50.jpg,S2,LB,50,NA,NA,NA,NA,NA,NA,NA,NA
2cab4,Laptop_green_50.jpg,S2,LG,50,16,NA,NA,NA,NA,NA,NA,NA
2cab4,Laptop_green_50.jpg,S2,LG,50,NA,6,6,15,NA,NA,NA,6
2cab4,Laptop_green_50.jpg,S2,LG,50,NA,NA,NA,NA,A7,9,7,NA
2cab4,Laptop_green_50.jpg,S2,LG,50,NA,NA,NA,NA,NA,NA,NA,NA
2d01c,Laptop_blue_100.jpg,S2,LB,100,17,NA,NA,NA,NA,NA,NA,NA
2d01c,Laptop_blue_100.jpg,S2,LB,100,NA,6,6,17,NA,NA,NA,6
2d01c,Laptop_blue_100.jpg,S2,LB,100,NA,NA,NA,NA,F3,4,3,NA
2d01c,Laptop_blue_100.jpg,S2,LB,100,NA,NA,NA,NA,NA,NA,NA,NA
2d689,Laptop_green_50.jpg,S2,LG,50,15,NA,NA,NA,NA,NA,NA,NA
2d689,Laptop_green_50.jpg,S2,LG,50,NA,6,6,17,NA,NA,NA,6
2d689,Laptop_green_50.jpg,S2,LG,50,NA,NA,NA,NA,B7,8,7,NA
2d689,Laptop_green_50.jpg,S2,LG,50,NA,NA,NA,NA,NA,NA,NA,NA
2d867,Laptop_blue_50.jpg,S2,LB,50,15,NA,NA,NA,NA,NA,NA,NA
2d867,Laptop_blue_50.jpg,S2,LB,50,NA,5,7,17,NA,NA,NA,6
2d867,Laptop_blue_50.jpg,S2,LB,50,NA,NA,NA,NA,F8,4,8,NA
2d867,Laptop_blue_50.jpg,S2,LB,50,NA,NA,NA,NA,NA,NA,NA,NA
30bbf,Laptop_blue_100.jpg,S2,LB,100,15,NA,NA,NA,NA,NA,NA,NA
30bbf,Laptop_blue_100.jpg,S2,LB,100,NA,7,6,15,NA,NA,NA,6.5
30bbf,Laptop_blue_100.jpg,S2,LB,100,NA,NA,NA,NA,E7,5,7,NA
30bbf,Laptop_blue_100.jpg,S2,LB,100,NA,NA,NA,NA,NA,NA,NA,NA
31459,Laptop_red_50.jpg,S2,LR,50,15,NA,NA,NA,NA,NA,NA,NA
31459,Laptop_red_50.jpg,S2,LR,50,NA,5,5,16,NA,NA,NA,5
31459,Laptop_red_50.jpg,S2,LR,50,NA,NA,NA,NA,C7,7,7,NA
31459,Laptop_red_50.jpg,S2,LR,50,NA,NA,NA,NA,NA,NA,NA,NA
318e8,Laptop_blue_50.jpg,S2,LB,50,13,NA,NA,NA,NA,NA,NA,NA
318e8,Laptop_blue_50.jpg,S2,LB,50,NA,6,6,17,NA,NA,NA,6
318e8,Laptop_blue_50.jpg,S2,LB,50,NA,NA,NA,NA,E2,5,2,NA
318e8,Laptop_blue_50.jpg,S2,LB,50,NA,NA,NA,NA,NA,NA,NA,NA
3195d,Laptop_blue_100.jpg,S2,LB,100,13,NA,NA,NA,NA,NA,NA,NA
3195d,Laptop_blue_100.jpg,S2,LB,100,NA,5,5,13,NA,NA,NA,5
3195d,Laptop_blue_100.jpg,S2,LB,100,NA,NA,NA,NA,B8,8,8,NA
3195d,Laptop_blue_100.jpg,S2,LB,100,NA,NA,NA,NA,NA,NA,NA,NA
31d0c,Laptop_red_50.jpg,S2,LR,50,15,NA,NA,NA,NA,NA,NA,NA
31d0c,Laptop_red_50.jpg,S2,LR,50,NA,7,7,17,NA,NA,NA,7
31d0c,Laptop_red_50.jpg,S2,LR,50,NA,NA,NA,NA,E6,5,6,NA
31d0c,Laptop_red_50.jpg,S2,LR,50,NA,NA,NA,NA,NA,NA,NA,NA
3211d,Laptop_blue_50.jpg,S2,LB,50,17,NA,NA,NA,NA,NA,NA,NA
3211d,Laptop_blue_50.jpg,S2,LB,50,NA,1,1,17,NA,NA,NA,1
3211d,Laptop_blue_50.jpg,S2,LB,50,NA,NA,NA,NA,A1,9,1,NA
3211d,Laptop_blue_50.jpg,S2,LB,50,NA,NA,NA,NA,NA,NA,NA,NA
34a74,Laptop_blue_50.jpg,S2,LB,50,17,NA,NA,NA,NA,NA,NA,NA
34a74,Laptop_blue_50.jpg,S2,LB,50,NA,2,2,22,NA,NA,NA,2
34a74,Laptop_blue_50.jpg,S2,LB,50,NA,NA,NA,NA,F4,4,4,NA
34a74,Laptop_blue_50.jpg,S2,LB,50,NA,NA,NA,NA,NA,NA,NA,NA
357ad,Laptop_red_100.jpg,S2,LR,100,11,NA,NA,NA,NA,NA,NA,NA
357ad,Laptop_red_100.jpg,S2,LR,100,NA,6,6,14,NA,NA,NA,6
357ad,Laptop_red_100.jpg,S2,LR,100,NA,NA,NA,NA,F4,4,4,NA
357ad,Laptop_red_100.jpg,S2,LR,100,NA,NA,NA,NA,NA,NA,NA,NA
35e84,Laptop_green_100.jpg,S2,LG,100,15,NA,NA,NA,NA,NA,NA,NA
35e84,Laptop_green_100.jpg,S2,LG,100,NA,1,1,17,NA,NA,NA,1
35e84,Laptop_green_100.jpg,S2,LG,100,NA,NA,NA,NA,F8,4,8,NA
35e84,Laptop_green_100.jpg,S2,LG,100,NA,NA,NA,NA,NA,NA,NA,NA
37332,Laptop_blue_100.jpg,S2,LB,100,13,NA,NA,NA,NA,NA,NA,NA
37332,Laptop_blue_100.jpg,S2,LB,100,NA,5,4,13,NA,NA,NA,4.5
37332,Laptop_blue_100.jpg,S2,LB,100,NA,NA,NA,NA,D7,6,7,NA
37332,Laptop_blue_100.jpg,S2,LB,100,NA,NA,NA,NA,NA,NA,NA,NA
38da9,Laptop_blue_50.jpg,S2,LB,50,15,NA,NA,NA,NA,NA,NA,NA
38da9,Laptop_blue_50.jpg,S2,LB,50,NA,1,1,17,NA,NA,NA,1
38da9,Laptop_blue_50.jpg,S2,LB,50,NA,NA,NA,NA,C4,7,4,NA
38da9,Laptop_blue_50.jpg,S2,LB,50,NA,NA,NA,NA,NA,NA,NA,NA
3956a,Laptop_red_50.jpg,S2,LR,50,15,NA,NA,NA,NA,NA,NA,NA
3956a,Laptop_red_50.jpg,S2,LR,50,NA,6,6,17,NA,NA,NA,6
3956a,Laptop_red_50.jpg,S2,LR,50,NA,NA,NA,NA,G8,3,8,NA
3956a,Laptop_red_50.jpg,S2,LR,50,NA,NA,NA,NA,NA,NA,NA,NA
395ab,Laptop_red_50.jpg,S2,LR,50,14,NA,NA,NA,NA,NA,NA,NA
395ab,Laptop_red_50.jpg,S2,LR,50,NA,7,7,17,NA,NA,NA,7
395ab,Laptop_red_50.jpg,S2,LR,50,NA,NA,NA,NA,A7,9,7,NA
395ab,Laptop_red_50.jpg,S2,LR,50,NA,NA,NA,NA,NA,NA,NA,NA
3a94c,Laptop_blue_50.jpg,S2,LB,50,15,NA,NA,NA,NA,NA,NA,NA
3a94c,Laptop_blue_50.jpg,S2,LB,50,NA,6,7,17,NA,NA,NA,6.5
3a94c,Laptop_blue_50.jpg,S2,LB,50,NA,NA,NA,NA,H8,2,8,NA
3a94c,Laptop_blue_50.jpg,S2,LB,50,NA,NA,NA,NA,NA,NA,NA,NA
3d486,Laptop_green_100.jpg,S2,LG,100,15,NA,NA,NA,NA,NA,NA,NA
3d486,Laptop_green_100.jpg,S2,LG,100,NA,7,7,15,NA,NA,NA,7
3d486,Laptop_green_100.jpg,S2,LG,100,NA,NA,NA,NA,G3,3,3,NA
3d486,Laptop_green_100.jpg,S2,LG,100,NA,NA,NA,NA,NA,NA,NA,NA
3eb57,Laptop_red_50.jpg,S2,LR,50,14,NA,NA,NA,NA,NA,NA,NA
3eb57,Laptop_red_50.jpg,S2,LR,50,NA,4,4,17,NA,NA,NA,4
3eb57,Laptop_red_50.jpg,S2,LR,50,NA,NA,NA,NA,C7,7,7,NA
3eb57,Laptop_red_50.jpg,S2,LR,50,NA,NA,NA,NA,NA,NA,NA,NA
3ece3,Laptop_green_50.jpg,S2,LG,50,12,NA,NA,NA,NA,NA,NA,NA
3ece3,Laptop_green_50.jpg,S2,LG,50,NA,3,4,15,NA,NA,NA,3.5
3ece3,Laptop_green_50.jpg,S2,LG,50,NA,NA,NA,NA,F7,4,7,NA
3ece3,Laptop_green_50.jpg,S2,LG,50,NA,NA,NA,NA,NA,NA,NA,NA
3edeb,Laptop_blue_100.jpg,S2,LB,100,15,NA,NA,NA,NA,NA,NA,NA
3edeb,Laptop_blue_100.jpg,S2,LB,100,NA,6,6,17,NA,NA,NA,6
3edeb,Laptop_blue_100.jpg,S2,LB,100,NA,NA,NA,NA,D7,6,7,NA
3edeb,Laptop_blue_100.jpg,S2,LB,100,NA,NA,NA,NA,NA,NA,NA,NA
3f2e9,Laptop_blue_100.jpg,S2,LB,100,15,NA,NA,NA,NA,NA,NA,NA
3f2e9,Laptop_blue_100.jpg,S2,LB,100,NA,5,5,15,NA,NA,NA,5
3f2e9,Laptop_blue_100.jpg,S2,LB,100,NA,NA,NA,NA,F4,4,4,NA
3f2e9,Laptop_blue_100.jpg,S2,LB,100,NA,NA,NA,NA,NA,NA,NA,NA
41891,Laptop_blue_100.jpg,S2,LB,100,15,NA,NA,NA,NA,NA,NA,NA
41891,Laptop_blue_100.jpg,S2,LB,100,NA,7,7,15,NA,NA,NA,7
41891,Laptop_blue_100.jpg,S2,LB,100,NA,NA,NA,NA,H8,2,8,NA
41891,Laptop_blue_100.jpg,S2,LB,100,NA,NA,NA,NA,NA,NA,NA,NA
41f87,Laptop_blue_100.jpg,S2,LB,100,15,NA,NA,NA,NA,NA,NA,NA
41f87,Laptop_blue_100.jpg,S2,LB,100,NA,5,5,17,NA,NA,NA,5
41f87,Laptop_blue_100.jpg,S2,LB,100,NA,NA,NA,NA,F7,4,7,NA
41f87,Laptop_blue_100.jpg,S2,LB,100,NA,NA,NA,NA,NA,NA,NA,NA
42143,Laptop_red_50.jpg,S2,LR,50,15,NA,NA,NA,NA,NA,NA,NA
42143,Laptop_red_50.jpg,S2,LR,50,NA,6,7,15,NA,NA,NA,6.5
42143,Laptop_red_50.jpg,S2,LR,50,NA,NA,NA,NA,D8,6,8,NA
42143,Laptop_red_50.jpg,S2,LR,50,NA,NA,NA,NA,NA,NA,NA,NA
42b72,Laptop_blue_100.jpg,S2,LB,100,12,NA,NA,NA,NA,NA,NA,NA
42b72,Laptop_blue_100.jpg,S2,LB,100,NA,5,5,17,NA,NA,NA,5
42b72,Laptop_blue_100.jpg,S2,LB,100,NA,NA,NA,NA,B8,8,8,NA
42b72,Laptop_blue_100.jpg,S2,LB,100,NA,NA,NA,NA,NA,NA,NA,NA
43050,Laptop_red_100.jpg,S2,LR,100,17,NA,NA,NA,NA,NA,NA,NA
43050,Laptop_red_100.jpg,S2,LR,100,NA,2,2,16,NA,NA,NA,2
43050,Laptop_red_100.jpg,S2,LR,100,NA,NA,NA,NA,E8,5,8,NA
43050,Laptop_red_100.jpg,S2,LR,100,NA,NA,NA,NA,NA,NA,NA,NA
4316f,Laptop_green_50.jpg,S2,LG,50,17,NA,NA,NA,NA,NA,NA,NA
4316f,Laptop_green_50.jpg,S2,LG,50,NA,5,5,17,NA,NA,NA,5
4316f,Laptop_green_50.jpg,S2,LG,50,NA,NA,NA,NA,C7,7,7,NA
4316f,Laptop_green_50.jpg,S2,LG,50,NA,NA,NA,NA,NA,NA,NA,NA
44217,Laptop_red_50.jpg,S2,LR,50,15,NA,NA,NA,NA,NA,NA,NA
44217,Laptop_red_50.jpg,S2,LR,50,NA,5,5,17,NA,NA,NA,5
44217,Laptop_red_50.jpg,S2,LR,50,NA,NA,NA,NA,I6,1,6,NA
44217,Laptop_red_50.jpg,S2,LR,50,NA,NA,NA,NA,NA,NA,NA,NA
455c4,Laptop_red_50.jpg,S2,LR,50,11,NA,NA,NA,NA,NA,NA,NA
455c4,Laptop_red_50.jpg,S2,LR,50,NA,5,5,15,NA,NA,NA,5
455c4,Laptop_red_50.jpg,S2,LR,50,NA,NA,NA,NA,F6,4,6,NA
455c4,Laptop_red_50.jpg,S2,LR,50,NA,NA,NA,NA,NA,NA,NA,NA
46956,Laptop_blue_50.jpg,S2,LB,50,13,NA,NA,NA,NA,NA,NA,NA
46956,Laptop_blue_50.jpg,S2,LB,50,NA,4,4,17,NA,NA,NA,4
46956,Laptop_blue_50.jpg,S2,LB,50,NA,NA,NA,NA,D4,6,4,NA
46956,Laptop_blue_50.jpg,S2,LB,50,NA,NA,NA,NA,NA,NA,NA,NA
46e12,Laptop_red_100.jpg,S2,LR,100,16,NA,NA,NA,NA,NA,NA,NA
46e12,Laptop_red_100.jpg,S2,LR,100,NA,7,7,17,NA,NA,NA,7
46e12,Laptop_red_100.jpg,S2,LR,100,NA,NA,NA,NA,B7,8,7,NA
46e12,Laptop_red_100.jpg,S2,LR,100,NA,NA,NA,NA,NA,NA,NA,NA
47a0b,Laptop_blue_50.jpg,S2,LB,50,15,NA,NA,NA,NA,NA,NA,NA
47a0b,Laptop_blue_50.jpg,S2,LB,50,NA,4,2,15,NA,NA,NA,3
47a0b,Laptop_blue_50.jpg,S2,LB,50,NA,NA,NA,NA,G7,3,7,NA
47a0b,Laptop_blue_50.jpg,S2,LB,50,NA,NA,NA,NA,NA,NA,NA,NA
47cc0,Laptop_green_100.jpg,S2,LG,100,17,NA,NA,NA,NA,NA,NA,NA
47cc0,Laptop_green_100.jpg,S2,LG,100,NA,5,5,17,NA,NA,NA,5
47cc0,Laptop_green_100.jpg,S2,LG,100,NA,NA,NA,NA,F1,4,1,NA
47cc0,Laptop_green_100.jpg,S2,LG,100,NA,NA,NA,NA,NA,NA,NA,NA
47d58,Laptop_blue_100.jpg,S2,LB,100,13,NA,NA,NA,NA,NA,NA,NA
47d58,Laptop_blue_100.jpg,S2,LB,100,NA,2,2,17,NA,NA,NA,2
47d58,Laptop_blue_100.jpg,S2,LB,100,NA,NA,NA,NA,G6,3,6,NA
47d58,Laptop_blue_100.jpg,S2,LB,100,NA,NA,NA,NA,NA,NA,NA,NA
47e02,Laptop_red_50.jpg,S2,LR,50,15,NA,NA,NA,NA,NA,NA,NA
47e02,Laptop_red_50.jpg,S2,LR,50,NA,4,5,17,NA,NA,NA,4.5
47e02,Laptop_red_50.jpg,S2,LR,50,NA,NA,NA,NA,E4,5,4,NA
47e02,Laptop_red_50.jpg,S2,LR,50,NA,NA,NA,NA,NA,NA,NA,NA
49de0,Laptop_green_100.jpg,S2,LG,100,15,NA,NA,NA,NA,NA,NA,NA
49de0,Laptop_green_100.jpg,S2,LG,100,NA,6,6,17,NA,NA,NA,6
49de0,Laptop_green_100.jpg,S2,LG,100,NA,NA,NA,NA,F6,4,6,NA
49de0,Laptop_green_100.jpg,S2,LG,100,NA,NA,NA,NA,NA,NA,NA,NA
4a149,Laptop_green_50.jpg,S2,LG,50,14,NA,NA,NA,NA,NA,NA,NA
4a149,Laptop_green_50.jpg,S2,LG,50,NA,1,1,24,NA,NA,NA,1
4a149,Laptop_green_50.jpg,S2,LG,50,NA,NA,NA,NA,D5,6,5,NA
4a149,Laptop_green_50.jpg,S2,LG,50,NA,NA,NA,NA,NA,NA,NA,NA
4ad5f,Laptop_green_100.jpg,S2,LG,100,15,NA,NA,NA,NA,NA,NA,NA
4ad5f,Laptop_green_100.jpg,S2,LG,100,NA,7,7,13,NA,NA,NA,7
4ad5f,Laptop_green_100.jpg,S2,LG,100,NA,NA,NA,NA,C8,7,8,NA
4ad5f,Laptop_green_100.jpg,S2,LG,100,NA,NA,NA,NA,NA,NA,NA,NA
4b5d2,Laptop_green_100.jpg,S2,LG,100,14,NA,NA,NA,NA,NA,NA,NA
4b5d2,Laptop_green_100.jpg,S2,LG,100,NA,6,5,14,NA,NA,NA,5.5
4b5d2,Laptop_green_100.jpg,S2,LG,100,NA,NA,NA,NA,C4,7,4,NA
4b5d2,Laptop_green_100.jpg,S2,LG,100,NA,NA,NA,NA,NA,NA,NA,NA
4cc88,Laptop_blue_50.jpg,S2,LB,50,14,NA,NA,NA,NA,NA,NA,NA
4cc88,Laptop_blue_50.jpg,S2,LB,50,NA,2,1,15,NA,NA,NA,1.5
4cc88,Laptop_blue_50.jpg,S2,LB,50,NA,NA,NA,NA,G4,3,4,NA
4cc88,Laptop_blue_50.jpg,S2,LB,50,NA,NA,NA,NA,NA,NA,NA,NA
4d130,Laptop_blue_100.jpg,S2,LB,100,13,NA,NA,NA,NA,NA,NA,NA
4d130,Laptop_blue_100.jpg,S2,LB,100,NA,7,7,14,NA,NA,NA,7
4d130,Laptop_blue_100.jpg,S2,LB,100,NA,NA,NA,NA,F5,4,5,NA
4d130,Laptop_blue_100.jpg,S2,LB,100,NA,NA,NA,NA,NA,NA,NA,NA
4df5d,Laptop_blue_100.jpg,S2,LB,100,15,NA,NA,NA,NA,NA,NA,NA
4df5d,Laptop_blue_100.jpg,S2,LB,100,NA,2,2,17,NA,NA,NA,2
4df5d,Laptop_blue_100.jpg,S2,LB,100,NA,NA,NA,NA,G5,3,5,NA
4df5d,Laptop_blue_100.jpg,S2,LB,100,NA,NA,NA,NA,NA,NA,NA,NA
4eb73,Laptop_blue_100.jpg,S2,LB,100,15,NA,NA,NA,NA,NA,NA,NA
4eb73,Laptop_blue_100.jpg,S2,LB,100,NA,7,7,17,NA,NA,NA,7
4eb73,Laptop_blue_100.jpg,S2,LB,100,NA,NA,NA,NA,B2,8,2,NA
4eb73,Laptop_blue_100.jpg,S2,LB,100,NA,NA,NA,NA,NA,NA,NA,NA
4edd0,Laptop_red_50.jpg,S2,LR,50,12,NA,NA,NA,NA,NA,NA,NA
4edd0,Laptop_red_50.jpg,S2,LR,50,NA,5,5,14,NA,NA,NA,5
4edd0,Laptop_red_50.jpg,S2,LR,50,NA,NA,NA,NA,F4,4,4,NA
4edd0,Laptop_red_50.jpg,S2,LR,50,NA,NA,NA,NA,NA,NA,NA,NA
509c8,Laptop_blue_100.jpg,S2,LB,100,15,NA,NA,NA,NA,NA,NA,NA
509c8,Laptop_blue_100.jpg,S2,LB,100,NA,5,5,12,NA,NA,NA,5
509c8,Laptop_blue_100.jpg,S2,LB,100,NA,NA,NA,NA,H7,2,7,NA
509c8,Laptop_blue_100.jpg,S2,LB,100,NA,NA,NA,NA,NA,NA,NA,NA
52266,Laptop_green_100.jpg,S2,LG,100,10,NA,NA,NA,NA,NA,NA,NA
52266,Laptop_green_100.jpg,S2,LG,100,NA,1,1,17,NA,NA,NA,1
52266,Laptop_green_100.jpg,S2,LG,100,NA,NA,NA,NA,E9,5,9,NA
52266,Laptop_green_100.jpg,S2,LG,100,NA,NA,NA,NA,NA,NA,NA,NA
524bc,Laptop_red_100.jpg,S2,LR,100,13,NA,NA,NA,NA,NA,NA,NA
524bc,Laptop_red_100.jpg,S2,LR,100,NA,6,7,14,NA,NA,NA,6.5
524bc,Laptop_red_100.jpg,S2,LR,100,NA,NA,NA,NA,D7,6,7,NA
524bc,Laptop_red_100.jpg,S2,LR,100,NA,NA,NA,NA,NA,NA,NA,NA
53991,Laptop_red_50.jpg,S2,LR,50,12,NA,NA,NA,NA,NA,NA,NA
53991,Laptop_red_50.jpg,S2,LR,50,NA,2,2,15,NA,NA,NA,2
53991,Laptop_red_50.jpg,S2,LR,50,NA,NA,NA,NA,D7,6,7,NA
53991,Laptop_red_50.jpg,S2,LR,50,NA,NA,NA,NA,NA,NA,NA,NA
55069,Laptop_green_50.jpg,S2,LG,50,15,NA,NA,NA,NA,NA,NA,NA
55069,Laptop_green_50.jpg,S2,LG,50,NA,1,1,15,NA,NA,NA,1
55069,Laptop_green_50.jpg,S2,LG,50,NA,NA,NA,NA,G9,3,9,NA
55069,Laptop_green_50.jpg,S2,LG,50,NA,NA,NA,NA,NA,NA,NA,NA
567a9,Laptop_blue_100.jpg,S2,LB,100,13,NA,NA,NA,NA,NA,NA,NA
567a9,Laptop_blue_100.jpg,S2,LB,100,NA,6,6,17,NA,NA,NA,6
567a9,Laptop_blue_100.jpg,S2,LB,100,NA,NA,NA,NA,F8,4,8,NA
567a9,Laptop_blue_100.jpg,S2,LB,100,NA,NA,NA,NA,NA,NA,NA,NA
57506,Laptop_green_50.jpg,S2,LG,50,15,NA,NA,NA,NA,NA,NA,NA
57506,Laptop_green_50.jpg,S2,LG,50,NA,5,6,17,NA,NA,NA,5.5
57506,Laptop_green_50.jpg,S2,LG,50,NA,NA,NA,NA,D8,6,8,NA
57506,Laptop_green_50.jpg,S2,LG,50,NA,NA,NA,NA,NA,NA,NA,NA
57962,Laptop_green_100.jpg,S2,LG,100,15,NA,NA,NA,NA,NA,NA,NA
57962,Laptop_green_100.jpg,S2,LG,100,NA,4,4,17,NA,NA,NA,4
57962,Laptop_green_100.jpg,S2,LG,100,NA,NA,NA,NA,G8,3,8,NA
57962,Laptop_green_100.jpg,S2,LG,100,NA,NA,NA,NA,NA,NA,NA,NA
584da,Laptop_blue_50.jpg,S2,LB,50,11,NA,NA,NA,NA,NA,NA,NA
584da,Laptop_blue_50.jpg,S2,LB,50,NA,6,6,11,NA,NA,NA,6
584da,Laptop_blue_50.jpg,S2,LB,50,NA,NA,NA,NA,E5,5,5,NA
584da,Laptop_blue_50.jpg,S2,LB,50,NA,NA,NA,NA,NA,NA,NA,NA
59ff9,Laptop_green_50.jpg,S2,LG,50,13,NA,NA,NA,NA,NA,NA,NA
59ff9,Laptop_green_50.jpg,S2,LG,50,NA,5,5,15,NA,NA,NA,5
59ff9,Laptop_green_50.jpg,S2,LG,50,NA,NA,NA,NA,H7,2,7,NA
59ff9,Laptop_green_50.jpg,S2,LG,50,NA,NA,NA,NA,NA,NA,NA,NA
5d3eb,Laptop_blue_50.jpg,S2,LB,50,13,NA,NA,NA,NA,NA,NA,NA
5d3eb,Laptop_blue_50.jpg,S2,LB,50,NA,1,6,14,NA,NA,NA,3.5
5d3eb,Laptop_blue_50.jpg,S2,LB,50,NA,NA,NA,NA,G8,3,8,NA
5d3eb,Laptop_blue_50.jpg,S2,LB,50,NA,NA,NA,NA,NA,NA,NA,NA
61083,Laptop_red_50.jpg,S2,LR,50,15,NA,NA,NA,NA,NA,NA,NA
61083,Laptop_red_50.jpg,S2,LR,50,NA,7,7,17,NA,NA,NA,7
61083,Laptop_red_50.jpg,S2,LR,50,NA,NA,NA,NA,H6,2,6,NA
61083,Laptop_red_50.jpg,S2,LR,50,NA,NA,NA,NA,NA,NA,NA,NA
64896,Laptop_red_50.jpg,S2,LR,50,13,NA,NA,NA,NA,NA,NA,NA
64896,Laptop_red_50.jpg,S2,LR,50,NA,6,6,13,NA,NA,NA,6
64896,Laptop_red_50.jpg,S2,LR,50,NA,NA,NA,NA,H8,2,8,NA
64896,Laptop_red_50.jpg,S2,LR,50,NA,NA,NA,NA,NA,NA,NA,NA
64b9c,Laptop_blue_100.jpg,S2,LB,100,13,NA,NA,NA,NA,NA,NA,NA
64b9c,Laptop_blue_100.jpg,S2,LB,100,NA,6,6,13,NA,NA,NA,6
64b9c,Laptop_blue_100.jpg,S2,LB,100,NA,NA,NA,NA,C8,7,8,NA
64b9c,Laptop_blue_100.jpg,S2,LB,100,NA,NA,NA,NA,NA,NA,NA,NA
64e03,Laptop_blue_100.jpg,S2,LB,100,15,NA,NA,NA,NA,NA,NA,NA
64e03,Laptop_blue_100.jpg,S2,LB,100,NA,5,5,17,NA,NA,NA,5
64e03,Laptop_blue_100.jpg,S2,LB,100,NA,NA,NA,NA,G7,3,7,NA
64e03,Laptop_blue_100.jpg,S2,LB,100,NA,NA,NA,NA,NA,NA,NA,NA
65204,Laptop_green_100.jpg,S2,LG,100,17,NA,NA,NA,NA,NA,NA,NA
65204,Laptop_green_100.jpg,S2,LG,100,NA,7,7,17,NA,NA,NA,7
65204,Laptop_green_100.jpg,S2,LG,100,NA,NA,NA,NA,E3,5,3,NA
65204,Laptop_green_100.jpg,S2,LG,100,NA,NA,NA,NA,NA,NA,NA,NA
65428,Laptop_red_50.jpg,S2,LR,50,15,NA,NA,NA,NA,NA,NA,NA
65428,Laptop_red_50.jpg,S2,LR,50,NA,7,7,15,NA,NA,NA,7
65428,Laptop_red_50.jpg,S2,LR,50,NA,NA,NA,NA,C3,7,3,NA
65428,Laptop_red_50.jpg,S2,LR,50,NA,NA,NA,NA,NA,NA,NA,NA
6698c,Laptop_blue_50.jpg,S2,LB,50,15,NA,NA,NA,NA,NA,NA,NA
6698c,Laptop_blue_50.jpg,S2,LB,50,NA,6,6,19,NA,NA,NA,6
6698c,Laptop_blue_50.jpg,S2,LB,50,NA,NA,NA,NA,E5,5,5,NA
6698c,Laptop_blue_50.jpg,S2,LB,50,NA,NA,NA,NA,NA,NA,NA,NA
670b8,Laptop_red_50.jpg,S2,LR,50,17,NA,NA,NA,NA,NA,NA,NA
670b8,Laptop_red_50.jpg,S2,LR,50,NA,3,3,17,NA,NA,NA,3
670b8,Laptop_red_50.jpg,S2,LR,50,NA,NA,NA,NA,D8,6,8,NA
670b8,Laptop_red_50.jpg,S2,LR,50,NA,NA,NA,NA,NA,NA,NA,NA
67d8b,Laptop_red_50.jpg,S2,LR,50,11,NA,NA,NA,NA,NA,NA,NA
67d8b,Laptop_red_50.jpg,S2,LR,50,NA,5,5,15,NA,NA,NA,5
67d8b,Laptop_red_50.jpg,S2,LR,50,NA,NA,NA,NA,E5,5,5,NA
67d8b,Laptop_red_50.jpg,S2,LR,50,NA,NA,NA,NA,NA,NA,NA,NA
6ae26,Laptop_blue_100.jpg,S2,LB,100,13,NA,NA,NA,NA,NA,NA,NA
6ae26,Laptop_blue_100.jpg,S2,LB,100,NA,6,6,15,NA,NA,NA,6
6ae26,Laptop_blue_100.jpg,S2,LB,100,NA,NA,NA,NA,B7,8,7,NA
6ae26,Laptop_blue_100.jpg,S2,LB,100,NA,NA,NA,NA,NA,NA,NA,NA
6b1af,Laptop_red_100.jpg,S2,LR,100,14,NA,NA,NA,NA,NA,NA,NA
6b1af,Laptop_red_100.jpg,S2,LR,100,NA,7,7,17,NA,NA,NA,7
6b1af,Laptop_red_100.jpg,S2,LR,100,NA,NA,NA,NA,I1,1,1,NA
6b1af,Laptop_red_100.jpg,S2,LR,100,NA,NA,NA,NA,NA,NA,NA,NA
6bcfd,Laptop_red_50.jpg,S2,LR,50,17,NA,NA,NA,NA,NA,NA,NA
6bcfd,Laptop_red_50.jpg,S2,LR,50,NA,2,2,15,NA,NA,NA,2
6bcfd,Laptop_red_50.jpg,S2,LR,50,NA,NA,NA,NA,G6,3,6,NA
6bcfd,Laptop_red_50.jpg,S2,LR,50,NA,NA,NA,NA,NA,NA,NA,NA
6d4b0,Laptop_red_100.jpg,S2,LR,100,14,NA,NA,NA,NA,NA,NA,NA
6d4b0,Laptop_red_100.jpg,S2,LR,100,NA,6,6,15,NA,NA,NA,6
6d4b0,Laptop_red_100.jpg,S2,LR,100,NA,NA,NA,NA,E8,5,8,NA
6d4b0,Laptop_red_100.jpg,S2,LR,100,NA,NA,NA,NA,NA,NA,NA,NA
7048b,Laptop_blue_100.jpg,S2,LB,100,14,NA,NA,NA,NA,NA,NA,NA
7048b,Laptop_blue_100.jpg,S2,LB,100,NA,5,5,14,NA,NA,NA,5
7048b,Laptop_blue_100.jpg,S2,LB,100,NA,NA,NA,NA,G7,3,7,NA
7048b,Laptop_blue_100.jpg,S2,LB,100,NA,NA,NA,NA,NA,NA,NA,NA
70f61,Laptop_green_50.jpg,S2,LG,50,15,NA,NA,NA,NA,NA,NA,NA
70f61,Laptop_green_50.jpg,S2,LG,50,NA,6,6,15,NA,NA,NA,6
70f61,Laptop_green_50.jpg,S2,LG,50,NA,NA,NA,NA,B4,8,4,NA
70f61,Laptop_green_50.jpg,S2,LG,50,NA,NA,NA,NA,NA,NA,NA,NA
72101,Laptop_red_50.jpg,S2,LR,50,14,NA,NA,NA,NA,NA,NA,NA
72101,Laptop_red_50.jpg,S2,LR,50,NA,1,1,17,NA,NA,NA,1
72101,Laptop_red_50.jpg,S2,LR,50,NA,NA,NA,NA,H5,2,5,NA
72101,Laptop_red_50.jpg,S2,LR,50,NA,NA,NA,NA,NA,NA,NA,NA
72f03,Laptop_green_50.jpg,S2,LG,50,15,NA,NA,NA,NA,NA,NA,NA
72f03,Laptop_green_50.jpg,S2,LG,50,NA,6,7,15,NA,NA,NA,6.5
72f03,Laptop_green_50.jpg,S2,LG,50,NA,NA,NA,NA,D7,6,7,NA
72f03,Laptop_green_50.jpg,S2,LG,50,NA,NA,NA,NA,NA,NA,NA,NA
73db6,Laptop_blue_50.jpg,S2,LB,50,15,NA,NA,NA,NA,NA,NA,NA
73db6,Laptop_blue_50.jpg,S2,LB,50,NA,1,3,15,NA,NA,NA,2
73db6,Laptop_blue_50.jpg,S2,LB,50,NA,NA,NA,NA,G7,3,7,NA
73db6,Laptop_blue_50.jpg,S2,LB,50,NA,NA,NA,NA,NA,NA,NA,NA
7426e,Laptop_green_50.jpg,S2,LG,50,15,NA,NA,NA,NA,NA,NA,NA
7426e,Laptop_green_50.jpg,S2,LG,50,NA,2,2,15,NA,NA,NA,2
7426e,Laptop_green_50.jpg,S2,LG,50,NA,NA,NA,NA,C6,7,6,NA
7426e,Laptop_green_50.jpg,S2,LG,50,NA,NA,NA,NA,NA,NA,NA,NA
75832,Laptop_blue_100.jpg,S2,LB,100,16,NA,NA,NA,NA,NA,NA,NA
75832,Laptop_blue_100.jpg,S2,LB,100,NA,5,5,17,NA,NA,NA,5
75832,Laptop_blue_100.jpg,S2,LB,100,NA,NA,NA,NA,F7,4,7,NA
75832,Laptop_blue_100.jpg,S2,LB,100,NA,NA,NA,NA,NA,NA,NA,NA
75f34,Laptop_red_100.jpg,S2,LR,100,13,NA,NA,NA,NA,NA,NA,NA
75f34,Laptop_red_100.jpg,S2,LR,100,NA,5,4,17,NA,NA,NA,4.5
75f34,Laptop_red_100.jpg,S2,LR,100,NA,NA,NA,NA,G4,3,4,NA
75f34,Laptop_red_100.jpg,S2,LR,100,NA,NA,NA,NA,NA,NA,NA,NA
76875,Laptop_red_50.jpg,S2,LR,50,10,NA,NA,NA,NA,NA,NA,NA
76875,Laptop_red_50.jpg,S2,LR,50,NA,4,3,17,NA,NA,NA,3.5
76875,Laptop_red_50.jpg,S2,LR,50,NA,NA,NA,NA,E3,5,3,NA
76875,Laptop_red_50.jpg,S2,LR,50,NA,NA,NA,NA,NA,NA,NA,NA
76a38,Laptop_blue_100.jpg,S2,LB,100,15,NA,NA,NA,NA,NA,NA,NA
76a38,Laptop_blue_100.jpg,S2,LB,100,NA,2,4,17,NA,NA,NA,3
76a38,Laptop_blue_100.jpg,S2,LB,100,NA,NA,NA,NA,H8,2,8,NA
76a38,Laptop_blue_100.jpg,S2,LB,100,NA,NA,NA,NA,NA,NA,NA,NA
776fa,Laptop_blue_50.jpg,S2,LB,50,13,NA,NA,NA,NA,NA,NA,NA
776fa,Laptop_blue_50.jpg,S2,LB,50,NA,4,3,15,NA,NA,NA,3.5
776fa,Laptop_blue_50.jpg,S2,LB,50,NA,NA,NA,NA,E5,5,5,NA
776fa,Laptop_blue_50.jpg,S2,LB,50,NA,NA,NA,NA,NA,NA,NA,NA
77983,Laptop_red_100.jpg,S2,LR,100,16,NA,NA,NA,NA,NA,NA,NA
77983,Laptop_red_100.jpg,S2,LR,100,NA,6,6,17,NA,NA,NA,6
77983,Laptop_red_100.jpg,S2,LR,100,NA,NA,NA,NA,F7,4,7,NA
77983,Laptop_red_100.jpg,S2,LR,100,NA,NA,NA,NA,NA,NA,NA,NA
78428,Laptop_red_50.jpg,S2,LR,50,17,NA,NA,NA,NA,NA,NA,NA
78428,Laptop_red_50.jpg,S2,LR,50,NA,6,6,16,NA,NA,NA,6
78428,Laptop_red_50.jpg,S2,LR,50,NA,NA,NA,NA,E5,5,5,NA
78428,Laptop_red_50.jpg,S2,LR,50,NA,NA,NA,NA,NA,NA,NA,NA
7951e,Laptop_red_50.jpg,S2,LR,50,15,NA,NA,NA,NA,NA,NA,NA
7951e,Laptop_red_50.jpg,S2,LR,50,NA,1,1,15,NA,NA,NA,1
7951e,Laptop_red_50.jpg,S2,LR,50,NA,NA,NA,NA,G9,3,9,NA
7951e,Laptop_red_50.jpg,S2,LR,50,NA,NA,NA,NA,NA,NA,NA,NA
7953f,Laptop_green_100.jpg,S2,LG,100,17,NA,NA,NA,NA,NA,NA,NA
7953f,Laptop_green_100.jpg,S2,LG,100,NA,5,5,16,NA,NA,NA,5
7953f,Laptop_green_100.jpg,S2,LG,100,NA,NA,NA,NA,G7,3,7,NA
7953f,Laptop_green_100.jpg,S2,LG,100,NA,NA,NA,NA,NA,NA,NA,NA
7cf73,Laptop_green_50.jpg,S2,LG,50,17,NA,NA,NA,NA,NA,NA,NA
7cf73,Laptop_green_50.jpg,S2,LG,50,NA,7,7,17,NA,NA,NA,7
7cf73,Laptop_green_50.jpg,S2,LG,50,NA,NA,NA,NA,E8,5,8,NA
7cf73,Laptop_green_50.jpg,S2,LG,50,NA,NA,NA,NA,NA,NA,NA,NA
7ea08,Laptop_red_50.jpg,S2,LR,50,14,NA,NA,NA,NA,NA,NA,NA
7ea08,Laptop_red_50.jpg,S2,LR,50,NA,5,3,17,NA,NA,NA,4
7ea08,Laptop_red_50.jpg,S2,LR,50,NA,NA,NA,NA,H6,2,6,NA
7ea08,Laptop_red_50.jpg,S2,LR,50,NA,NA,NA,NA,NA,NA,NA,NA
82671,Laptop_red_50.jpg,S2,LR,50,15,NA,NA,NA,NA,NA,NA,NA
82671,Laptop_red_50.jpg,S2,LR,50,NA,5,6,17,NA,NA,NA,5.5
82671,Laptop_red_50.jpg,S2,LR,50,NA,NA,NA,NA,E6,5,6,NA
82671,Laptop_red_50.jpg,S2,LR,50,NA,NA,NA,NA,NA,NA,NA,NA
83ebf,Laptop_green_100.jpg,S2,LG,100,17,NA,NA,NA,NA,NA,NA,NA
83ebf,Laptop_green_100.jpg,S2,LG,100,NA,6,6,17,NA,NA,NA,6
83ebf,Laptop_green_100.jpg,S2,LG,100,NA,NA,NA,NA,D6,6,6,NA
83ebf,Laptop_green_100.jpg,S2,LG,100,NA,NA,NA,NA,NA,NA,NA,NA
83f57,Laptop_red_50.jpg,S2,LR,50,17,NA,NA,NA,NA,NA,NA,NA
83f57,Laptop_red_50.jpg,S2,LR,50,NA,7,7,17,NA,NA,NA,7
83f57,Laptop_red_50.jpg,S2,LR,50,NA,NA,NA,NA,F7,4,7,NA
83f57,Laptop_red_50.jpg,S2,LR,50,NA,NA,NA,NA,NA,NA,NA,NA
847f5,Laptop_blue_100.jpg,S2,LB,100,15,NA,NA,NA,NA,NA,NA,NA
847f5,Laptop_blue_100.jpg,S2,LB,100,NA,6,6,17,NA,NA,NA,6
847f5,Laptop_blue_100.jpg,S2,LB,100,NA,NA,NA,NA,G5,3,5,NA
847f5,Laptop_blue_100.jpg,S2,LB,100,NA,NA,NA,NA,NA,NA,NA,NA
8a051,Laptop_green_100.jpg,S2,LG,100,15,NA,NA,NA,NA,NA,NA,NA
8a051,Laptop_green_100.jpg,S2,LG,100,NA,7,7,17,NA,NA,NA,7
8a051,Laptop_green_100.jpg,S2,LG,100,NA,NA,NA,NA,C7,7,7,NA
8a051,Laptop_green_100.jpg,S2,LG,100,NA,NA,NA,NA,NA,NA,NA,NA
8b68e,Laptop_green_50.jpg,S2,LG,50,12,NA,NA,NA,NA,NA,NA,NA
8b68e,Laptop_green_50.jpg,S2,LG,50,NA,7,7,16,NA,NA,NA,7
8b68e,Laptop_green_50.jpg,S2,LG,50,NA,NA,NA,NA,E7,5,7,NA
8b68e,Laptop_green_50.jpg,S2,LG,50,NA,NA,NA,NA,NA,NA,NA,NA
8c62c,Laptop_red_50.jpg,S2,LR,50,15,NA,NA,NA,NA,NA,NA,NA
8c62c,Laptop_red_50.jpg,S2,LR,50,NA,2,2,15,NA,NA,NA,2
8c62c,Laptop_red_50.jpg,S2,LR,50,NA,NA,NA,NA,G4,3,4,NA
8c62c,Laptop_red_50.jpg,S2,LR,50,NA,NA,NA,NA,NA,NA,NA,NA
8c9f7,Laptop_blue_50.jpg,S2,LB,50,16,NA,NA,NA,NA,NA,NA,NA
8c9f7,Laptop_blue_50.jpg,S2,LB,50,NA,5,5,17,NA,NA,NA,5
8c9f7,Laptop_blue_50.jpg,S2,LB,50,NA,NA,NA,NA,B3,8,3,NA
8c9f7,Laptop_blue_50.jpg,S2,LB,50,NA,NA,NA,NA,NA,NA,NA,NA
8cc2a,Laptop_red_50.jpg,S2,LR,50,12,NA,NA,NA,NA,NA,NA,NA
8cc2a,Laptop_red_50.jpg,S2,LR,50,NA,6,5,11,NA,NA,NA,5.5
8cc2a,Laptop_red_50.jpg,S2,LR,50,NA,NA,NA,NA,F4,4,4,NA
8cc2a,Laptop_red_50.jpg,S2,LR,50,NA,NA,NA,NA,NA,NA,NA,NA
8e78b,Laptop_blue_100.jpg,S2,LB,100,15,NA,NA,NA,NA,NA,NA,NA
8e78b,Laptop_blue_100.jpg,S2,LB,100,NA,4,4,15,NA,NA,NA,4
8e78b,Laptop_blue_100.jpg,S2,LB,100,NA,NA,NA,NA,E5,5,5,NA
8e78b,Laptop_blue_100.jpg,S2,LB,100,NA,NA,NA,NA,NA,NA,NA,NA
8f879,Laptop_red_50.jpg,S2,LR,50,15,NA,NA,NA,NA,NA,NA,NA
8f879,Laptop_red_50.jpg,S2,LR,50,NA,5,6,13,NA,NA,NA,5.5
8f879,Laptop_red_50.jpg,S2,LR,50,NA,NA,NA,NA,F2,4,2,NA
8f879,Laptop_red_50.jpg,S2,LR,50,NA,NA,NA,NA,NA,NA,NA,NA
90c1b,Laptop_red_50.jpg,S2,LR,50,14,NA,NA,NA,NA,NA,NA,NA
90c1b,Laptop_red_50.jpg,S2,LR,50,NA,6,6,13,NA,NA,NA,6
90c1b,Laptop_red_50.jpg,S2,LR,50,NA,NA,NA,NA,C9,7,9,NA
90c1b,Laptop_red_50.jpg,S2,LR,50,NA,NA,NA,NA,NA,NA,NA,NA
916d3,Laptop_green_100.jpg,S2,LG,100,15,NA,NA,NA,NA,NA,NA,NA
916d3,Laptop_green_100.jpg,S2,LG,100,NA,5,5,17,NA,NA,NA,5
916d3,Laptop_green_100.jpg,S2,LG,100,NA,NA,NA,NA,G7,3,7,NA
916d3,Laptop_green_100.jpg,S2,LG,100,NA,NA,NA,NA,NA,NA,NA,NA
929c0,Laptop_green_50.jpg,S2,LG,50,15,NA,NA,NA,NA,NA,NA,NA
929c0,Laptop_green_50.jpg,S2,LG,50,NA,7,7,15,NA,NA,NA,7
929c0,Laptop_green_50.jpg,S2,LG,50,NA,NA,NA,NA,E6,5,6,NA
929c0,Laptop_green_50.jpg,S2,LG,50,NA,NA,NA,NA,NA,NA,NA,NA
93455,Laptop_red_50.jpg,S2,LR,50,17,NA,NA,NA,NA,NA,NA,NA
93455,Laptop_red_50.jpg,S2,LR,50,NA,6,6,17,NA,NA,NA,6
93455,Laptop_red_50.jpg,S2,LR,50,NA,NA,NA,NA,D7,6,7,NA
93455,Laptop_red_50.jpg,S2,LR,50,NA,NA,NA,NA,NA,NA,NA,NA
944ef,Laptop_blue_50.jpg,S2,LB,50,15,NA,NA,NA,NA,NA,NA,NA
944ef,Laptop_blue_50.jpg,S2,LB,50,NA,2,3,17,NA,NA,NA,2.5
944ef,Laptop_blue_50.jpg,S2,LB,50,NA,NA,NA,NA,E6,5,6,NA
944ef,Laptop_blue_50.jpg,S2,LB,50,NA,NA,NA,NA,NA,NA,NA,NA
94c94,Laptop_green_50.jpg,S2,LG,50,13,NA,NA,NA,NA,NA,NA,NA
94c94,Laptop_green_50.jpg,S2,LG,50,NA,2,2,17,NA,NA,NA,2
94c94,Laptop_green_50.jpg,S2,LG,50,NA,NA,NA,NA,H8,2,8,NA
94c94,Laptop_green_50.jpg,S2,LG,50,NA,NA,NA,NA,NA,NA,NA,NA
94dfe,Laptop_green_50.jpg,S2,LG,50,16,NA,NA,NA,NA,NA,NA,NA
94dfe,Laptop_green_50.jpg,S2,LG,50,NA,4,5,15,NA,NA,NA,4.5
94dfe,Laptop_green_50.jpg,S2,LG,50,NA,NA,NA,NA,D7,6,7,NA
94dfe,Laptop_green_50.jpg,S2,LG,50,NA,NA,NA,NA,NA,NA,NA,NA
95dc2,Laptop_blue_50.jpg,S2,LB,50,17,NA,NA,NA,NA,NA,NA,NA
95dc2,Laptop_blue_50.jpg,S2,LB,50,NA,5,5,15,NA,NA,NA,5
95dc2,Laptop_blue_50.jpg,S2,LB,50,NA,NA,NA,NA,F6,4,6,NA
95dc2,Laptop_blue_50.jpg,S2,LB,50,NA,NA,NA,NA,NA,NA,NA,NA
977ef,Laptop_green_50.jpg,S2,LG,50,15,NA,NA,NA,NA,NA,NA,NA
977ef,Laptop_green_50.jpg,S2,LG,50,NA,5,3,17,NA,NA,NA,4
977ef,Laptop_green_50.jpg,S2,LG,50,NA,NA,NA,NA,G6,3,6,NA
977ef,Laptop_green_50.jpg,S2,LG,50,NA,NA,NA,NA,NA,NA,NA,NA
97e2f,Laptop_green_50.jpg,S2,LG,50,15,NA,NA,NA,NA,NA,NA,NA
97e2f,Laptop_green_50.jpg,S2,LG,50,NA,5,6,15,NA,NA,NA,5.5
97e2f,Laptop_green_50.jpg,S2,LG,50,NA,NA,NA,NA,F8,4,8,NA
97e2f,Laptop_green_50.jpg,S2,LG,50,NA,NA,NA,NA,NA,NA,NA,NA
9901a,Laptop_green_50.jpg,S2,LG,50,11,NA,NA,NA,NA,NA,NA,NA
9901a,Laptop_green_50.jpg,S2,LG,50,NA,5,5,13,NA,NA,NA,5
9901a,Laptop_green_50.jpg,S2,LG,50,NA,NA,NA,NA,G8,3,8,NA
9901a,Laptop_green_50.jpg,S2,LG,50,NA,NA,NA,NA,NA,NA,NA,NA
9a82f,Laptop_blue_100.jpg,S2,LB,100,17,NA,NA,NA,NA,NA,NA,NA
9a82f,Laptop_blue_100.jpg,S2,LB,100,NA,6,6,17,NA,NA,NA,6
9a82f,Laptop_blue_100.jpg,S2,LB,100,NA,NA,NA,NA,F5,4,5,NA
9a82f,Laptop_blue_100.jpg,S2,LB,100,NA,NA,NA,NA,NA,NA,NA,NA
9d0de,Laptop_red_100.jpg,S2,LR,100,15,NA,NA,NA,NA,NA,NA,NA
9d0de,Laptop_red_100.jpg,S2,LR,100,NA,6,6,16,NA,NA,NA,6
9d0de,Laptop_red_100.jpg,S2,LR,100,NA,NA,NA,NA,H7,2,7,NA
9d0de,Laptop_red_100.jpg,S2,LR,100,NA,NA,NA,NA,NA,NA,NA,NA
9d172,Laptop_green_100.jpg,S2,LG,100,17,NA,NA,NA,NA,NA,NA,NA
9d172,Laptop_green_100.jpg,S2,LG,100,NA,7,7,17,NA,NA,NA,7
9d172,Laptop_green_100.jpg,S2,LG,100,NA,NA,NA,NA,C5,7,5,NA
9d172,Laptop_green_100.jpg,S2,LG,100,NA,NA,NA,NA,NA,NA,NA,NA
9e53f,Laptop_blue_50.jpg,S2,LB,50,14,NA,NA,NA,NA,NA,NA,NA
9e53f,Laptop_blue_50.jpg,S2,LB,50,NA,5,5,15,NA,NA,NA,5
9e53f,Laptop_blue_50.jpg,S2,LB,50,NA,NA,NA,NA,G9,3,9,NA
9e53f,Laptop_blue_50.jpg,S2,LB,50,NA,NA,NA,NA,NA,NA,NA,NA
9eea5,Laptop_red_50.jpg,S2,LR,50,14,NA,NA,NA,NA,NA,NA,NA
9eea5,Laptop_red_50.jpg,S2,LR,50,NA,3,3,17,NA,NA,NA,3
9eea5,Laptop_red_50.jpg,S2,LR,50,NA,NA,NA,NA,H9,2,9,NA
9eea5,Laptop_red_50.jpg,S2,LR,50,NA,NA,NA,NA,NA,NA,NA,NA
9f101,Laptop_blue_50.jpg,S2,LB,50,17,NA,NA,NA,NA,NA,NA,NA
9f101,Laptop_blue_50.jpg,S2,LB,50,NA,5,5,17,NA,NA,NA,5
9f101,Laptop_blue_50.jpg,S2,LB,50,NA,NA,NA,NA,D7,6,7,NA
9f101,Laptop_blue_50.jpg,S2,LB,50,NA,NA,NA,NA,NA,NA,NA,NA
9f1de,Laptop_green_50.jpg,S2,LG,50,17,NA,NA,NA,NA,NA,NA,NA
9f1de,Laptop_green_50.jpg,S2,LG,50,NA,4,4,17,NA,NA,NA,4
9f1de,Laptop_green_50.jpg,S2,LG,50,NA,NA,NA,NA,E8,5,8,NA
9f1de,Laptop_green_50.jpg,S2,LG,50,NA,NA,NA,NA,NA,NA,NA,NA
a01c3,Laptop_red_50.jpg,S2,LR,50,17,NA,NA,NA,NA,NA,NA,NA
a01c3,Laptop_red_50.jpg,S2,LR,50,NA,6,4,17,NA,NA,NA,5
a01c3,Laptop_red_50.jpg,S2,LR,50,NA,NA,NA,NA,F7,4,7,NA
a01c3,Laptop_red_50.jpg,S2,LR,50,NA,NA,NA,NA,NA,NA,NA,NA
a145c,Laptop_blue_50.jpg,S2,LB,50,15,NA,NA,NA,NA,NA,NA,NA
a145c,Laptop_blue_50.jpg,S2,LB,50,NA,4,4,17,NA,NA,NA,4
a145c,Laptop_blue_50.jpg,S2,LB,50,NA,NA,NA,NA,G7,3,7,NA
a145c,Laptop_blue_50.jpg,S2,LB,50,NA,NA,NA,NA,NA,NA,NA,NA
a1912,Laptop_blue_50.jpg,S2,LB,50,11,NA,NA,NA,NA,NA,NA,NA
a1912,Laptop_blue_50.jpg,S2,LB,50,NA,6,5,11,NA,NA,NA,5.5
a1912,Laptop_blue_50.jpg,S2,LB,50,NA,NA,NA,NA,H8,2,8,NA
a1912,Laptop_blue_50.jpg,S2,LB,50,NA,NA,NA,NA,NA,NA,NA,NA
a1a93,Laptop_red_50.jpg,S2,LR,50,12,NA,NA,NA,NA,NA,NA,NA
a1a93,Laptop_red_50.jpg,S2,LR,50,NA,1,1,12,NA,NA,NA,1
a1a93,Laptop_red_50.jpg,S2,LR,50,NA,NA,NA,NA,G5,3,5,NA
a1a93,Laptop_red_50.jpg,S2,LR,50,NA,NA,NA,NA,NA,NA,NA,NA
a1ffe,Laptop_blue_50.jpg,S2,LB,50,15,NA,NA,NA,NA,NA,NA,NA
a1ffe,Laptop_blue_50.jpg,S2,LB,50,NA,4,4,17,NA,NA,NA,4
a1ffe,Laptop_blue_50.jpg,S2,LB,50,NA,NA,NA,NA,C5,7,5,NA
a1ffe,Laptop_blue_50.jpg,S2,LB,50,NA,NA,NA,NA,NA,NA,NA,NA
a3245,Laptop_blue_50.jpg,S2,LB,50,17,NA,NA,NA,NA,NA,NA,NA
a3245,Laptop_blue_50.jpg,S2,LB,50,NA,7,7,17,NA,NA,NA,7
a3245,Laptop_blue_50.jpg,S2,LB,50,NA,NA,NA,NA,E1,5,1,NA
a3245,Laptop_blue_50.jpg,S2,LB,50,NA,NA,NA,NA,NA,NA,NA,NA
a329c,Laptop_blue_100.jpg,S2,LB,100,14,NA,NA,NA,NA,NA,NA,NA
a329c,Laptop_blue_100.jpg,S2,LB,100,NA,2,2,15,NA,NA,NA,2
a329c,Laptop_blue_100.jpg,S2,LB,100,NA,NA,NA,NA,H6,2,6,NA
a329c,Laptop_blue_100.jpg,S2,LB,100,NA,NA,NA,NA,NA,NA,NA,NA
a5582,Laptop_green_100.jpg,S2,LG,100,15,NA,NA,NA,NA,NA,NA,NA
a5582,Laptop_green_100.jpg,S2,LG,100,NA,7,7,20,NA,NA,NA,7
a5582,Laptop_green_100.jpg,S2,LG,100,NA,NA,NA,NA,G7,3,7,NA
a5582,Laptop_green_100.jpg,S2,LG,100,NA,NA,NA,NA,NA,NA,NA,NA
a7bc5,Laptop_blue_100.jpg,S2,LB,100,15,NA,NA,NA,NA,NA,NA,NA
a7bc5,Laptop_blue_100.jpg,S2,LB,100,NA,7,7,15,NA,NA,NA,7
a7bc5,Laptop_blue_100.jpg,S2,LB,100,NA,NA,NA,NA,G8,3,8,NA
a7bc5,Laptop_blue_100.jpg,S2,LB,100,NA,NA,NA,NA,NA,NA,NA,NA
a81e9,Laptop_blue_100.jpg,S2,LB,100,15,NA,NA,NA,NA,NA,NA,NA
a81e9,Laptop_blue_100.jpg,S2,LB,100,NA,3,4,20,NA,NA,NA,3.5
a81e9,Laptop_blue_100.jpg,S2,LB,100,NA,NA,NA,NA,B8,8,8,NA
a81e9,Laptop_blue_100.jpg,S2,LB,100,NA,NA,NA,NA,NA,NA,NA,NA
a8763,Laptop_blue_100.jpg,S2,LB,100,13,NA,NA,NA,NA,NA,NA,NA
a8763,Laptop_blue_100.jpg,S2,LB,100,NA,3,2,17,NA,NA,NA,2.5
a8763,Laptop_blue_100.jpg,S2,LB,100,NA,NA,NA,NA,G5,3,5,NA
a8763,Laptop_blue_100.jpg,S2,LB,100,NA,NA,NA,NA,NA,NA,NA,NA
a8d69,Laptop_red_50.jpg,S2,LR,50,14,NA,NA,NA,NA,NA,NA,NA
a8d69,Laptop_red_50.jpg,S2,LR,50,NA,4,3,17,NA,NA,NA,3.5
a8d69,Laptop_red_50.jpg,S2,LR,50,NA,NA,NA,NA,F6,4,6,NA
a8d69,Laptop_red_50.jpg,S2,LR,50,NA,NA,NA,NA,NA,NA,NA,NA
a9632,Laptop_red_50.jpg,S2,LR,50,15,NA,NA,NA,NA,NA,NA,NA
a9632,Laptop_red_50.jpg,S2,LR,50,NA,6,6,13,NA,NA,NA,6
a9632,Laptop_red_50.jpg,S2,LR,50,NA,NA,NA,NA,D2,6,2,NA
a9632,Laptop_red_50.jpg,S2,LR,50,NA,NA,NA,NA,NA,NA,NA,NA
ac01e,Laptop_green_50.jpg,S2,LG,50,15,NA,NA,NA,NA,NA,NA,NA
ac01e,Laptop_green_50.jpg,S2,LG,50,NA,3,3,15,NA,NA,NA,3
ac01e,Laptop_green_50.jpg,S2,LG,50,NA,NA,NA,NA,F7,4,7,NA
ac01e,Laptop_green_50.jpg,S2,LG,50,NA,NA,NA,NA,NA,NA,NA,NA
ad87f,Laptop_green_50.jpg,S2,LG,50,17,NA,NA,NA,NA,NA,NA,NA
ad87f,Laptop_green_50.jpg,S2,LG,50,NA,4,3,17,NA,NA,NA,3.5
ad87f,Laptop_green_50.jpg,S2,LG,50,NA,NA,NA,NA,B4,8,4,NA
ad87f,Laptop_green_50.jpg,S2,LG,50,NA,NA,NA,NA,NA,NA,NA,NA
aebc6,Laptop_green_100.jpg,S2,LG,100,15,NA,NA,NA,NA,NA,NA,NA
aebc6,Laptop_green_100.jpg,S2,LG,100,NA,1,1,32,NA,NA,NA,1
aebc6,Laptop_green_100.jpg,S2,LG,100,NA,NA,NA,NA,G9,3,9,NA
aebc6,Laptop_green_100.jpg,S2,LG,100,NA,NA,NA,NA,NA,NA,NA,NA
b008c,Laptop_red_100.jpg,S2,LR,100,17,NA,NA,NA,NA,NA,NA,NA
b008c,Laptop_red_100.jpg,S2,LR,100,NA,5,6,17,NA,NA,NA,5.5
b008c,Laptop_red_100.jpg,S2,LR,100,NA,NA,NA,NA,D6,6,6,NA
b008c,Laptop_red_100.jpg,S2,LR,100,NA,NA,NA,NA,NA,NA,NA,NA
b2262,Laptop_red_100.jpg,S2,LR,100,14,NA,NA,NA,NA,NA,NA,NA
b2262,Laptop_red_100.jpg,S2,LR,100,NA,6,6,17,NA,NA,NA,6
b2262,Laptop_red_100.jpg,S2,LR,100,NA,NA,NA,NA,F8,4,8,NA
b2262,Laptop_red_100.jpg,S2,LR,100,NA,NA,NA,NA,NA,NA,NA,NA
b4496,Laptop_blue_50.jpg,S2,LB,50,12,NA,NA,NA,NA,NA,NA,NA
b4496,Laptop_blue_50.jpg,S2,LB,50,NA,4,4,14,NA,NA,NA,4
b4496,Laptop_blue_50.jpg,S2,LB,50,NA,NA,NA,NA,C8,7,8,NA
b4496,Laptop_blue_50.jpg,S2,LB,50,NA,NA,NA,NA,NA,NA,NA,NA
b512b,Laptop_blue_50.jpg,S2,LB,50,17,NA,NA,NA,NA,NA,NA,NA
b512b,Laptop_blue_50.jpg,S2,LB,50,NA,5,5,18,NA,NA,NA,5
b512b,Laptop_blue_50.jpg,S2,LB,50,NA,NA,NA,NA,G7,3,7,NA
b512b,Laptop_blue_50.jpg,S2,LB,50,NA,NA,NA,NA,NA,NA,NA,NA
b8761,Laptop_green_100.jpg,S2,LG,100,15,NA,NA,NA,NA,NA,NA,NA
b8761,Laptop_green_100.jpg,S2,LG,100,NA,2,2,17,NA,NA,NA,2
b8761,Laptop_green_100.jpg,S2,LG,100,NA,NA,NA,NA,G9,3,9,NA
b8761,Laptop_green_100.jpg,S2,LG,100,NA,NA,NA,NA,NA,NA,NA,NA
bbeea,Laptop_green_100.jpg,S2,LG,100,14,NA,NA,NA,NA,NA,NA,NA
bbeea,Laptop_green_100.jpg,S2,LG,100,NA,6,6,15,NA,NA,NA,6
bbeea,Laptop_green_100.jpg,S2,LG,100,NA,NA,NA,NA,G9,3,9,NA
bbeea,Laptop_green_100.jpg,S2,LG,100,NA,NA,NA,NA,NA,NA,NA,NA
bce23,Laptop_red_100.jpg,S2,LR,100,17,NA,NA,NA,NA,NA,NA,NA
bce23,Laptop_red_100.jpg,S2,LR,100,NA,7,7,17,NA,NA,NA,7
bce23,Laptop_red_100.jpg,S2,LR,100,NA,NA,NA,NA,C8,7,8,NA
bce23,Laptop_red_100.jpg,S2,LR,100,NA,NA,NA,NA,NA,NA,NA,NA
bf240,Laptop_blue_50.jpg,S2,LB,50,17,NA,NA,NA,NA,NA,NA,NA
bf240,Laptop_blue_50.jpg,S2,LB,50,NA,5,4,17,NA,NA,NA,4.5
bf240,Laptop_blue_50.jpg,S2,LB,50,NA,NA,NA,NA,C8,7,8,NA
bf240,Laptop_blue_50.jpg,S2,LB,50,NA,NA,NA,NA,NA,NA,NA,NA
bf72f,Laptop_blue_50.jpg,S2,LB,50,14,NA,NA,NA,NA,NA,NA,NA
bf72f,Laptop_blue_50.jpg,S2,LB,50,NA,2,1,15,NA,NA,NA,1.5
bf72f,Laptop_blue_50.jpg,S2,LB,50,NA,NA,NA,NA,F7,4,7,NA
bf72f,Laptop_blue_50.jpg,S2,LB,50,NA,NA,NA,NA,NA,NA,NA,NA
c0221,Laptop_red_50.jpg,S2,LR,50,15,NA,NA,NA,NA,NA,NA,NA
c0221,Laptop_red_50.jpg,S2,LR,50,NA,6,6,17,NA,NA,NA,6
c0221,Laptop_red_50.jpg,S2,LR,50,NA,NA,NA,NA,E6,5,6,NA
c0221,Laptop_red_50.jpg,S2,LR,50,NA,NA,NA,NA,NA,NA,NA,NA
c1934,Laptop_red_50.jpg,S2,LR,50,14,NA,NA,NA,NA,NA,NA,NA
c1934,Laptop_red_50.jpg,S2,LR,50,NA,6,5,17,NA,NA,NA,5.5
c1934,Laptop_red_50.jpg,S2,LR,50,NA,NA,NA,NA,G8,3,8,NA
c1934,Laptop_red_50.jpg,S2,LR,50,NA,NA,NA,NA,NA,NA,NA,NA
c2af8,Laptop_blue_50.jpg,S2,LB,50,13,NA,NA,NA,NA,NA,NA,NA
c2af8,Laptop_blue_50.jpg,S2,LB,50,NA,2,2,15,NA,NA,NA,2
c2af8,Laptop_blue_50.jpg,S2,LB,50,NA,NA,NA,NA,H8,2,8,NA
c2af8,Laptop_blue_50.jpg,S2,LB,50,NA,NA,NA,NA,NA,NA,NA,NA
c59f6,Laptop_blue_100.jpg,S2,LB,100,11,NA,NA,NA,NA,NA,NA,NA
c59f6,Laptop_blue_100.jpg,S2,LB,100,NA,5,5,12,NA,NA,NA,5
c59f6,Laptop_blue_100.jpg,S2,LB,100,NA,NA,NA,NA,B2,8,2,NA
c59f6,Laptop_blue_100.jpg,S2,LB,100,NA,NA,NA,NA,NA,NA,NA,NA
c5e02,Laptop_blue_100.jpg,S2,LB,100,14,NA,NA,NA,NA,NA,NA,NA
c5e02,Laptop_blue_100.jpg,S2,LB,100,NA,5,6,17,NA,NA,NA,5.5
c5e02,Laptop_blue_100.jpg,S2,LB,100,NA,NA,NA,NA,D8,6,8,NA
c5e02,Laptop_blue_100.jpg,S2,LB,100,NA,NA,NA,NA,NA,NA,NA,NA
c649e,Laptop_blue_50.jpg,S2,LB,50,15,NA,NA,NA,NA,NA,NA,NA
c649e,Laptop_blue_50.jpg,S2,LB,50,NA,3,2,14,NA,NA,NA,2.5
c649e,Laptop_blue_50.jpg,S2,LB,50,NA,NA,NA,NA,G7,3,7,NA
c649e,Laptop_blue_50.jpg,S2,LB,50,NA,NA,NA,NA,NA,NA,NA,NA
c6b54,Laptop_blue_100.jpg,S2,LB,100,15,NA,NA,NA,NA,NA,NA,NA
c6b54,Laptop_blue_100.jpg,S2,LB,100,NA,5,6,15,NA,NA,NA,5.5
c6b54,Laptop_blue_100.jpg,S2,LB,100,NA,NA,NA,NA,D2,6,2,NA
c6b54,Laptop_blue_100.jpg,S2,LB,100,NA,NA,NA,NA,NA,NA,NA,NA
c8a92,Laptop_green_100.jpg,S2,LG,100,13,NA,NA,NA,NA,NA,NA,NA
c8a92,Laptop_green_100.jpg,S2,LG,100,NA,3,3,21,NA,NA,NA,3
c8a92,Laptop_green_100.jpg,S2,LG,100,NA,NA,NA,NA,G7,3,7,NA
c8a92,Laptop_green_100.jpg,S2,LG,100,NA,NA,NA,NA,NA,NA,NA,NA
c8dd7,Laptop_green_100.jpg,S2,LG,100,14,NA,NA,NA,NA,NA,NA,NA
c8dd7,Laptop_green_100.jpg,S2,LG,100,NA,2,2,15,NA,NA,NA,2
c8dd7,Laptop_green_100.jpg,S2,LG,100,NA,NA,NA,NA,D7,6,7,NA
c8dd7,Laptop_green_100.jpg,S2,LG,100,NA,NA,NA,NA,NA,NA,NA,NA
c8f4f,Laptop_red_50.jpg,S2,LR,50,15,NA,NA,NA,NA,NA,NA,NA
c8f4f,Laptop_red_50.jpg,S2,LR,50,NA,6,6,17,NA,NA,NA,6
c8f4f,Laptop_red_50.jpg,S2,LR,50,NA,NA,NA,NA,B2,8,2,NA
c8f4f,Laptop_red_50.jpg,S2,LR,50,NA,NA,NA,NA,NA,NA,NA,NA
c911e,Laptop_blue_100.jpg,S2,LB,100,13,NA,NA,NA,NA,NA,NA,NA
c911e,Laptop_blue_100.jpg,S2,LB,100,NA,7,7,15,NA,NA,NA,7
c911e,Laptop_blue_100.jpg,S2,LB,100,NA,NA,NA,NA,C2,7,2,NA
c911e,Laptop_blue_100.jpg,S2,LB,100,NA,NA,NA,NA,NA,NA,NA,NA
c9140,Laptop_green_100.jpg,S2,LG,100,15,NA,NA,NA,NA,NA,NA,NA
c9140,Laptop_green_100.jpg,S2,LG,100,NA,5,4,17,NA,NA,NA,4.5
c9140,Laptop_green_100.jpg,S2,LG,100,NA,NA,NA,NA,C8,7,8,NA
c9140,Laptop_green_100.jpg,S2,LG,100,NA,NA,NA,NA,NA,NA,NA,NA
c918f,Laptop_red_50.jpg,S2,LR,50,15,NA,NA,NA,NA,NA,NA,NA
c918f,Laptop_red_50.jpg,S2,LR,50,NA,6,5,15,NA,NA,NA,5.5
c918f,Laptop_red_50.jpg,S2,LR,50,NA,NA,NA,NA,G5,3,5,NA
c918f,Laptop_red_50.jpg,S2,LR,50,NA,NA,NA,NA,NA,NA,NA,NA
caec1,Laptop_green_50.jpg,S2,LG,50,15,NA,NA,NA,NA,NA,NA,NA
caec1,Laptop_green_50.jpg,S2,LG,50,NA,6,7,17,NA,NA,NA,6.5
caec1,Laptop_green_50.jpg,S2,LG,50,NA,NA,NA,NA,E9,5,9,NA
caec1,Laptop_green_50.jpg,S2,LG,50,NA,NA,NA,NA,NA,NA,NA,NA
cb56b,Laptop_blue_100.jpg,S2,LB,100,15,NA,NA,NA,NA,NA,NA,NA
cb56b,Laptop_blue_100.jpg,S2,LB,100,NA,5,5,18,NA,NA,NA,5
cb56b,Laptop_blue_100.jpg,S2,LB,100,NA,NA,NA,NA,F8,4,8,NA
cb56b,Laptop_blue_100.jpg,S2,LB,100,NA,NA,NA,NA,NA,NA,NA,NA
cb92c,Laptop_green_50.jpg,S2,LG,50,15,NA,NA,NA,NA,NA,NA,NA
cb92c,Laptop_green_50.jpg,S2,LG,50,NA,3,3,17,NA,NA,NA,3
cb92c,Laptop_green_50.jpg,S2,LG,50,NA,NA,NA,NA,G7,3,7,NA
cb92c,Laptop_green_50.jpg,S2,LG,50,NA,NA,NA,NA,NA,NA,NA,NA
cba62,Laptop_blue_100.jpg,S2,LB,100,17,NA,NA,NA,NA,NA,NA,NA
cba62,Laptop_blue_100.jpg,S2,LB,100,NA,4,4,15,NA,NA,NA,4
cba62,Laptop_blue_100.jpg,S2,LB,100,NA,NA,NA,NA,C7,7,7,NA
cba62,Laptop_blue_100.jpg,S2,LB,100,NA,NA,NA,NA,NA,NA,NA,NA
cd372,Laptop_red_50.jpg,S2,LR,50,14,NA,NA,NA,NA,NA,NA,NA
cd372,Laptop_red_50.jpg,S2,LR,50,NA,6,7,15,NA,NA,NA,6.5
cd372,Laptop_red_50.jpg,S2,LR,50,NA,NA,NA,NA,B7,8,7,NA
cd372,Laptop_red_50.jpg,S2,LR,50,NA,NA,NA,NA,NA,NA,NA,NA
ce4bd,Laptop_blue_100.jpg,S2,LB,100,16,NA,NA,NA,NA,NA,NA,NA
ce4bd,Laptop_blue_100.jpg,S2,LB,100,NA,6,6,17,NA,NA,NA,6
ce4bd,Laptop_blue_100.jpg,S2,LB,100,NA,NA,NA,NA,C5,7,5,NA
ce4bd,Laptop_blue_100.jpg,S2,LB,100,NA,NA,NA,NA,NA,NA,NA,NA
cfae3,Laptop_blue_100.jpg,S2,LB,100,13,NA,NA,NA,NA,NA,NA,NA
cfae3,Laptop_blue_100.jpg,S2,LB,100,NA,6,6,15,NA,NA,NA,6
cfae3,Laptop_blue_100.jpg,S2,LB,100,NA,NA,NA,NA,F7,4,7,NA
cfae3,Laptop_blue_100.jpg,S2,LB,100,NA,NA,NA,NA,NA,NA,NA,NA
d0679,Laptop_blue_100.jpg,S2,LB,100,13,NA,NA,NA,NA,NA,NA,NA
d0679,Laptop_blue_100.jpg,S2,LB,100,NA,3,3,17,NA,NA,NA,3
d0679,Laptop_blue_100.jpg,S2,LB,100,NA,NA,NA,NA,D7,6,7,NA
d0679,Laptop_blue_100.jpg,S2,LB,100,NA,NA,NA,NA,NA,NA,NA,NA
d0d06,Laptop_red_50.jpg,S2,LR,50,15,NA,NA,NA,NA,NA,NA,NA
d0d06,Laptop_red_50.jpg,S2,LR,50,NA,1,1,17,NA,NA,NA,1
d0d06,Laptop_red_50.jpg,S2,LR,50,NA,NA,NA,NA,G9,3,9,NA
d0d06,Laptop_red_50.jpg,S2,LR,50,NA,NA,NA,NA,NA,NA,NA,NA
d1584,Laptop_green_100.jpg,S2,LG,100,15,NA,NA,NA,NA,NA,NA,NA
d1584,Laptop_green_100.jpg,S2,LG,100,NA,2,2,17,NA,NA,NA,2
d1584,Laptop_green_100.jpg,S2,LG,100,NA,NA,NA,NA,H9,2,9,NA
d1584,Laptop_green_100.jpg,S2,LG,100,NA,NA,NA,NA,NA,NA,NA,NA
d2d9c,Laptop_blue_50.jpg,S2,LB,50,17,NA,NA,NA,NA,NA,NA,NA
d2d9c,Laptop_blue_50.jpg,S2,LB,50,NA,6,7,15,NA,NA,NA,6.5
d2d9c,Laptop_blue_50.jpg,S2,LB,50,NA,NA,NA,NA,E7,5,7,NA
d2d9c,Laptop_blue_50.jpg,S2,LB,50,NA,NA,NA,NA,NA,NA,NA,NA
d2ec2,Laptop_green_50.jpg,S2,LG,50,15,NA,NA,NA,NA,NA,NA,NA
d2ec2,Laptop_green_50.jpg,S2,LG,50,NA,6,7,17,NA,NA,NA,6.5
d2ec2,Laptop_green_50.jpg,S2,LG,50,NA,NA,NA,NA,G8,3,8,NA
d2ec2,Laptop_green_50.jpg,S2,LG,50,NA,NA,NA,NA,NA,NA,NA,NA
d4932,Laptop_green_50.jpg,S2,LG,50,15,NA,NA,NA,NA,NA,NA,NA
d4932,Laptop_green_50.jpg,S2,LG,50,NA,5,6,17,NA,NA,NA,5.5
d4932,Laptop_green_50.jpg,S2,LG,50,NA,NA,NA,NA,F6,4,6,NA
d4932,Laptop_green_50.jpg,S2,LG,50,NA,NA,NA,NA,NA,NA,NA,NA
d5f96,Laptop_red_50.jpg,S2,LR,50,16,NA,NA,NA,NA,NA,NA,NA
d5f96,Laptop_red_50.jpg,S2,LR,50,NA,1,1,17,NA,NA,NA,1
d5f96,Laptop_red_50.jpg,S2,LR,50,NA,NA,NA,NA,H6,2,6,NA
d5f96,Laptop_red_50.jpg,S2,LR,50,NA,NA,NA,NA,NA,NA,NA,NA
d65eb,Laptop_blue_100.jpg,S2,LB,100,15,NA,NA,NA,NA,NA,NA,NA
d65eb,Laptop_blue_100.jpg,S2,LB,100,NA,4,4,15,NA,NA,NA,4
d65eb,Laptop_blue_100.jpg,S2,LB,100,NA,NA,NA,NA,H6,2,6,NA
d65eb,Laptop_blue_100.jpg,S2,LB,100,NA,NA,NA,NA,NA,NA,NA,NA
d67e9,Laptop_blue_100.jpg,S2,LB,100,13,NA,NA,NA,NA,NA,NA,NA
d67e9,Laptop_blue_100.jpg,S2,LB,100,NA,2,2,15,NA,NA,NA,2
d67e9,Laptop_blue_100.jpg,S2,LB,100,NA,NA,NA,NA,G5,3,5,NA
d67e9,Laptop_blue_100.jpg,S2,LB,100,NA,NA,NA,NA,NA,NA,NA,NA
d7876,Laptop_blue_50.jpg,S2,LB,50,17,NA,NA,NA,NA,NA,NA,NA
d7876,Laptop_blue_50.jpg,S2,LB,50,NA,1,1,16,NA,NA,NA,1
d7876,Laptop_blue_50.jpg,S2,LB,50,NA,NA,NA,NA,G8,3,8,NA
d7876,Laptop_blue_50.jpg,S2,LB,50,NA,NA,NA,NA,NA,NA,NA,NA
d8538,Laptop_red_50.jpg,S2,LR,50,15,NA,NA,NA,NA,NA,NA,NA
d8538,Laptop_red_50.jpg,S2,LR,50,NA,2,2,17,NA,NA,NA,2
d8538,Laptop_red_50.jpg,S2,LR,50,NA,NA,NA,NA,E6,5,6,NA
d8538,Laptop_red_50.jpg,S2,LR,50,NA,NA,NA,NA,NA,NA,NA,NA
db11a,Laptop_red_100.jpg,S2,LR,100,17,NA,NA,NA,NA,NA,NA,NA
db11a,Laptop_red_100.jpg,S2,LR,100,NA,7,7,17,NA,NA,NA,7
db11a,Laptop_red_100.jpg,S2,LR,100,NA,NA,NA,NA,C3,7,3,NA
db11a,Laptop_red_100.jpg,S2,LR,100,NA,NA,NA,NA,NA,NA,NA,NA
dcfac,Laptop_green_100.jpg,S2,LG,100,17,NA,NA,NA,NA,NA,NA,NA
dcfac,Laptop_green_100.jpg,S2,LG,100,NA,5,5,15,NA,NA,NA,5
dcfac,Laptop_green_100.jpg,S2,LG,100,NA,NA,NA,NA,F7,4,7,NA
dcfac,Laptop_green_100.jpg,S2,LG,100,NA,NA,NA,NA,NA,NA,NA,NA
dd414,Laptop_red_100.jpg,S2,LR,100,16,NA,NA,NA,NA,NA,NA,NA
dd414,Laptop_red_100.jpg,S2,LR,100,NA,7,7,15,NA,NA,NA,7
dd414,Laptop_red_100.jpg,S2,LR,100,NA,NA,NA,NA,D8,6,8,NA
dd414,Laptop_red_100.jpg,S2,LR,100,NA,NA,NA,NA,NA,NA,NA,NA
dec23,Laptop_red_50.jpg,S2,LR,50,15,NA,NA,NA,NA,NA,NA,NA
dec23,Laptop_red_50.jpg,S2,LR,50,NA,4,4,17,NA,NA,NA,4
dec23,Laptop_red_50.jpg,S2,LR,50,NA,NA,NA,NA,F8,4,8,NA
dec23,Laptop_red_50.jpg,S2,LR,50,NA,NA,NA,NA,NA,NA,NA,NA
df8d6,Laptop_green_100.jpg,S2,LG,100,15,NA,NA,NA,NA,NA,NA,NA
df8d6,Laptop_green_100.jpg,S2,LG,100,NA,7,6,17,NA,NA,NA,6.5
df8d6,Laptop_green_100.jpg,S2,LG,100,NA,NA,NA,NA,G7,3,7,NA
df8d6,Laptop_green_100.jpg,S2,LG,100,NA,NA,NA,NA,NA,NA,NA,NA
e0184,Laptop_red_50.jpg,S2,LR,50,16,NA,NA,NA,NA,NA,NA,NA
e0184,Laptop_red_50.jpg,S2,LR,50,NA,6,6,24,NA,NA,NA,6
e0184,Laptop_red_50.jpg,S2,LR,50,NA,NA,NA,NA,F8,4,8,NA
e0184,Laptop_red_50.jpg,S2,LR,50,NA,NA,NA,NA,NA,NA,NA,NA
e134b,Laptop_red_100.jpg,S2,LR,100,13,NA,NA,NA,NA,NA,NA,NA
e134b,Laptop_red_100.jpg,S2,LR,100,NA,5,5,17,NA,NA,NA,5
e134b,Laptop_red_100.jpg,S2,LR,100,NA,NA,NA,NA,E6,5,6,NA
e134b,Laptop_red_100.jpg,S2,LR,100,NA,NA,NA,NA,NA,NA,NA,NA
e1654,Laptop_red_100.jpg,S2,LR,100,15,NA,NA,NA,NA,NA,NA,NA
e1654,Laptop_red_100.jpg,S2,LR,100,NA,7,7,17,NA,NA,NA,7
e1654,Laptop_red_100.jpg,S2,LR,100,NA,NA,NA,NA,G2,3,2,NA
e1654,Laptop_red_100.jpg,S2,LR,100,NA,NA,NA,NA,NA,NA,NA,NA
e19b0,Laptop_green_100.jpg,S2,LG,100,15,NA,NA,NA,NA,NA,NA,NA
e19b0,Laptop_green_100.jpg,S2,LG,100,NA,6,6,17,NA,NA,NA,6
e19b0,Laptop_green_100.jpg,S2,LG,100,NA,NA,NA,NA,E5,5,5,NA
e19b0,Laptop_green_100.jpg,S2,LG,100,NA,NA,NA,NA,NA,NA,NA,NA
e1fbf,Laptop_red_100.jpg,S2,LR,100,14,NA,NA,NA,NA,NA,NA,NA
e1fbf,Laptop_red_100.jpg,S2,LR,100,NA,7,7,14,NA,NA,NA,7
e1fbf,Laptop_red_100.jpg,S2,LR,100,NA,NA,NA,NA,F6,4,6,NA
e1fbf,Laptop_red_100.jpg,S2,LR,100,NA,NA,NA,NA,NA,NA,NA,NA
e25ac,Laptop_red_100.jpg,S2,LR,100,15,NA,NA,NA,NA,NA,NA,NA
e25ac,Laptop_red_100.jpg,S2,LR,100,NA,6,6,15,NA,NA,NA,6
e25ac,Laptop_red_100.jpg,S2,LR,100,NA,NA,NA,NA,F9,4,9,NA
e25ac,Laptop_red_100.jpg,S2,LR,100,NA,NA,NA,NA,NA,NA,NA,NA
e41c7,Laptop_green_50.jpg,S2,LG,50,15,NA,NA,NA,NA,NA,NA,NA
e41c7,Laptop_green_50.jpg,S2,LG,50,NA,5,5,17,NA,NA,NA,5
e41c7,Laptop_green_50.jpg,S2,LG,50,NA,NA,NA,NA,C3,7,3,NA
e41c7,Laptop_green_50.jpg,S2,LG,50,NA,NA,NA,NA,NA,NA,NA,NA
e4cda,Laptop_blue_100.jpg,S2,LB,100,17,NA,NA,NA,NA,NA,NA,NA
e4cda,Laptop_blue_100.jpg,S2,LB,100,NA,4,4,15,NA,NA,NA,4
e4cda,Laptop_blue_100.jpg,S2,LB,100,NA,NA,NA,NA,E6,5,6,NA
e4cda,Laptop_blue_100.jpg,S2,LB,100,NA,NA,NA,NA,NA,NA,NA,NA
e68fa,Laptop_blue_100.jpg,S2,LB,100,17,NA,NA,NA,NA,NA,NA,NA
e68fa,Laptop_blue_100.jpg,S2,LB,100,NA,3,3,17,NA,NA,NA,3
e68fa,Laptop_blue_100.jpg,S2,LB,100,NA,NA,NA,NA,F8,4,8,NA
e68fa,Laptop_blue_100.jpg,S2,LB,100,NA,NA,NA,NA,NA,NA,NA,NA
e695c,Laptop_red_50.jpg,S2,LR,50,15,NA,NA,NA,NA,NA,NA,NA
e695c,Laptop_red_50.jpg,S2,LR,50,NA,1,1,17,NA,NA,NA,1
e695c,Laptop_red_50.jpg,S2,LR,50,NA,NA,NA,NA,E2,5,2,NA
e695c,Laptop_red_50.jpg,S2,LR,50,NA,NA,NA,NA,NA,NA,NA,NA
e711a,Laptop_blue_50.jpg,S2,LB,50,17,NA,NA,NA,NA,NA,NA,NA
e711a,Laptop_blue_50.jpg,S2,LB,50,NA,7,7,17,NA,NA,NA,7
e711a,Laptop_blue_50.jpg,S2,LB,50,NA,NA,NA,NA,E8,5,8,NA
e711a,Laptop_blue_50.jpg,S2,LB,50,NA,NA,NA,NA,NA,NA,NA,NA
e7f06,Laptop_blue_100.jpg,S2,LB,100,14,NA,NA,NA,NA,NA,NA,NA
e7f06,Laptop_blue_100.jpg,S2,LB,100,NA,4,4,15,NA,NA,NA,4
e7f06,Laptop_blue_100.jpg,S2,LB,100,NA,NA,NA,NA,G4,3,4,NA
e7f06,Laptop_blue_100.jpg,S2,LB,100,NA,NA,NA,NA,NA,NA,NA,NA
e911b,Laptop_green_50.jpg,S2,LG,50,14,NA,NA,NA,NA,NA,NA,NA
e911b,Laptop_green_50.jpg,S2,LG,50,NA,7,7,15,NA,NA,NA,7
e911b,Laptop_green_50.jpg,S2,LG,50,NA,NA,NA,NA,E7,5,7,NA
e911b,Laptop_green_50.jpg,S2,LG,50,NA,NA,NA,NA,NA,NA,NA,NA
e9b79,Laptop_green_100.jpg,S2,LG,100,14,NA,NA,NA,NA,NA,NA,NA
e9b79,Laptop_green_100.jpg,S2,LG,100,NA,2,2,17,NA,NA,NA,2
e9b79,Laptop_green_100.jpg,S2,LG,100,NA,NA,NA,NA,D8,6,8,NA
e9b79,Laptop_green_100.jpg,S2,LG,100,NA,NA,NA,NA,NA,NA,NA,NA
eb549,Laptop_green_100.jpg,S2,LG,100,12,NA,NA,NA,NA,NA,NA,NA
eb549,Laptop_green_100.jpg,S2,LG,100,NA,2,2,20,NA,NA,NA,2
eb549,Laptop_green_100.jpg,S2,LG,100,NA,NA,NA,NA,D7,6,7,NA
eb549,Laptop_green_100.jpg,S2,LG,100,NA,NA,NA,NA,NA,NA,NA,NA
ec13f,Laptop_blue_50.jpg,S2,LB,50,17,NA,NA,NA,NA,NA,NA,NA
ec13f,Laptop_blue_50.jpg,S2,LB,50,NA,2,2,19,NA,NA,NA,2
ec13f,Laptop_blue_50.jpg,S2,LB,50,NA,NA,NA,NA,D8,6,8,NA
ec13f,Laptop_blue_50.jpg,S2,LB,50,NA,NA,NA,NA,NA,NA,NA,NA
ec420,Laptop_red_50.jpg,S2,LR,50,15,NA,NA,NA,NA,NA,NA,NA
ec420,Laptop_red_50.jpg,S2,LR,50,NA,6,6,17,NA,NA,NA,6
ec420,Laptop_red_50.jpg,S2,LR,50,NA,NA,NA,NA,F7,4,7,NA
ec420,Laptop_red_50.jpg,S2,LR,50,NA,NA,NA,NA,NA,NA,NA,NA
efc6a,Laptop_red_50.jpg,S2,LR,50,12,NA,NA,NA,NA,NA,NA,NA
efc6a,Laptop_red_50.jpg,S2,LR,50,NA,6,6,12,NA,NA,NA,6
efc6a,Laptop_red_50.jpg,S2,LR,50,NA,NA,NA,NA,H7,2,7,NA
efc6a,Laptop_red_50.jpg,S2,LR,50,NA,NA,NA,NA,NA,NA,NA,NA
f19d3,Laptop_green_50.jpg,S2,LG,50,15,NA,NA,NA,NA,NA,NA,NA
f19d3,Laptop_green_50.jpg,S2,LG,50,NA,5,5,17,NA,NA,NA,5
f19d3,Laptop_green_50.jpg,S2,LG,50,NA,NA,NA,NA,D9,6,9,NA
f19d3,Laptop_green_50.jpg,S2,LG,50,NA,NA,NA,NA,NA,NA,NA,NA
f205b,Laptop_red_50.jpg,S2,LR,50,15,NA,NA,NA,NA,NA,NA,NA
f205b,Laptop_red_50.jpg,S2,LR,50,NA,7,7,17,NA,NA,NA,7
f205b,Laptop_red_50.jpg,S2,LR,50,NA,NA,NA,NA,H7,2,7,NA
f205b,Laptop_red_50.jpg,S2,LR,50,NA,NA,NA,NA,NA,NA,NA,NA
f23cd,Laptop_red_100.jpg,S2,LR,100,15,NA,NA,NA,NA,NA,NA,NA
f23cd,Laptop_red_100.jpg,S2,LR,100,NA,6,6,20,NA,NA,NA,6
f23cd,Laptop_red_100.jpg,S2,LR,100,NA,NA,NA,NA,D6,6,6,NA
f23cd,Laptop_red_100.jpg,S2,LR,100,NA,NA,NA,NA,NA,NA,NA,NA
f2a94,Laptop_red_50.jpg,S2,LR,50,16,NA,NA,NA,NA,NA,NA,NA
f2a94,Laptop_red_50.jpg,S2,LR,50,NA,5,5,15,NA,NA,NA,5
f2a94,Laptop_red_50.jpg,S2,LR,50,NA,NA,NA,NA,G4,3,4,NA
f2a94,Laptop_red_50.jpg,S2,LR,50,NA,NA,NA,NA,NA,NA,NA,NA
f39ea,Laptop_red_50.jpg,S2,LR,50,11,NA,NA,NA,NA,NA,NA,NA
f39ea,Laptop_red_50.jpg,S2,LR,50,NA,2,3,10,NA,NA,NA,2.5
f39ea,Laptop_red_50.jpg,S2,LR,50,NA,NA,NA,NA,E7,5,7,NA
f39ea,Laptop_red_50.jpg,S2,LR,50,NA,NA,NA,NA,NA,NA,NA,NA
f58a2,Laptop_green_100.jpg,S2,LG,100,17,NA,NA,NA,NA,NA,NA,NA
f58a2,Laptop_green_100.jpg,S2,LG,100,NA,7,7,17,NA,NA,NA,7
f58a2,Laptop_green_100.jpg,S2,LG,100,NA,NA,NA,NA,F7,4,7,NA
f58a2,Laptop_green_100.jpg,S2,LG,100,NA,NA,NA,NA,NA,NA,NA,NA
f78aa,Laptop_green_50.jpg,S2,LG,50,13,NA,NA,NA,NA,NA,NA,NA
f78aa,Laptop_green_50.jpg,S2,LG,50,NA,6,7,14,NA,NA,NA,6.5
f78aa,Laptop_green_50.jpg,S2,LG,50,NA,NA,NA,NA,H5,2,5,NA
f78aa,Laptop_green_50.jpg,S2,LG,50,NA,NA,NA,NA,NA,NA,NA,NA
f79ce,Laptop_blue_100.jpg,S2,LB,100,17,NA,NA,NA,NA,NA,NA,NA
f79ce,Laptop_blue_100.jpg,S2,LB,100,NA,2,2,17,NA,NA,NA,2
f79ce,Laptop_blue_100.jpg,S2,LB,100,NA,NA,NA,NA,E4,5,4,NA
f79ce,Laptop_blue_100.jpg,S2,LB,100,NA,NA,NA,NA,NA,NA,NA,NA
f8770,Laptop_green_100.jpg,S2,LG,100,16,NA,NA,NA,NA,NA,NA,NA
f8770,Laptop_green_100.jpg,S2,LG,100,NA,5,7,15,NA,NA,NA,6
f8770,Laptop_green_100.jpg,S2,LG,100,NA,NA,NA,NA,I9,1,9,NA
f8770,Laptop_green_100.jpg,S2,LG,100,NA,NA,NA,NA,NA,NA,NA,NA
fa58e,Laptop_red_100.jpg,S2,LR,100,14,NA,NA,NA,NA,NA,NA,NA
fa58e,Laptop_red_100.jpg,S2,LR,100,NA,1,1,17,NA,NA,NA,1
fa58e,Laptop_red_100.jpg,S2,LR,100,NA,NA,NA,NA,G5,3,5,NA
fa58e,Laptop_red_100.jpg,S2,LR,100,NA,NA,NA,NA,NA,NA,NA,NA
fb48d,Laptop_green_50.jpg,S2,LG,50,15,NA,NA,NA,NA,NA,NA,NA
fb48d,Laptop_green_50.jpg,S2,LG,50,NA,5,5,17,NA,NA,NA,5
fb48d,Laptop_green_50.jpg,S2,LG,50,NA,NA,NA,NA,G5,3,5,NA
fb48d,Laptop_green_50.jpg,S2,LG,50,NA,NA,NA,NA,NA,NA,NA,NA
fcb71,Laptop_green_100.jpg,S2,LG,100,13,NA,NA,NA,NA,NA,NA,NA
fcb71,Laptop_green_100.jpg,S2,LG,100,NA,5,5,17,NA,NA,NA,5
fcb71,Laptop_green_100.jpg,S2,LG,100,NA,NA,NA,NA,H8,2,8,NA
fcb71,Laptop_green_100.jpg,S2,LG,100,NA,NA,NA,NA,NA,NA,NA,NA
ff3bd,Laptop_green_100.jpg,S2,LG,100,16,NA,NA,NA,NA,NA,NA,NA
ff3bd,Laptop_green_100.jpg,S2,LG,100,NA,7,7,18,NA,NA,NA,7
ff3bd,Laptop_green_100.jpg,S2,LG,100,NA,NA,NA,NA,C7,7,7,NA
ff3bd,Laptop_green_100.jpg,S2,LG,100,NA,NA,NA,NA,NA,NA,NA,NA
ff764,Laptop_blue_100.jpg,S2,LB,100,15,NA,NA,NA,NA,NA,NA,NA
ff764,Laptop_blue_100.jpg,S2,LB,100,NA,6,7,20,NA,NA,NA,6.5
ff764,Laptop_blue_100.jpg,S2,LB,100,NA,NA,NA,NA,C8,7,8,NA
ff764,Laptop_blue_100.jpg,S2,LB,100,NA,NA,NA,NA,NA,NA,NA,NA
11d5a,Laptop_green_100.jpg,S2,LG,100,11,NA,NA,NA,NA,NA,NA,NA
11d5a,Laptop_green_100.jpg,S2,LG,100,NA,2,2,17,NA,NA,NA,2
11d5a,Laptop_green_100.jpg,S2,LG,100,NA,NA,NA,NA,D4,6,4,NA
11d5a,Laptop_green_100.jpg,S2,LG,100,NA,NA,NA,NA,NA,NA,NA,NA
5fc3d,Laptop_green_50.jpg,S2,LG,50,14,NA,NA,NA,NA,NA,NA,NA
5fc3d,Laptop_green_50.jpg,S2,LG,50,NA,2,2,17,NA,NA,NA,2
5fc3d,Laptop_green_50.jpg,S2,LG,50,NA,NA,NA,NA,F7,4,7,NA
5fc3d,Laptop_green_50.jpg,S2,LG,50,NA,NA,NA,NA,NA,NA,NA,NA
6af14,Laptop_blue_100.jpg,S2,LB,100,13,NA,NA,NA,NA,NA,NA,NA
6af14,Laptop_blue_100.jpg,S2,LB,100,NA,7,7,15,NA,NA,NA,7
6af14,Laptop_blue_100.jpg,S2,LB,100,NA,NA,NA,NA,G8,3,8,NA
6af14,Laptop_blue_100.jpg,S2,LB,100,NA,NA,NA,NA,NA,NA,NA,NA
7fac8,Laptop_red_100.jpg,S2,LR,100,15,NA,NA,NA,NA,NA,NA,NA
7fac8,Laptop_red_100.jpg,S2,LR,100,NA,7,7,17,NA,NA,NA,7
7fac8,Laptop_red_100.jpg,S2,LR,100,NA,NA,NA,NA,E1,5,1,NA
7fac8,Laptop_red_100.jpg,S2,LR,100,NA,NA,NA,NA,NA,NA,NA,NA
9f82e,Laptop_green_100.jpg,S2,LG,100,16,NA,NA,NA,NA,NA,NA,NA
9f82e,Laptop_green_100.jpg,S2,LG,100,NA,6,6,16,NA,NA,NA,6
9f82e,Laptop_green_100.jpg,S2,LG,100,NA,NA,NA,NA,E7,5,7,NA
9f82e,Laptop_green_100.jpg,S2,LG,100,NA,NA,NA,NA,NA,NA,NA,NA
e0c57,Laptop_green_100.jpg,S2,LG,100,17,NA,NA,NA,NA,NA,NA,NA
e0c57,Laptop_green_100.jpg,S2,LG,100,NA,7,7,17,NA,NA,NA,7
e0c57,Laptop_green_100.jpg,S2,LG,100,NA,NA,NA,NA,C8,7,8,NA
e0c57,Laptop_green_100.jpg,S2,LG,100,NA,NA,NA,NA,NA,NA,NA,NA
ea8d3,Laptop_blue_50.jpg,S2,LB,50,17,NA,NA,NA,NA,NA,NA,NA
ea8d3,Laptop_blue_50.jpg,S2,LB,50,NA,6,5,17,NA,NA,NA,5.5
ea8d3,Laptop_blue_50.jpg,S2,LB,50,NA,NA,NA,NA,F7,4,7,NA
ea8d3,Laptop_blue_50.jpg,S2,LB,50,NA,NA,NA,NA,NA,NA,NA,NA
