ID,S,Color,Sat,pic_suitcase,goal_pursuit,prize,suitcase_selection_1,suitcase_selection_2,suitcase_selection_3,suitcase_selection_4,suitcase_selection_5,attention_suitcase_1,attention_suitcase_2,evaluation,suitcase_attention_mean
0121e,S3,GS,25,suitcase_25.jpg,small_goal,NA,7,7,7,7,7,NA,NA,7,NA
0121e,S3,GS,25,suitcase_25.jpg,small_goal,85,NA,NA,NA,NA,NA,6,6,NA,6
0121e,S3,GS,25,suitcase_25.jpg,small_goal,NA,NA,NA,NA,NA,NA,NA,NA,NA,NA
01d7f,S3,GB,75,suitcase_75.jpg,big_goal,NA,5,6,6,6,4,NA,NA,5.4,NA
01d7f,S3,GB,75,suitcase_75.jpg,big_goal,10,NA,NA,NA,NA,NA,4,4,NA,4
01d7f,S3,GB,75,suitcase_75.jpg,big_goal,NA,NA,NA,NA,NA,NA,NA,NA,NA,NA
02871,S3,GB,100,suitcase_100.jpg,big_goal,NA,5,6,5,6,5,NA,NA,5.4,NA
02871,S3,GB,100,suitcase_100.jpg,big_goal,50,NA,NA,NA,NA,NA,5,4,NA,4.5
02871,S3,GB,100,suitcase_100.jpg,big_goal,NA,NA,NA,NA,NA,NA,NA,NA,NA,NA
04650,S3,GS,50,suitcase_50.jpg,small_goal,NA,3,3,3,3,3,NA,NA,3,NA
04650,S3,GS,50,suitcase_50.jpg,small_goal,45,NA,NA,NA,NA,NA,1,1,NA,1
04650,S3,GS,50,suitcase_50.jpg,small_goal,NA,NA,NA,NA,NA,NA,NA,NA,NA,NA
04b1b,S3,GB,100,suitcase_100.jpg,big_goal,NA,5,5,4,5,4,NA,NA,4.6,NA
04b1b,S3,GB,100,suitcase_100.jpg,big_goal,80,NA,NA,NA,NA,NA,4,5,NA,4.5
04b1b,S3,GB,100,suitcase_100.jpg,big_goal,NA,NA,NA,NA,NA,NA,NA,NA,NA,NA
055eb,S3,GB,75,suitcase_75.jpg,big_goal,NA,4,3,4,3,2,NA,NA,3.2,NA
055eb,S3,GB,75,suitcase_75.jpg,big_goal,40,NA,NA,NA,NA,NA,7,7,NA,7
055eb,S3,GB,75,suitcase_75.jpg,big_goal,NA,NA,NA,NA,NA,NA,NA,NA,NA,NA
070d7,S3,GB,50,suitcase_50.jpg,big_goal,NA,7,7,7,7,7,NA,NA,7,NA
070d7,S3,GB,50,suitcase_50.jpg,big_goal,80,NA,NA,NA,NA,NA,7,7,NA,7
070d7,S3,GB,50,suitcase_50.jpg,big_goal,NA,NA,NA,NA,NA,NA,NA,NA,NA,NA
08169,S3,GB,25,suitcase_25.jpg,big_goal,NA,5,5,5,5,5,NA,NA,5,NA
08169,S3,GB,25,suitcase_25.jpg,big_goal,65,NA,NA,NA,NA,NA,5,5,NA,5
08169,S3,GB,25,suitcase_25.jpg,big_goal,NA,NA,NA,NA,NA,NA,NA,NA,NA,NA
082ef,S3,GS,75,suitcase_75.jpg,small_goal,NA,3,2,3,3,2,NA,NA,2.6,NA
082ef,S3,GS,75,suitcase_75.jpg,small_goal,60,NA,NA,NA,NA,NA,7,7,NA,7
082ef,S3,GS,75,suitcase_75.jpg,small_goal,NA,NA,NA,NA,NA,NA,NA,NA,NA,NA
0b80b,S3,GS,75,suitcase_75.jpg,small_goal,NA,6,7,5,6,5,NA,NA,5.8,NA
0b80b,S3,GS,75,suitcase_75.jpg,small_goal,75,NA,NA,NA,NA,NA,7,6,NA,6.5
0b80b,S3,GS,75,suitcase_75.jpg,small_goal,NA,NA,NA,NA,NA,NA,NA,NA,NA,NA
0c71d,S3,GB,25,suitcase_25.jpg,big_goal,NA,6,6,6,5,6,NA,NA,5.8,NA
0c71d,S3,GB,25,suitcase_25.jpg,big_goal,50,NA,NA,NA,NA,NA,4,5,NA,4.5
0c71d,S3,GB,25,suitcase_25.jpg,big_goal,NA,NA,NA,NA,NA,NA,NA,NA,NA,NA
0d7c0,S3,GS,50,suitcase_50.jpg,small_goal,NA,5,6,6,7,5,NA,NA,5.8,NA
0d7c0,S3,GS,50,suitcase_50.jpg,small_goal,70,NA,NA,NA,NA,NA,6,5,NA,5.5
0d7c0,S3,GS,50,suitcase_50.jpg,small_goal,NA,NA,NA,NA,NA,NA,NA,NA,NA,NA
10c8f,S3,GS,50,suitcase_50.jpg,small_goal,NA,3,3,4,3,3,NA,NA,3.2,NA
10c8f,S3,GS,50,suitcase_50.jpg,small_goal,45,NA,NA,NA,NA,NA,6,6,NA,6
10c8f,S3,GS,50,suitcase_50.jpg,small_goal,NA,NA,NA,NA,NA,NA,NA,NA,NA,NA
11755,S3,GS,25,suitcase_25.jpg,small_goal,NA,6,6,7,6,5,NA,NA,6,NA
11755,S3,GS,25,suitcase_25.jpg,small_goal,50,NA,NA,NA,NA,NA,5,6,NA,5.5
11755,S3,GS,25,suitcase_25.jpg,small_goal,NA,NA,NA,NA,NA,NA,NA,NA,NA,NA
127e8,S3,GS,100,suitcase_100.jpg,small_goal,NA,6,5,7,7,5,NA,NA,6,NA
127e8,S3,GS,100,suitcase_100.jpg,small_goal,70,NA,NA,NA,NA,NA,5,6,NA,5.5
127e8,S3,GS,100,suitcase_100.jpg,small_goal,NA,NA,NA,NA,NA,NA,NA,NA,NA,NA
12edd,S3,GB,50,suitcase_50.jpg,big_goal,NA,6,6,6,6,6,NA,NA,6,NA
12edd,S3,GB,50,suitcase_50.jpg,big_goal,50,NA,NA,NA,NA,NA,5,5,NA,5
12edd,S3,GB,50,suitcase_50.jpg,big_goal,NA,NA,NA,NA,NA,NA,NA,NA,NA,NA
130b3,S3,GS,25,suitcase_25.jpg,small_goal,NA,4,5,5,5,5,NA,NA,4.8,NA
130b3,S3,GS,25,suitcase_25.jpg,small_goal,65,NA,NA,NA,NA,NA,4,4,NA,4
130b3,S3,GS,25,suitcase_25.jpg,small_goal,NA,NA,NA,NA,NA,NA,NA,NA,NA,NA
13544,S3,GS,50,suitcase_50.jpg,small_goal,NA,3,2,3,4,3,NA,NA,3,NA
13544,S3,GS,50,suitcase_50.jpg,small_goal,60,NA,NA,NA,NA,NA,5,6,NA,5.5
13544,S3,GS,50,suitcase_50.jpg,small_goal,NA,NA,NA,NA,NA,NA,NA,NA,NA,NA
13552,S3,GS,100,suitcase_100.jpg,small_goal,NA,5,5,5,5,5,NA,NA,5,NA
13552,S3,GS,100,suitcase_100.jpg,small_goal,75,NA,NA,NA,NA,NA,5,5,NA,5
13552,S3,GS,100,suitcase_100.jpg,small_goal,NA,NA,NA,NA,NA,NA,NA,NA,NA,NA
13cb9,S3,GS,25,suitcase_25.jpg,small_goal,NA,3,3,4,3,2,NA,NA,3,NA
13cb9,S3,GS,25,suitcase_25.jpg,small_goal,55,NA,NA,NA,NA,NA,1,1,NA,1
13cb9,S3,GS,25,suitcase_25.jpg,small_goal,NA,NA,NA,NA,NA,NA,NA,NA,NA,NA
15c8d,S3,GB,50,suitcase_50.jpg,big_goal,NA,4,5,5,5,5,NA,NA,4.8,NA
15c8d,S3,GB,50,suitcase_50.jpg,big_goal,60,NA,NA,NA,NA,NA,6,6,NA,6
15c8d,S3,GB,50,suitcase_50.jpg,big_goal,NA,NA,NA,NA,NA,NA,NA,NA,NA,NA
18f02,S3,GB,75,suitcase_75.jpg,big_goal,NA,5,5,5,5,5,NA,NA,5,NA
18f02,S3,GB,75,suitcase_75.jpg,big_goal,75,NA,NA,NA,NA,NA,4,5,NA,4.5
18f02,S3,GB,75,suitcase_75.jpg,big_goal,NA,NA,NA,NA,NA,NA,NA,NA,NA,NA
19698,S3,GB,100,suitcase_100.jpg,big_goal,NA,5,6,6,6,6,NA,NA,5.8,NA
19698,S3,GB,100,suitcase_100.jpg,big_goal,120,NA,NA,NA,NA,NA,6,6,NA,6
19698,S3,GB,100,suitcase_100.jpg,big_goal,NA,NA,NA,NA,NA,NA,NA,NA,NA,NA
1a1c6,S3,GS,50,suitcase_50.jpg,small_goal,NA,4,5,5,6,4,NA,NA,4.8,NA
1a1c6,S3,GS,50,suitcase_50.jpg,small_goal,65,NA,NA,NA,NA,NA,3,2,NA,2.5
1a1c6,S3,GS,50,suitcase_50.jpg,small_goal,NA,NA,NA,NA,NA,NA,NA,NA,NA,NA
1a49d,S3,GB,100,suitcase_100.jpg,big_goal,NA,4,4,4,4,4,NA,NA,4,NA
1a49d,S3,GB,100,suitcase_100.jpg,big_goal,3,NA,NA,NA,NA,NA,5,5,NA,5
1a49d,S3,GB,100,suitcase_100.jpg,big_goal,NA,NA,NA,NA,NA,NA,NA,NA,NA,NA
1a7f2,S3,GS,100,suitcase_100.jpg,small_goal,NA,6,6,6,6,6,NA,NA,6,NA
1a7f2,S3,GS,100,suitcase_100.jpg,small_goal,75,NA,NA,NA,NA,NA,7,7,NA,7
1a7f2,S3,GS,100,suitcase_100.jpg,small_goal,NA,NA,NA,NA,NA,NA,NA,NA,NA,NA
1b1ac,S3,GB,25,suitcase_25.jpg,big_goal,NA,2,2,2,4,3,NA,NA,2.6,NA
1b1ac,S3,GB,25,suitcase_25.jpg,big_goal,30,NA,NA,NA,NA,NA,3,3,NA,3
1b1ac,S3,GB,25,suitcase_25.jpg,big_goal,NA,NA,NA,NA,NA,NA,NA,NA,NA,NA
1bf74,S3,GB,50,suitcase_50.jpg,big_goal,NA,5,5,5,6,5,NA,NA,5.2,NA
1bf74,S3,GB,50,suitcase_50.jpg,big_goal,65,NA,NA,NA,NA,NA,6,6,NA,6
1bf74,S3,GB,50,suitcase_50.jpg,big_goal,NA,NA,NA,NA,NA,NA,NA,NA,NA,NA
1c1f9,S3,GB,75,suitcase_75.jpg,big_goal,NA,4,4,5,4,4,NA,NA,4.2,NA
1c1f9,S3,GB,75,suitcase_75.jpg,big_goal,40,NA,NA,NA,NA,NA,3,3,NA,3
1c1f9,S3,GB,75,suitcase_75.jpg,big_goal,NA,NA,NA,NA,NA,NA,NA,NA,NA,NA
1c39b,S3,GB,75,suitcase_75.jpg,big_goal,NA,6,6,6,6,5,NA,NA,5.8,NA
1c39b,S3,GB,75,suitcase_75.jpg,big_goal,75,NA,NA,NA,NA,NA,7,7,NA,7
1c39b,S3,GB,75,suitcase_75.jpg,big_goal,NA,NA,NA,NA,NA,NA,NA,NA,NA,NA
1cbd1,S3,GB,75,suitcase_75.jpg,big_goal,NA,5,6,5,5,5,NA,NA,5.2,NA
1cbd1,S3,GB,75,suitcase_75.jpg,big_goal,60,NA,NA,NA,NA,NA,5,5,NA,5
1cbd1,S3,GB,75,suitcase_75.jpg,big_goal,NA,NA,NA,NA,NA,NA,NA,NA,NA,NA
1d2bc,S3,GS,50,suitcase_50.jpg,small_goal,NA,2,2,2,2,2,NA,NA,2,NA
1d2bc,S3,GS,50,suitcase_50.jpg,small_goal,49,NA,NA,NA,NA,NA,3,2,NA,2.5
1d2bc,S3,GS,50,suitcase_50.jpg,small_goal,NA,NA,NA,NA,NA,NA,NA,NA,NA,NA
1e7a8,S3,GB,50,suitcase_50.jpg,big_goal,NA,6,6,6,6,7,NA,NA,6.2,NA
1e7a8,S3,GB,50,suitcase_50.jpg,big_goal,50,NA,NA,NA,NA,NA,7,7,NA,7
1e7a8,S3,GB,50,suitcase_50.jpg,big_goal,NA,NA,NA,NA,NA,NA,NA,NA,NA,NA
1fa63,S3,GS,100,suitcase_100.jpg,small_goal,NA,7,7,7,7,7,NA,NA,7,NA
1fa63,S3,GS,100,suitcase_100.jpg,small_goal,59,NA,NA,NA,NA,NA,7,7,NA,7
1fa63,S3,GS,100,suitcase_100.jpg,small_goal,NA,NA,NA,NA,NA,NA,NA,NA,NA,NA
21565,S3,GB,50,suitcase_50.jpg,big_goal,NA,3,3,4,3,3,NA,NA,3.2,NA
21565,S3,GB,50,suitcase_50.jpg,big_goal,40,NA,NA,NA,NA,NA,6,6,NA,6
21565,S3,GB,50,suitcase_50.jpg,big_goal,NA,NA,NA,NA,NA,NA,NA,NA,NA,NA
21b67,S3,GS,75,suitcase_75.jpg,small_goal,NA,2,2,3,3,2,NA,NA,2.4,NA
21b67,S3,GS,75,suitcase_75.jpg,small_goal,50,NA,NA,NA,NA,NA,6,6,NA,6
21b67,S3,GS,75,suitcase_75.jpg,small_goal,NA,NA,NA,NA,NA,NA,NA,NA,NA,NA
22047,S3,GB,25,suitcase_25.jpg,big_goal,NA,3,6,6,6,6,NA,NA,5.4,NA
22047,S3,GB,25,suitcase_25.jpg,big_goal,125,NA,NA,NA,NA,NA,6,7,NA,6.5
22047,S3,GB,25,suitcase_25.jpg,big_goal,NA,NA,NA,NA,NA,NA,NA,NA,NA,NA
228c6,S3,GB,25,suitcase_25.jpg,big_goal,NA,6,6,7,6,6,NA,NA,6.2,NA
228c6,S3,GB,25,suitcase_25.jpg,big_goal,65,NA,NA,NA,NA,NA,3,4,NA,3.5
228c6,S3,GB,25,suitcase_25.jpg,big_goal,NA,NA,NA,NA,NA,NA,NA,NA,NA,NA
2291f,S3,GS,100,suitcase_100.jpg,small_goal,NA,3,4,5,2,2,NA,NA,3.2,NA
2291f,S3,GS,100,suitcase_100.jpg,small_goal,50,NA,NA,NA,NA,NA,4,6,NA,5
2291f,S3,GS,100,suitcase_100.jpg,small_goal,NA,NA,NA,NA,NA,NA,NA,NA,NA,NA
22c5f,S3,GB,25,suitcase_25.jpg,big_goal,NA,6,6,6,7,5,NA,NA,6,NA
22c5f,S3,GB,25,suitcase_25.jpg,big_goal,75,NA,NA,NA,NA,NA,4,3,NA,3.5
22c5f,S3,GB,25,suitcase_25.jpg,big_goal,NA,NA,NA,NA,NA,NA,NA,NA,NA,NA
231e0,S3,GS,25,suitcase_25.jpg,small_goal,NA,5,5,5,4,4,NA,NA,4.6,NA
231e0,S3,GS,25,suitcase_25.jpg,small_goal,70,NA,NA,NA,NA,NA,4,4,NA,4
231e0,S3,GS,25,suitcase_25.jpg,small_goal,NA,NA,NA,NA,NA,NA,NA,NA,NA,NA
232aa,S3,GB,100,suitcase_100.jpg,big_goal,NA,3,3,3,4,2,NA,NA,3,NA
232aa,S3,GB,100,suitcase_100.jpg,big_goal,32,NA,NA,NA,NA,NA,3,3,NA,3
232aa,S3,GB,100,suitcase_100.jpg,big_goal,NA,NA,NA,NA,NA,NA,NA,NA,NA,NA
234ff,S3,GS,25,suitcase_25.jpg,small_goal,NA,6,6,7,6,5,NA,NA,6,NA
234ff,S3,GS,25,suitcase_25.jpg,small_goal,70,NA,NA,NA,NA,NA,2,3,NA,2.5
234ff,S3,GS,25,suitcase_25.jpg,small_goal,NA,NA,NA,NA,NA,NA,NA,NA,NA,NA
23c8a,S3,GS,75,suitcase_75.jpg,small_goal,NA,7,7,7,6,7,NA,NA,6.8,NA
23c8a,S3,GS,75,suitcase_75.jpg,small_goal,68,NA,NA,NA,NA,NA,6,6,NA,6
23c8a,S3,GS,75,suitcase_75.jpg,small_goal,NA,NA,NA,NA,NA,NA,NA,NA,NA,NA
25b74,S3,GS,100,suitcase_100.jpg,small_goal,NA,5,5,5,5,6,NA,NA,5.2,NA
25b74,S3,GS,100,suitcase_100.jpg,small_goal,100,NA,NA,NA,NA,NA,6,6,NA,6
25b74,S3,GS,100,suitcase_100.jpg,small_goal,NA,NA,NA,NA,NA,NA,NA,NA,NA,NA
262f2,S3,GS,75,suitcase_75.jpg,small_goal,NA,3,3,4,4,3,NA,NA,3.4,NA
262f2,S3,GS,75,suitcase_75.jpg,small_goal,50,NA,NA,NA,NA,NA,7,7,NA,7
262f2,S3,GS,75,suitcase_75.jpg,small_goal,NA,NA,NA,NA,NA,NA,NA,NA,NA,NA
267a9,S3,GB,75,suitcase_75.jpg,big_goal,NA,4,5,4,4,3,NA,NA,4,NA
267a9,S3,GB,75,suitcase_75.jpg,big_goal,45,NA,NA,NA,NA,NA,7,6,NA,6.5
267a9,S3,GB,75,suitcase_75.jpg,big_goal,NA,NA,NA,NA,NA,NA,NA,NA,NA,NA
27384,S3,GB,50,suitcase_50.jpg,big_goal,NA,3,3,3,4,3,NA,NA,3.2,NA
27384,S3,GB,50,suitcase_50.jpg,big_goal,50,NA,NA,NA,NA,NA,6,5,NA,5.5
27384,S3,GB,50,suitcase_50.jpg,big_goal,NA,NA,NA,NA,NA,NA,NA,NA,NA,NA
2757c,S3,GB,25,suitcase_25.jpg,big_goal,NA,3,4,4,3,3,NA,NA,3.4,NA
2757c,S3,GB,25,suitcase_25.jpg,big_goal,35,NA,NA,NA,NA,NA,6,5,NA,5.5
2757c,S3,GB,25,suitcase_25.jpg,big_goal,NA,NA,NA,NA,NA,NA,NA,NA,NA,NA
277d2,S3,GB,100,suitcase_100.jpg,big_goal,NA,2,4,3,2,4,NA,NA,3,NA
277d2,S3,GB,100,suitcase_100.jpg,big_goal,50,NA,NA,NA,NA,NA,6,6,NA,6
277d2,S3,GB,100,suitcase_100.jpg,big_goal,NA,NA,NA,NA,NA,NA,NA,NA,NA,NA
2a3e7,S3,GS,75,suitcase_75.jpg,small_goal,NA,2,3,4,3,3,NA,NA,3,NA
2a3e7,S3,GS,75,suitcase_75.jpg,small_goal,20,NA,NA,NA,NA,NA,1,1,NA,1
2a3e7,S3,GS,75,suitcase_75.jpg,small_goal,NA,NA,NA,NA,NA,NA,NA,NA,NA,NA
2c594,S3,GS,75,suitcase_75.jpg,small_goal,NA,5,5,6,5,6,NA,NA,5.4,NA
2c594,S3,GS,75,suitcase_75.jpg,small_goal,60,NA,NA,NA,NA,NA,6,6,NA,6
2c594,S3,GS,75,suitcase_75.jpg,small_goal,NA,NA,NA,NA,NA,NA,NA,NA,NA,NA
2cab4,S3,GB,100,suitcase_100.jpg,big_goal,NA,2,2,2,2,2,NA,NA,2,NA
2cab4,S3,GB,100,suitcase_100.jpg,big_goal,40,NA,NA,NA,NA,NA,7,7,NA,7
2cab4,S3,GB,100,suitcase_100.jpg,big_goal,NA,NA,NA,NA,NA,NA,NA,NA,NA,NA
2d01c,S3,GB,100,suitcase_100.jpg,big_goal,NA,2,3,5,2,2,NA,NA,2.8,NA
2d01c,S3,GB,100,suitcase_100.jpg,big_goal,45,NA,NA,NA,NA,NA,7,7,NA,7
2d01c,S3,GB,100,suitcase_100.jpg,big_goal,NA,NA,NA,NA,NA,NA,NA,NA,NA,NA
2d689,S3,GS,100,suitcase_100.jpg,small_goal,NA,1,2,2,2,4,NA,NA,2.2,NA
2d689,S3,GS,100,suitcase_100.jpg,small_goal,99,NA,NA,NA,NA,NA,6,6,NA,6
2d689,S3,GS,100,suitcase_100.jpg,small_goal,NA,NA,NA,NA,NA,NA,NA,NA,NA,NA
2d867,S3,GB,75,suitcase_75.jpg,big_goal,NA,5,7,7,6,6,NA,NA,6.2,NA
2d867,S3,GB,75,suitcase_75.jpg,big_goal,85,NA,NA,NA,NA,NA,5,4,NA,4.5
2d867,S3,GB,75,suitcase_75.jpg,big_goal,NA,NA,NA,NA,NA,NA,NA,NA,NA,NA
30bbf,S3,GS,100,suitcase_100.jpg,small_goal,NA,6,6,6,6,6,NA,NA,6,NA
30bbf,S3,GS,100,suitcase_100.jpg,small_goal,50,NA,NA,NA,NA,NA,6,6,NA,6
30bbf,S3,GS,100,suitcase_100.jpg,small_goal,NA,NA,NA,NA,NA,NA,NA,NA,NA,NA
31459,S3,GS,25,suitcase_25.jpg,small_goal,NA,3,4,5,4,3,NA,NA,3.8,NA
31459,S3,GS,25,suitcase_25.jpg,small_goal,35,NA,NA,NA,NA,NA,5,5,NA,5
31459,S3,GS,25,suitcase_25.jpg,small_goal,NA,NA,NA,NA,NA,NA,NA,NA,NA,NA
318e8,S3,GB,50,suitcase_50.jpg,big_goal,NA,3,3,3,3,3,NA,NA,3,NA
318e8,S3,GB,50,suitcase_50.jpg,big_goal,43,NA,NA,NA,NA,NA,2,2,NA,2
318e8,S3,GB,50,suitcase_50.jpg,big_goal,NA,NA,NA,NA,NA,NA,NA,NA,NA,NA
3195d,S3,GB,75,suitcase_75.jpg,big_goal,NA,4,4,4,5,4,NA,NA,4.2,NA
3195d,S3,GB,75,suitcase_75.jpg,big_goal,70,NA,NA,NA,NA,NA,6,6,NA,6
3195d,S3,GB,75,suitcase_75.jpg,big_goal,NA,NA,NA,NA,NA,NA,NA,NA,NA,NA
31d0c,S3,GS,50,suitcase_50.jpg,small_goal,NA,4,4,4,4,4,NA,NA,4,NA
31d0c,S3,GS,50,suitcase_50.jpg,small_goal,75,NA,NA,NA,NA,NA,7,7,NA,7
31d0c,S3,GS,50,suitcase_50.jpg,small_goal,NA,NA,NA,NA,NA,NA,NA,NA,NA,NA
3211d,S3,GB,100,suitcase_100.jpg,big_goal,NA,2,2,2,2,2,NA,NA,2,NA
3211d,S3,GB,100,suitcase_100.jpg,big_goal,50,NA,NA,NA,NA,NA,7,7,NA,7
3211d,S3,GB,100,suitcase_100.jpg,big_goal,NA,NA,NA,NA,NA,NA,NA,NA,NA,NA
34a74,S3,GS,75,suitcase_75.jpg,small_goal,NA,3,4,3,3,3,NA,NA,3.2,NA
34a74,S3,GS,75,suitcase_75.jpg,small_goal,75,NA,NA,NA,NA,NA,6,5,NA,5.5
34a74,S3,GS,75,suitcase_75.jpg,small_goal,NA,NA,NA,NA,NA,NA,NA,NA,NA,NA
357ad,S3,GS,100,suitcase_100.jpg,small_goal,NA,2,2,2,3,3,NA,NA,2.4,NA
357ad,S3,GS,100,suitcase_100.jpg,small_goal,35,NA,NA,NA,NA,NA,6,6,NA,6
357ad,S3,GS,100,suitcase_100.jpg,small_goal,NA,NA,NA,NA,NA,NA,NA,NA,NA,NA
35e84,S3,GB,75,suitcase_75.jpg,big_goal,NA,4,4,4,3,4,NA,NA,3.8,NA
35e84,S3,GB,75,suitcase_75.jpg,big_goal,25,NA,NA,NA,NA,NA,6,3,NA,4.5
35e84,S3,GB,75,suitcase_75.jpg,big_goal,NA,NA,NA,NA,NA,NA,NA,NA,NA,NA
37332,S3,GS,25,suitcase_25.jpg,small_goal,NA,2,3,3,2,1,NA,NA,2.2,NA
37332,S3,GS,25,suitcase_25.jpg,small_goal,35,NA,NA,NA,NA,NA,6,7,NA,6.5
37332,S3,GS,25,suitcase_25.jpg,small_goal,NA,NA,NA,NA,NA,NA,NA,NA,NA,NA
38da9,S3,GB,25,suitcase_25.jpg,big_goal,NA,2,2,4,3,3,NA,NA,2.8,NA
38da9,S3,GB,25,suitcase_25.jpg,big_goal,50,NA,NA,NA,NA,NA,1,1,NA,1
38da9,S3,GB,25,suitcase_25.jpg,big_goal,NA,NA,NA,NA,NA,NA,NA,NA,NA,NA
3956a,S3,GB,50,suitcase_50.jpg,big_goal,NA,6,6,7,6,5,NA,NA,6,NA
3956a,S3,GB,50,suitcase_50.jpg,big_goal,50,NA,NA,NA,NA,NA,6,6,NA,6
3956a,S3,GB,50,suitcase_50.jpg,big_goal,NA,NA,NA,NA,NA,NA,NA,NA,NA,NA
395ab,S3,GS,50,suitcase_50.jpg,small_goal,NA,5,6,7,5,5,NA,NA,5.6,NA
395ab,S3,GS,50,suitcase_50.jpg,small_goal,60,NA,NA,NA,NA,NA,7,7,NA,7
395ab,S3,GS,50,suitcase_50.jpg,small_goal,NA,NA,NA,NA,NA,NA,NA,NA,NA,NA
3a94c,S3,GB,25,suitcase_25.jpg,big_goal,NA,2,4,4,3,3,NA,NA,3.2,NA
3a94c,S3,GB,25,suitcase_25.jpg,big_goal,70,NA,NA,NA,NA,NA,2,3,NA,2.5
3a94c,S3,GB,25,suitcase_25.jpg,big_goal,NA,NA,NA,NA,NA,NA,NA,NA,NA,NA
3d486,S3,GS,50,suitcase_50.jpg,small_goal,NA,7,7,7,7,7,NA,NA,7,NA
3d486,S3,GS,50,suitcase_50.jpg,small_goal,50,NA,NA,NA,NA,NA,4,4,NA,4
3d486,S3,GS,50,suitcase_50.jpg,small_goal,NA,NA,NA,NA,NA,NA,NA,NA,NA,NA
3eb57,S3,GB,25,suitcase_25.jpg,big_goal,NA,4,4,4,4,4,NA,NA,4,NA
3eb57,S3,GB,25,suitcase_25.jpg,big_goal,75,NA,NA,NA,NA,NA,5,4,NA,4.5
3eb57,S3,GB,25,suitcase_25.jpg,big_goal,NA,NA,NA,NA,NA,NA,NA,NA,NA,NA
3ece3,S3,GS,75,suitcase_75.jpg,small_goal,NA,6,6,7,6,5,NA,NA,6,NA
3ece3,S3,GS,75,suitcase_75.jpg,small_goal,59,NA,NA,NA,NA,NA,5,5,NA,5
3ece3,S3,GS,75,suitcase_75.jpg,small_goal,NA,NA,NA,NA,NA,NA,NA,NA,NA,NA
3edeb,S3,GS,100,suitcase_100.jpg,small_goal,NA,5,6,6,6,5,NA,NA,5.6,NA
3edeb,S3,GS,100,suitcase_100.jpg,small_goal,50,NA,NA,NA,NA,NA,7,7,NA,7
3edeb,S3,GS,100,suitcase_100.jpg,small_goal,NA,NA,NA,NA,NA,NA,NA,NA,NA,NA
3f2e9,S3,GS,25,suitcase_25.jpg,small_goal,NA,6,6,6,5,6,NA,NA,5.8,NA
3f2e9,S3,GS,25,suitcase_25.jpg,small_goal,50,NA,NA,NA,NA,NA,6,6,NA,6
3f2e9,S3,GS,25,suitcase_25.jpg,small_goal,NA,NA,NA,NA,NA,NA,NA,NA,NA,NA
41891,S3,GB,100,suitcase_100.jpg,big_goal,NA,2,2,2,2,2,NA,NA,2,NA
41891,S3,GB,100,suitcase_100.jpg,big_goal,50,NA,NA,NA,NA,NA,7,7,NA,7
41891,S3,GB,100,suitcase_100.jpg,big_goal,NA,NA,NA,NA,NA,NA,NA,NA,NA,NA
41f87,S3,GS,75,suitcase_75.jpg,small_goal,NA,5,6,6,5,5,NA,NA,5.4,NA
41f87,S3,GS,75,suitcase_75.jpg,small_goal,65,NA,NA,NA,NA,NA,6,6,NA,6
41f87,S3,GS,75,suitcase_75.jpg,small_goal,NA,NA,NA,NA,NA,NA,NA,NA,NA,NA
42143,S3,GS,100,suitcase_100.jpg,small_goal,NA,6,7,7,6,7,NA,NA,6.6,NA
42143,S3,GS,100,suitcase_100.jpg,small_goal,88,NA,NA,NA,NA,NA,5,7,NA,6
42143,S3,GS,100,suitcase_100.jpg,small_goal,NA,NA,NA,NA,NA,NA,NA,NA,NA,NA
42b72,S3,GB,100,suitcase_100.jpg,big_goal,NA,6,6,7,6,7,NA,NA,6.4,NA
42b72,S3,GB,100,suitcase_100.jpg,big_goal,135,NA,NA,NA,NA,NA,6,6,NA,6
42b72,S3,GB,100,suitcase_100.jpg,big_goal,NA,NA,NA,NA,NA,NA,NA,NA,NA,NA
43050,S3,GS,75,suitcase_75.jpg,small_goal,NA,3,4,4,4,3,NA,NA,3.6,NA
43050,S3,GS,75,suitcase_75.jpg,small_goal,30,NA,NA,NA,NA,NA,6,6,NA,6
43050,S3,GS,75,suitcase_75.jpg,small_goal,NA,NA,NA,NA,NA,NA,NA,NA,NA,NA
4316f,S3,GS,100,suitcase_100.jpg,small_goal,NA,4,4,5,5,4,NA,NA,4.4,NA
4316f,S3,GS,100,suitcase_100.jpg,small_goal,40,NA,NA,NA,NA,NA,3,3,NA,3
4316f,S3,GS,100,suitcase_100.jpg,small_goal,NA,NA,NA,NA,NA,NA,NA,NA,NA,NA
44217,S3,GB,75,suitcase_75.jpg,big_goal,NA,5,6,5,6,6,NA,NA,5.6,NA
44217,S3,GB,75,suitcase_75.jpg,big_goal,80,NA,NA,NA,NA,NA,7,7,NA,7
44217,S3,GB,75,suitcase_75.jpg,big_goal,NA,NA,NA,NA,NA,NA,NA,NA,NA,NA
455c4,S3,GB,100,suitcase_100.jpg,big_goal,NA,7,7,7,7,7,NA,NA,7,NA
455c4,S3,GB,100,suitcase_100.jpg,big_goal,75,NA,NA,NA,NA,NA,6,6,NA,6
455c4,S3,GB,100,suitcase_100.jpg,big_goal,NA,NA,NA,NA,NA,NA,NA,NA,NA,NA
46956,S3,GB,25,suitcase_25.jpg,big_goal,NA,1,1,4,4,3,NA,NA,2.6,NA
46956,S3,GB,25,suitcase_25.jpg,big_goal,20,NA,NA,NA,NA,NA,5,5,NA,5
46956,S3,GB,25,suitcase_25.jpg,big_goal,NA,NA,NA,NA,NA,NA,NA,NA,NA,NA
46e12,S3,GB,75,suitcase_75.jpg,big_goal,NA,6,7,7,6,5,NA,NA,6.2,NA
46e12,S3,GB,75,suitcase_75.jpg,big_goal,60,NA,NA,NA,NA,NA,7,7,NA,7
46e12,S3,GB,75,suitcase_75.jpg,big_goal,NA,NA,NA,NA,NA,NA,NA,NA,NA,NA
47a0b,S3,GB,25,suitcase_25.jpg,big_goal,NA,1,1,2,2,2,NA,NA,1.6,NA
47a0b,S3,GB,25,suitcase_25.jpg,big_goal,0,NA,NA,NA,NA,NA,7,7,NA,7
47a0b,S3,GB,25,suitcase_25.jpg,big_goal,NA,NA,NA,NA,NA,NA,NA,NA,NA,NA
47cc0,S3,GS,50,suitcase_50.jpg,small_goal,NA,5,5,5,4,4,NA,NA,4.6,NA
47cc0,S3,GS,50,suitcase_50.jpg,small_goal,65,NA,NA,NA,NA,NA,3,3,NA,3
47cc0,S3,GS,50,suitcase_50.jpg,small_goal,NA,NA,NA,NA,NA,NA,NA,NA,NA,NA
47d58,S3,GS,25,suitcase_25.jpg,small_goal,NA,6,6,6,6,5,NA,NA,5.8,NA
47d58,S3,GS,25,suitcase_25.jpg,small_goal,40,NA,NA,NA,NA,NA,2,3,NA,2.5
47d58,S3,GS,25,suitcase_25.jpg,small_goal,NA,NA,NA,NA,NA,NA,NA,NA,NA,NA
47e02,S3,GB,100,suitcase_100.jpg,big_goal,NA,6,7,6,7,7,NA,NA,6.6,NA
47e02,S3,GB,100,suitcase_100.jpg,big_goal,75,NA,NA,NA,NA,NA,4,5,NA,4.5
47e02,S3,GB,100,suitcase_100.jpg,big_goal,NA,NA,NA,NA,NA,NA,NA,NA,NA,NA
49de0,S3,GB,50,suitcase_50.jpg,big_goal,NA,1,1,3,1,1,NA,NA,1.4,NA
49de0,S3,GB,50,suitcase_50.jpg,big_goal,10,NA,NA,NA,NA,NA,2,1,NA,1.5
49de0,S3,GB,50,suitcase_50.jpg,big_goal,NA,NA,NA,NA,NA,NA,NA,NA,NA,NA
4a149,S3,GS,75,suitcase_75.jpg,small_goal,NA,2,2,1,2,1,NA,NA,1.6,NA
4a149,S3,GS,75,suitcase_75.jpg,small_goal,0,NA,NA,NA,NA,NA,3,3,NA,3
4a149,S3,GS,75,suitcase_75.jpg,small_goal,NA,NA,NA,NA,NA,NA,NA,NA,NA,NA
4ad5f,S3,GS,75,suitcase_75.jpg,small_goal,NA,5,5,5,5,6,NA,NA,5.2,NA
4ad5f,S3,GS,75,suitcase_75.jpg,small_goal,75,NA,NA,NA,NA,NA,5,6,NA,5.5
4ad5f,S3,GS,75,suitcase_75.jpg,small_goal,NA,NA,NA,NA,NA,NA,NA,NA,NA,NA
4b5d2,S3,GB,75,suitcase_75.jpg,big_goal,NA,4,4,4,4,4,NA,NA,4,NA
4b5d2,S3,GB,75,suitcase_75.jpg,big_goal,75,NA,NA,NA,NA,NA,6,6,NA,6
4b5d2,S3,GB,75,suitcase_75.jpg,big_goal,NA,NA,NA,NA,NA,NA,NA,NA,NA,NA
4cc88,S3,GS,75,suitcase_75.jpg,small_goal,NA,5,3,3,2,2,NA,NA,3,NA
4cc88,S3,GS,75,suitcase_75.jpg,small_goal,20,NA,NA,NA,NA,NA,7,5,NA,6
4cc88,S3,GS,75,suitcase_75.jpg,small_goal,NA,NA,NA,NA,NA,NA,NA,NA,NA,NA
4d130,S3,GS,25,suitcase_25.jpg,small_goal,NA,4,4,5,4,4,NA,NA,4.2,NA
4d130,S3,GS,25,suitcase_25.jpg,small_goal,50,NA,NA,NA,NA,NA,1,1,NA,1
4d130,S3,GS,25,suitcase_25.jpg,small_goal,NA,NA,NA,NA,NA,NA,NA,NA,NA,NA
4df5d,S3,GB,50,suitcase_50.jpg,big_goal,NA,5,5,5,5,4,NA,NA,4.8,NA
4df5d,S3,GB,50,suitcase_50.jpg,big_goal,25,NA,NA,NA,NA,NA,3,3,NA,3
4df5d,S3,GB,50,suitcase_50.jpg,big_goal,NA,NA,NA,NA,NA,NA,NA,NA,NA,NA
4eb73,S3,GS,100,suitcase_100.jpg,small_goal,NA,7,7,7,7,7,NA,NA,7,NA
4eb73,S3,GS,100,suitcase_100.jpg,small_goal,40,NA,NA,NA,NA,NA,7,7,NA,7
4eb73,S3,GS,100,suitcase_100.jpg,small_goal,NA,NA,NA,NA,NA,NA,NA,NA,NA,NA
4edd0,S3,GS,100,suitcase_100.jpg,small_goal,NA,3,2,3,2,2,NA,NA,2.4,NA
4edd0,S3,GS,100,suitcase_100.jpg,small_goal,20,NA,NA,NA,NA,NA,7,7,NA,7
4edd0,S3,GS,100,suitcase_100.jpg,small_goal,NA,NA,NA,NA,NA,NA,NA,NA,NA,NA
509c8,S3,GB,50,suitcase_50.jpg,big_goal,NA,3,4,5,5,3,NA,NA,4,NA
509c8,S3,GB,50,suitcase_50.jpg,big_goal,50,NA,NA,NA,NA,NA,6,6,NA,6
509c8,S3,GB,50,suitcase_50.jpg,big_goal,NA,NA,NA,NA,NA,NA,NA,NA,NA,NA
52266,S3,GB,75,suitcase_75.jpg,big_goal,NA,7,7,7,7,7,NA,NA,7,NA
52266,S3,GB,75,suitcase_75.jpg,big_goal,65,NA,NA,NA,NA,NA,4,4,NA,4
52266,S3,GB,75,suitcase_75.jpg,big_goal,NA,NA,NA,NA,NA,NA,NA,NA,NA,NA
524bc,S3,GS,100,suitcase_100.jpg,small_goal,NA,5,6,6,5,6,NA,NA,5.6,NA
524bc,S3,GS,100,suitcase_100.jpg,small_goal,60,NA,NA,NA,NA,NA,6,6,NA,6
524bc,S3,GS,100,suitcase_100.jpg,small_goal,NA,NA,NA,NA,NA,NA,NA,NA,NA,NA
53991,S3,GS,25,suitcase_25.jpg,small_goal,NA,6,6,6,6,6,NA,NA,6,NA
53991,S3,GS,25,suitcase_25.jpg,small_goal,50,NA,NA,NA,NA,NA,4,4,NA,4
53991,S3,GS,25,suitcase_25.jpg,small_goal,NA,NA,NA,NA,NA,NA,NA,NA,NA,NA
55069,S3,GB,100,suitcase_100.jpg,big_goal,NA,5,6,6,5,6,NA,NA,5.6,NA
55069,S3,GB,100,suitcase_100.jpg,big_goal,75,NA,NA,NA,NA,NA,7,7,NA,7
55069,S3,GB,100,suitcase_100.jpg,big_goal,NA,NA,NA,NA,NA,NA,NA,NA,NA,NA
567a9,S3,GB,100,suitcase_100.jpg,big_goal,NA,5,5,5,6,5,NA,NA,5.2,NA
567a9,S3,GB,100,suitcase_100.jpg,big_goal,75,NA,NA,NA,NA,NA,7,7,NA,7
567a9,S3,GB,100,suitcase_100.jpg,big_goal,NA,NA,NA,NA,NA,NA,NA,NA,NA,NA
57506,S3,GB,100,suitcase_100.jpg,big_goal,NA,3,4,3,2,3,NA,NA,3,NA
57506,S3,GB,100,suitcase_100.jpg,big_goal,55,NA,NA,NA,NA,NA,5,4,NA,4.5
57506,S3,GB,100,suitcase_100.jpg,big_goal,NA,NA,NA,NA,NA,NA,NA,NA,NA,NA
57962,S3,GB,25,suitcase_25.jpg,big_goal,NA,5,5,5,5,5,NA,NA,5,NA
57962,S3,GB,25,suitcase_25.jpg,big_goal,100,NA,NA,NA,NA,NA,5,5,NA,5
57962,S3,GB,25,suitcase_25.jpg,big_goal,NA,NA,NA,NA,NA,NA,NA,NA,NA,NA
584da,S3,GB,75,suitcase_75.jpg,big_goal,NA,7,7,7,7,7,NA,NA,7,NA
584da,S3,GB,75,suitcase_75.jpg,big_goal,75,NA,NA,NA,NA,NA,7,7,NA,7
584da,S3,GB,75,suitcase_75.jpg,big_goal,NA,NA,NA,NA,NA,NA,NA,NA,NA,NA
59ff9,S3,GS,75,suitcase_75.jpg,small_goal,NA,5,5,5,5,5,NA,NA,5,NA
59ff9,S3,GS,75,suitcase_75.jpg,small_goal,85,NA,NA,NA,NA,NA,5,5,NA,5
59ff9,S3,GS,75,suitcase_75.jpg,small_goal,NA,NA,NA,NA,NA,NA,NA,NA,NA,NA
5d3eb,S3,GB,50,suitcase_50.jpg,big_goal,NA,7,7,7,5,6,NA,NA,6.4,NA
5d3eb,S3,GB,50,suitcase_50.jpg,big_goal,70,NA,NA,NA,NA,NA,4,5,NA,4.5
5d3eb,S3,GB,50,suitcase_50.jpg,big_goal,NA,NA,NA,NA,NA,NA,NA,NA,NA,NA
61083,S3,GB,25,suitcase_25.jpg,big_goal,NA,4,4,4,4,4,NA,NA,4,NA
61083,S3,GB,25,suitcase_25.jpg,big_goal,50,NA,NA,NA,NA,NA,3,3,NA,3
61083,S3,GB,25,suitcase_25.jpg,big_goal,NA,NA,NA,NA,NA,NA,NA,NA,NA,NA
64896,S3,GS,50,suitcase_50.jpg,small_goal,NA,6,6,6,6,6,NA,NA,6,NA
64896,S3,GS,50,suitcase_50.jpg,small_goal,75,NA,NA,NA,NA,NA,6,6,NA,6
64896,S3,GS,50,suitcase_50.jpg,small_goal,NA,NA,NA,NA,NA,NA,NA,NA,NA,NA
64b9c,S3,GS,50,suitcase_50.jpg,small_goal,NA,2,2,3,2,3,NA,NA,2.4,NA
64b9c,S3,GS,50,suitcase_50.jpg,small_goal,15,NA,NA,NA,NA,NA,2,2,NA,2
64b9c,S3,GS,50,suitcase_50.jpg,small_goal,NA,NA,NA,NA,NA,NA,NA,NA,NA,NA
64e03,S3,GS,25,suitcase_25.jpg,small_goal,NA,2,2,2,2,2,NA,NA,2,NA
64e03,S3,GS,25,suitcase_25.jpg,small_goal,49,NA,NA,NA,NA,NA,2,2,NA,2
64e03,S3,GS,25,suitcase_25.jpg,small_goal,NA,NA,NA,NA,NA,NA,NA,NA,NA,NA
65204,S3,GS,100,suitcase_100.jpg,small_goal,NA,3,1,3,1,1,NA,NA,1.8,NA
65204,S3,GS,100,suitcase_100.jpg,small_goal,10,NA,NA,NA,NA,NA,5,2,NA,3.5
65204,S3,GS,100,suitcase_100.jpg,small_goal,NA,NA,NA,NA,NA,NA,NA,NA,NA,NA
65428,S3,GS,25,suitcase_25.jpg,small_goal,NA,3,3,3,3,2,NA,NA,2.8,NA
65428,S3,GS,25,suitcase_25.jpg,small_goal,60,NA,NA,NA,NA,NA,5,5,NA,5
65428,S3,GS,25,suitcase_25.jpg,small_goal,NA,NA,NA,NA,NA,NA,NA,NA,NA,NA
6698c,S3,GB,100,suitcase_100.jpg,big_goal,NA,7,7,7,7,7,NA,NA,7,NA
6698c,S3,GB,100,suitcase_100.jpg,big_goal,65,NA,NA,NA,NA,NA,7,7,NA,7
6698c,S3,GB,100,suitcase_100.jpg,big_goal,NA,NA,NA,NA,NA,NA,NA,NA,NA,NA
670b8,S3,GS,50,suitcase_50.jpg,small_goal,NA,5,5,5,5,5,NA,NA,5,NA
670b8,S3,GS,50,suitcase_50.jpg,small_goal,75,NA,NA,NA,NA,NA,6,5,NA,5.5
670b8,S3,GS,50,suitcase_50.jpg,small_goal,NA,NA,NA,NA,NA,NA,NA,NA,NA,NA
67d8b,S3,GS,75,suitcase_75.jpg,small_goal,NA,4,4,4,4,4,NA,NA,4,NA
67d8b,S3,GS,75,suitcase_75.jpg,small_goal,45,NA,NA,NA,NA,NA,3,3,NA,3
67d8b,S3,GS,75,suitcase_75.jpg,small_goal,NA,NA,NA,NA,NA,NA,NA,NA,NA,NA
6ae26,S3,GB,25,suitcase_25.jpg,big_goal,NA,3,5,4,3,3,NA,NA,3.6,NA
6ae26,S3,GB,25,suitcase_25.jpg,big_goal,45,NA,NA,NA,NA,NA,5,5,NA,5
6ae26,S3,GB,25,suitcase_25.jpg,big_goal,NA,NA,NA,NA,NA,NA,NA,NA,NA,NA
6b1af,S3,GS,50,suitcase_50.jpg,small_goal,NA,1,1,1,2,2,NA,NA,1.4,NA
6b1af,S3,GS,50,suitcase_50.jpg,small_goal,25,NA,NA,NA,NA,NA,7,7,NA,7
6b1af,S3,GS,50,suitcase_50.jpg,small_goal,NA,NA,NA,NA,NA,NA,NA,NA,NA,NA
6bcfd,S3,GB,75,suitcase_75.jpg,big_goal,NA,4,4,5,4,3,NA,NA,4,NA
6bcfd,S3,GB,75,suitcase_75.jpg,big_goal,40,NA,NA,NA,NA,NA,2,2,NA,2
6bcfd,S3,GB,75,suitcase_75.jpg,big_goal,NA,NA,NA,NA,NA,NA,NA,NA,NA,NA
6d4b0,S3,GS,25,suitcase_25.jpg,small_goal,NA,6,6,6,6,6,NA,NA,6,NA
6d4b0,S3,GS,25,suitcase_25.jpg,small_goal,70,NA,NA,NA,NA,NA,4,4,NA,4
6d4b0,S3,GS,25,suitcase_25.jpg,small_goal,NA,NA,NA,NA,NA,NA,NA,NA,NA,NA
7048b,S3,GS,50,suitcase_50.jpg,small_goal,NA,5,5,6,6,5,NA,NA,5.4,NA
7048b,S3,GS,50,suitcase_50.jpg,small_goal,50,NA,NA,NA,NA,NA,5,5,NA,5
7048b,S3,GS,50,suitcase_50.jpg,small_goal,NA,NA,NA,NA,NA,NA,NA,NA,NA,NA
70f61,S3,GS,25,suitcase_25.jpg,small_goal,NA,5,6,7,7,5,NA,NA,6,NA
70f61,S3,GS,25,suitcase_25.jpg,small_goal,55,NA,NA,NA,NA,NA,6,6,NA,6
70f61,S3,GS,25,suitcase_25.jpg,small_goal,NA,NA,NA,NA,NA,NA,NA,NA,NA,NA
72101,S3,GS,25,suitcase_25.jpg,small_goal,NA,3,3,3,3,3,NA,NA,3,NA
72101,S3,GS,25,suitcase_25.jpg,small_goal,50,NA,NA,NA,NA,NA,2,1,NA,1.5
72101,S3,GS,25,suitcase_25.jpg,small_goal,NA,NA,NA,NA,NA,NA,NA,NA,NA,NA
72f03,S3,GS,100,suitcase_100.jpg,small_goal,NA,5,6,6,5,6,NA,NA,5.6,NA
72f03,S3,GS,100,suitcase_100.jpg,small_goal,40,NA,NA,NA,NA,NA,6,7,NA,6.5
72f03,S3,GS,100,suitcase_100.jpg,small_goal,NA,NA,NA,NA,NA,NA,NA,NA,NA,NA
73db6,S3,GS,50,suitcase_50.jpg,small_goal,NA,3,4,4,2,3,NA,NA,3.2,NA
73db6,S3,GS,50,suitcase_50.jpg,small_goal,35,NA,NA,NA,NA,NA,7,7,NA,7
73db6,S3,GS,50,suitcase_50.jpg,small_goal,NA,NA,NA,NA,NA,NA,NA,NA,NA,NA
7426e,S3,GB,75,suitcase_75.jpg,big_goal,NA,6,5,6,6,6,NA,NA,5.8,NA
7426e,S3,GB,75,suitcase_75.jpg,big_goal,60,NA,NA,NA,NA,NA,6,6,NA,6
7426e,S3,GB,75,suitcase_75.jpg,big_goal,NA,NA,NA,NA,NA,NA,NA,NA,NA,NA
75832,S3,GB,50,suitcase_50.jpg,big_goal,NA,5,5,5,5,6,NA,NA,5.2,NA
75832,S3,GB,50,suitcase_50.jpg,big_goal,70,NA,NA,NA,NA,NA,4,4,NA,4
75832,S3,GB,50,suitcase_50.jpg,big_goal,NA,NA,NA,NA,NA,NA,NA,NA,NA,NA
75f34,S3,GB,100,suitcase_100.jpg,big_goal,NA,4,4,4,4,4,NA,NA,4,NA
75f34,S3,GB,100,suitcase_100.jpg,big_goal,2,NA,NA,NA,NA,NA,5,5,NA,5
75f34,S3,GB,100,suitcase_100.jpg,big_goal,NA,NA,NA,NA,NA,NA,NA,NA,NA,NA
76875,S3,GB,50,suitcase_50.jpg,big_goal,NA,5,5,4,3,3,NA,NA,4,NA
76875,S3,GB,50,suitcase_50.jpg,big_goal,45,NA,NA,NA,NA,NA,7,7,NA,7
76875,S3,GB,50,suitcase_50.jpg,big_goal,NA,NA,NA,NA,NA,NA,NA,NA,NA,NA
76a38,S3,GS,75,suitcase_75.jpg,small_goal,NA,4,6,6,6,6,NA,NA,5.6,NA
76a38,S3,GS,75,suitcase_75.jpg,small_goal,75,NA,NA,NA,NA,NA,4,4,NA,4
76a38,S3,GS,75,suitcase_75.jpg,small_goal,NA,NA,NA,NA,NA,NA,NA,NA,NA,NA
776fa,S3,GS,25,suitcase_25.jpg,small_goal,NA,1,4,4,4,4,NA,NA,3.4,NA
776fa,S3,GS,25,suitcase_25.jpg,small_goal,75,NA,NA,NA,NA,NA,3,4,NA,3.5
776fa,S3,GS,25,suitcase_25.jpg,small_goal,NA,NA,NA,NA,NA,NA,NA,NA,NA,NA
77983,S3,GB,75,suitcase_75.jpg,big_goal,NA,5,5,5,5,4,NA,NA,4.8,NA
77983,S3,GB,75,suitcase_75.jpg,big_goal,75,NA,NA,NA,NA,NA,7,7,NA,7
77983,S3,GB,75,suitcase_75.jpg,big_goal,NA,NA,NA,NA,NA,NA,NA,NA,NA,NA
78428,S3,GS,75,suitcase_75.jpg,small_goal,NA,6,4,5,4,4,NA,NA,4.6,NA
78428,S3,GS,75,suitcase_75.jpg,small_goal,45,NA,NA,NA,NA,NA,6,6,NA,6
78428,S3,GS,75,suitcase_75.jpg,small_goal,NA,NA,NA,NA,NA,NA,NA,NA,NA,NA
7951e,S3,GB,50,suitcase_50.jpg,big_goal,NA,7,7,7,7,7,NA,NA,7,NA
7951e,S3,GB,50,suitcase_50.jpg,big_goal,75,NA,NA,NA,NA,NA,7,7,NA,7
7951e,S3,GB,50,suitcase_50.jpg,big_goal,NA,NA,NA,NA,NA,NA,NA,NA,NA,NA
7953f,S3,GB,100,suitcase_100.jpg,big_goal,NA,2,2,2,2,2,NA,NA,2,NA
7953f,S3,GB,100,suitcase_100.jpg,big_goal,10,NA,NA,NA,NA,NA,2,2,NA,2
7953f,S3,GB,100,suitcase_100.jpg,big_goal,NA,NA,NA,NA,NA,NA,NA,NA,NA,NA
7af1a,S3,GB,100,suitcase_100.jpg,big_goal,NA,3,4,4,3,3,NA,NA,3.4,NA
7af1a,S3,GB,100,suitcase_100.jpg,big_goal,35,NA,NA,NA,NA,NA,6,6,NA,6
7af1a,S3,GB,100,suitcase_100.jpg,big_goal,NA,NA,NA,NA,NA,NA,NA,NA,NA,NA
7cf73,S3,GS,25,suitcase_25.jpg,small_goal,NA,7,7,7,7,7,NA,NA,7,NA
7cf73,S3,GS,25,suitcase_25.jpg,small_goal,45,NA,NA,NA,NA,NA,7,7,NA,7
7cf73,S3,GS,25,suitcase_25.jpg,small_goal,NA,NA,NA,NA,NA,NA,NA,NA,NA,NA
7ea08,S3,GS,25,suitcase_25.jpg,small_goal,NA,2,2,3,2,2,NA,NA,2.2,NA
7ea08,S3,GS,25,suitcase_25.jpg,small_goal,20,NA,NA,NA,NA,NA,2,2,NA,2
7ea08,S3,GS,25,suitcase_25.jpg,small_goal,NA,NA,NA,NA,NA,NA,NA,NA,NA,NA
82671,S3,GS,75,suitcase_75.jpg,small_goal,NA,4,4,4,4,4,NA,NA,4,NA
82671,S3,GS,75,suitcase_75.jpg,small_goal,10,NA,NA,NA,NA,NA,5,5,NA,5
82671,S3,GS,75,suitcase_75.jpg,small_goal,NA,NA,NA,NA,NA,NA,NA,NA,NA,NA
83ebf,S3,GB,50,suitcase_50.jpg,big_goal,NA,6,6,6,5,6,NA,NA,5.8,NA
83ebf,S3,GB,50,suitcase_50.jpg,big_goal,100,NA,NA,NA,NA,NA,6,6,NA,6
83ebf,S3,GB,50,suitcase_50.jpg,big_goal,NA,NA,NA,NA,NA,NA,NA,NA,NA,NA
83f57,S3,GB,25,suitcase_25.jpg,big_goal,NA,6,7,7,7,6,NA,NA,6.6,NA
83f57,S3,GB,25,suitcase_25.jpg,big_goal,50,NA,NA,NA,NA,NA,5,6,NA,5.5
83f57,S3,GB,25,suitcase_25.jpg,big_goal,NA,NA,NA,NA,NA,NA,NA,NA,NA,NA
847f5,S3,GS,50,suitcase_50.jpg,small_goal,NA,2,3,3,3,2,NA,NA,2.6,NA
847f5,S3,GS,50,suitcase_50.jpg,small_goal,20,NA,NA,NA,NA,NA,5,5,NA,5
847f5,S3,GS,50,suitcase_50.jpg,small_goal,NA,NA,NA,NA,NA,NA,NA,NA,NA,NA
8a051,S3,GB,100,suitcase_100.jpg,big_goal,NA,5,6,6,5,5,NA,NA,5.4,NA
8a051,S3,GB,100,suitcase_100.jpg,big_goal,125,NA,NA,NA,NA,NA,7,7,NA,7
8a051,S3,GB,100,suitcase_100.jpg,big_goal,NA,NA,NA,NA,NA,NA,NA,NA,NA,NA
8b68e,S3,GS,100,suitcase_100.jpg,small_goal,NA,5,5,5,7,5,NA,NA,5.4,NA
8b68e,S3,GS,100,suitcase_100.jpg,small_goal,50,NA,NA,NA,NA,NA,7,7,NA,7
8b68e,S3,GS,100,suitcase_100.jpg,small_goal,NA,NA,NA,NA,NA,NA,NA,NA,NA,NA
8c62c,S3,GS,100,suitcase_100.jpg,small_goal,NA,4,4,4,5,5,NA,NA,4.4,NA
8c62c,S3,GS,100,suitcase_100.jpg,small_goal,75,NA,NA,NA,NA,NA,5,5,NA,5
8c62c,S3,GS,100,suitcase_100.jpg,small_goal,NA,NA,NA,NA,NA,NA,NA,NA,NA,NA
8c9f7,S3,GB,50,suitcase_50.jpg,big_goal,NA,2,2,1,1,1,NA,NA,1.4,NA
8c9f7,S3,GB,50,suitcase_50.jpg,big_goal,20,NA,NA,NA,NA,NA,3,2,NA,2.5
8c9f7,S3,GB,50,suitcase_50.jpg,big_goal,NA,NA,NA,NA,NA,NA,NA,NA,NA,NA
8cc2a,S3,GB,25,suitcase_25.jpg,big_goal,NA,5,6,5,4,4,NA,NA,4.8,NA
8cc2a,S3,GB,25,suitcase_25.jpg,big_goal,56,NA,NA,NA,NA,NA,5,4,NA,4.5
8cc2a,S3,GB,25,suitcase_25.jpg,big_goal,NA,NA,NA,NA,NA,NA,NA,NA,NA,NA
8e78b,S3,GB,75,suitcase_75.jpg,big_goal,NA,4,4,3,5,5,NA,NA,4.2,NA
8e78b,S3,GB,75,suitcase_75.jpg,big_goal,70,NA,NA,NA,NA,NA,4,4,NA,4
8e78b,S3,GB,75,suitcase_75.jpg,big_goal,NA,NA,NA,NA,NA,NA,NA,NA,NA,NA
8f879,S3,GS,25,suitcase_25.jpg,small_goal,NA,5,6,5,5,5,NA,NA,5.2,NA
8f879,S3,GS,25,suitcase_25.jpg,small_goal,50,NA,NA,NA,NA,NA,3,4,NA,3.5
8f879,S3,GS,25,suitcase_25.jpg,small_goal,NA,NA,NA,NA,NA,NA,NA,NA,NA,NA
90c1b,S3,GB,75,suitcase_75.jpg,big_goal,NA,5,5,5,6,5,NA,NA,5.2,NA
90c1b,S3,GB,75,suitcase_75.jpg,big_goal,55,NA,NA,NA,NA,NA,6,5,NA,5.5
90c1b,S3,GB,75,suitcase_75.jpg,big_goal,NA,NA,NA,NA,NA,NA,NA,NA,NA,NA
916d3,S3,GS,25,suitcase_25.jpg,small_goal,NA,6,6,6,6,5,NA,NA,5.8,NA
916d3,S3,GS,25,suitcase_25.jpg,small_goal,75,NA,NA,NA,NA,NA,6,6,NA,6
916d3,S3,GS,25,suitcase_25.jpg,small_goal,NA,NA,NA,NA,NA,NA,NA,NA,NA,NA
929c0,S3,GB,50,suitcase_50.jpg,big_goal,NA,6,6,6,6,6,NA,NA,6,NA
929c0,S3,GB,50,suitcase_50.jpg,big_goal,75,NA,NA,NA,NA,NA,6,6,NA,6
929c0,S3,GB,50,suitcase_50.jpg,big_goal,NA,NA,NA,NA,NA,NA,NA,NA,NA,NA
93455,S3,GS,25,suitcase_25.jpg,small_goal,NA,2,2,2,2,3,NA,NA,2.2,NA
93455,S3,GS,25,suitcase_25.jpg,small_goal,40,NA,NA,NA,NA,NA,5,3,NA,4
93455,S3,GS,25,suitcase_25.jpg,small_goal,NA,NA,NA,NA,NA,NA,NA,NA,NA,NA
944ef,S3,GS,100,suitcase_100.jpg,small_goal,NA,4,5,5,5,4,NA,NA,4.6,NA
944ef,S3,GS,100,suitcase_100.jpg,small_goal,50,NA,NA,NA,NA,NA,2,2,NA,2
944ef,S3,GS,100,suitcase_100.jpg,small_goal,NA,NA,NA,NA,NA,NA,NA,NA,NA,NA
94c94,S3,GB,50,suitcase_50.jpg,big_goal,NA,4,4,4,3,3,NA,NA,3.6,NA
94c94,S3,GB,50,suitcase_50.jpg,big_goal,40,NA,NA,NA,NA,NA,2,2,NA,2
94c94,S3,GB,50,suitcase_50.jpg,big_goal,NA,NA,NA,NA,NA,NA,NA,NA,NA,NA
94dfe,S3,GS,25,suitcase_25.jpg,small_goal,NA,6,6,6,5,6,NA,NA,5.8,NA
94dfe,S3,GS,25,suitcase_25.jpg,small_goal,90,NA,NA,NA,NA,NA,4,5,NA,4.5
94dfe,S3,GS,25,suitcase_25.jpg,small_goal,NA,NA,NA,NA,NA,NA,NA,NA,NA,NA
95dc2,S3,GS,75,suitcase_75.jpg,small_goal,NA,5,5,6,5,5,NA,NA,5.2,NA
95dc2,S3,GS,75,suitcase_75.jpg,small_goal,80,NA,NA,NA,NA,NA,5,6,NA,5.5
95dc2,S3,GS,75,suitcase_75.jpg,small_goal,NA,NA,NA,NA,NA,NA,NA,NA,NA,NA
977ef,S3,GS,50,suitcase_50.jpg,small_goal,NA,3,4,4,3,3,NA,NA,3.4,NA
977ef,S3,GS,50,suitcase_50.jpg,small_goal,40,NA,NA,NA,NA,NA,6,5,NA,5.5
977ef,S3,GS,50,suitcase_50.jpg,small_goal,NA,NA,NA,NA,NA,NA,NA,NA,NA,NA
97e2f,S3,GS,100,suitcase_100.jpg,small_goal,NA,2,4,3,5,2,NA,NA,3.2,NA
97e2f,S3,GS,100,suitcase_100.jpg,small_goal,40,NA,NA,NA,NA,NA,6,5,NA,5.5
97e2f,S3,GS,100,suitcase_100.jpg,small_goal,NA,NA,NA,NA,NA,NA,NA,NA,NA,NA
9901a,S3,GB,75,suitcase_75.jpg,big_goal,NA,3,2,3,2,3,NA,NA,2.6,NA
9901a,S3,GB,75,suitcase_75.jpg,big_goal,34,NA,NA,NA,NA,NA,4,4,NA,4
9901a,S3,GB,75,suitcase_75.jpg,big_goal,NA,NA,NA,NA,NA,NA,NA,NA,NA,NA
9a82f,S3,GB,25,suitcase_25.jpg,big_goal,NA,4,4,5,4,3,NA,NA,4,NA
9a82f,S3,GB,25,suitcase_25.jpg,big_goal,45,NA,NA,NA,NA,NA,3,3,NA,3
9a82f,S3,GB,25,suitcase_25.jpg,big_goal,NA,NA,NA,NA,NA,NA,NA,NA,NA,NA
9d0de,S3,GB,50,suitcase_50.jpg,big_goal,NA,5,6,5,5,5,NA,NA,5.2,NA
9d0de,S3,GB,50,suitcase_50.jpg,big_goal,80,NA,NA,NA,NA,NA,6,6,NA,6
9d0de,S3,GB,50,suitcase_50.jpg,big_goal,NA,NA,NA,NA,NA,NA,NA,NA,NA,NA
9d172,S3,GB,75,suitcase_75.jpg,big_goal,NA,6,6,7,6,6,NA,NA,6.2,NA
9d172,S3,GB,75,suitcase_75.jpg,big_goal,70,NA,NA,NA,NA,NA,6,6,NA,6
9d172,S3,GB,75,suitcase_75.jpg,big_goal,NA,NA,NA,NA,NA,NA,NA,NA,NA,NA
9e53f,S3,GS,100,suitcase_100.jpg,small_goal,NA,3,3,4,5,5,NA,NA,4,NA
9e53f,S3,GS,100,suitcase_100.jpg,small_goal,35,NA,NA,NA,NA,NA,3,4,NA,3.5
9e53f,S3,GS,100,suitcase_100.jpg,small_goal,NA,NA,NA,NA,NA,NA,NA,NA,NA,NA
9eea5,S3,GS,100,suitcase_100.jpg,small_goal,NA,3,2,3,3,4,NA,NA,3,NA
9eea5,S3,GS,100,suitcase_100.jpg,small_goal,55,NA,NA,NA,NA,NA,4,4,NA,4
9eea5,S3,GS,100,suitcase_100.jpg,small_goal,NA,NA,NA,NA,NA,NA,NA,NA,NA,NA
9f101,S3,GB,75,suitcase_75.jpg,big_goal,NA,6,6,6,5,6,NA,NA,5.8,NA
9f101,S3,GB,75,suitcase_75.jpg,big_goal,75,NA,NA,NA,NA,NA,5,5,NA,5
9f101,S3,GB,75,suitcase_75.jpg,big_goal,NA,NA,NA,NA,NA,NA,NA,NA,NA,NA
9f1de,S3,GB,25,suitcase_25.jpg,big_goal,NA,5,5,5,5,5,NA,NA,5,NA
9f1de,S3,GB,25,suitcase_25.jpg,big_goal,75,NA,NA,NA,NA,NA,4,4,NA,4
9f1de,S3,GB,25,suitcase_25.jpg,big_goal,NA,NA,NA,NA,NA,NA,NA,NA,NA,NA
a01c3,S3,GS,25,suitcase_25.jpg,small_goal,NA,7,6,7,7,6,NA,NA,6.6,NA
a01c3,S3,GS,25,suitcase_25.jpg,small_goal,80,NA,NA,NA,NA,NA,3,5,NA,4
a01c3,S3,GS,25,suitcase_25.jpg,small_goal,NA,NA,NA,NA,NA,NA,NA,NA,NA,NA
a145c,S3,GS,75,suitcase_75.jpg,small_goal,NA,2,3,4,2,1,NA,NA,2.4,NA
a145c,S3,GS,75,suitcase_75.jpg,small_goal,15,NA,NA,NA,NA,NA,7,7,NA,7
a145c,S3,GS,75,suitcase_75.jpg,small_goal,NA,NA,NA,NA,NA,NA,NA,NA,NA,NA
a1912,S3,GS,100,suitcase_100.jpg,small_goal,NA,2,3,3,2,3,NA,NA,2.6,NA
a1912,S3,GS,100,suitcase_100.jpg,small_goal,50,NA,NA,NA,NA,NA,7,7,NA,7
a1912,S3,GS,100,suitcase_100.jpg,small_goal,NA,NA,NA,NA,NA,NA,NA,NA,NA,NA
a1a93,S3,GS,25,suitcase_25.jpg,small_goal,NA,6,6,6,7,7,NA,NA,6.4,NA
a1a93,S3,GS,25,suitcase_25.jpg,small_goal,60,NA,NA,NA,NA,NA,3,3,NA,3
a1a93,S3,GS,25,suitcase_25.jpg,small_goal,NA,NA,NA,NA,NA,NA,NA,NA,NA,NA
a1ffe,S3,GS,100,suitcase_100.jpg,small_goal,NA,2,3,3,4,4,NA,NA,3.2,NA
a1ffe,S3,GS,100,suitcase_100.jpg,small_goal,80,NA,NA,NA,NA,NA,6,6,NA,6
a1ffe,S3,GS,100,suitcase_100.jpg,small_goal,NA,NA,NA,NA,NA,NA,NA,NA,NA,NA
a3245,S3,GS,25,suitcase_25.jpg,small_goal,NA,7,7,7,7,7,NA,NA,7,NA
a3245,S3,GS,25,suitcase_25.jpg,small_goal,65,NA,NA,NA,NA,NA,5,5,NA,5
a3245,S3,GS,25,suitcase_25.jpg,small_goal,NA,NA,NA,NA,NA,NA,NA,NA,NA,NA
a329c,S3,GB,25,suitcase_25.jpg,big_goal,NA,3,4,4,3,3,NA,NA,3.4,NA
a329c,S3,GB,25,suitcase_25.jpg,big_goal,60,NA,NA,NA,NA,NA,4,3,NA,3.5
a329c,S3,GB,25,suitcase_25.jpg,big_goal,NA,NA,NA,NA,NA,NA,NA,NA,NA,NA
a5582,S3,GB,50,suitcase_50.jpg,big_goal,NA,6,6,7,6,6,NA,NA,6.2,NA
a5582,S3,GB,50,suitcase_50.jpg,big_goal,75,NA,NA,NA,NA,NA,6,7,NA,6.5
a5582,S3,GB,50,suitcase_50.jpg,big_goal,NA,NA,NA,NA,NA,NA,NA,NA,NA,NA
a7bc5,S3,GS,50,suitcase_50.jpg,small_goal,NA,1,2,4,3,1,NA,NA,2.2,NA
a7bc5,S3,GS,50,suitcase_50.jpg,small_goal,40,NA,NA,NA,NA,NA,4,3,NA,3.5
a7bc5,S3,GS,50,suitcase_50.jpg,small_goal,NA,NA,NA,NA,NA,NA,NA,NA,NA,NA
a81e9,S3,GB,100,suitcase_100.jpg,big_goal,NA,7,7,7,7,6,NA,NA,6.8,NA
a81e9,S3,GB,100,suitcase_100.jpg,big_goal,50,NA,NA,NA,NA,NA,5,6,NA,5.5
a81e9,S3,GB,100,suitcase_100.jpg,big_goal,NA,NA,NA,NA,NA,NA,NA,NA,NA,NA
a8763,S3,GS,25,suitcase_25.jpg,small_goal,NA,6,6,6,6,6,NA,NA,6,NA
a8763,S3,GS,25,suitcase_25.jpg,small_goal,60,NA,NA,NA,NA,NA,4,4,NA,4
a8763,S3,GS,25,suitcase_25.jpg,small_goal,NA,NA,NA,NA,NA,NA,NA,NA,NA,NA
a8d69,S3,GB,50,suitcase_50.jpg,big_goal,NA,5,5,6,6,5,NA,NA,5.4,NA
a8d69,S3,GB,50,suitcase_50.jpg,big_goal,65,NA,NA,NA,NA,NA,6,6,NA,6
a8d69,S3,GB,50,suitcase_50.jpg,big_goal,NA,NA,NA,NA,NA,NA,NA,NA,NA,NA
a9632,S3,GB,75,suitcase_75.jpg,big_goal,NA,3,4,4,4,4,NA,NA,3.8,NA
a9632,S3,GB,75,suitcase_75.jpg,big_goal,20,NA,NA,NA,NA,NA,7,4,NA,5.5
a9632,S3,GB,75,suitcase_75.jpg,big_goal,NA,NA,NA,NA,NA,NA,NA,NA,NA,NA
ac01e,S3,GS,25,suitcase_25.jpg,small_goal,NA,5,5,5,4,5,NA,NA,4.8,NA
ac01e,S3,GS,25,suitcase_25.jpg,small_goal,95,NA,NA,NA,NA,NA,4,5,NA,4.5
ac01e,S3,GS,25,suitcase_25.jpg,small_goal,NA,NA,NA,NA,NA,NA,NA,NA,NA,NA
ad87f,S3,GB,25,suitcase_25.jpg,big_goal,NA,6,5,5,5,5,NA,NA,5.2,NA
ad87f,S3,GB,25,suitcase_25.jpg,big_goal,70,NA,NA,NA,NA,NA,3,4,NA,3.5
ad87f,S3,GB,25,suitcase_25.jpg,big_goal,NA,NA,NA,NA,NA,NA,NA,NA,NA,NA
aebc6,S3,GS,75,suitcase_75.jpg,small_goal,NA,1,1,4,1,1,NA,NA,1.6,NA
aebc6,S3,GS,75,suitcase_75.jpg,small_goal,1,NA,NA,NA,NA,NA,1,1,NA,1
aebc6,S3,GS,75,suitcase_75.jpg,small_goal,NA,NA,NA,NA,NA,NA,NA,NA,NA,NA
b008c,S3,GB,50,suitcase_50.jpg,big_goal,NA,6,6,7,6,5,NA,NA,6,NA
b008c,S3,GB,50,suitcase_50.jpg,big_goal,75,NA,NA,NA,NA,NA,4,5,NA,4.5
b008c,S3,GB,50,suitcase_50.jpg,big_goal,NA,NA,NA,NA,NA,NA,NA,NA,NA,NA
b2262,S3,GB,75,suitcase_75.jpg,big_goal,NA,4,4,4,4,4,NA,NA,4,NA
b2262,S3,GB,75,suitcase_75.jpg,big_goal,50,NA,NA,NA,NA,NA,6,6,NA,6
b2262,S3,GB,75,suitcase_75.jpg,big_goal,NA,NA,NA,NA,NA,NA,NA,NA,NA,NA
b4496,S3,GB,25,suitcase_25.jpg,big_goal,NA,6,6,6,6,6,NA,NA,6,NA
b4496,S3,GB,25,suitcase_25.jpg,big_goal,60,NA,NA,NA,NA,NA,3,4,NA,3.5
b4496,S3,GB,25,suitcase_25.jpg,big_goal,NA,NA,NA,NA,NA,NA,NA,NA,NA,NA
b512b,S3,GS,25,suitcase_25.jpg,small_goal,NA,2,2,3,2,3,NA,NA,2.4,NA
b512b,S3,GS,25,suitcase_25.jpg,small_goal,40,NA,NA,NA,NA,NA,3,3,NA,3
b512b,S3,GS,25,suitcase_25.jpg,small_goal,NA,NA,NA,NA,NA,NA,NA,NA,NA,NA
b8761,S3,GS,50,suitcase_50.jpg,small_goal,NA,5,5,6,6,5,NA,NA,5.4,NA
b8761,S3,GS,50,suitcase_50.jpg,small_goal,70,NA,NA,NA,NA,NA,3,3,NA,3
b8761,S3,GS,50,suitcase_50.jpg,small_goal,NA,NA,NA,NA,NA,NA,NA,NA,NA,NA
bbeea,S3,GS,50,suitcase_50.jpg,small_goal,NA,6,7,7,7,6,NA,NA,6.6,NA
bbeea,S3,GS,50,suitcase_50.jpg,small_goal,65,NA,NA,NA,NA,NA,6,6,NA,6
bbeea,S3,GS,50,suitcase_50.jpg,small_goal,NA,NA,NA,NA,NA,NA,NA,NA,NA,NA
bce23,S3,GS,25,suitcase_25.jpg,small_goal,NA,7,7,7,7,7,NA,NA,7,NA
bce23,S3,GS,25,suitcase_25.jpg,small_goal,75,NA,NA,NA,NA,NA,7,7,NA,7
bce23,S3,GS,25,suitcase_25.jpg,small_goal,NA,NA,NA,NA,NA,NA,NA,NA,NA,NA
bf240,S3,GB,75,suitcase_75.jpg,big_goal,NA,1,3,3,2,2,NA,NA,2.2,NA
bf240,S3,GB,75,suitcase_75.jpg,big_goal,20,NA,NA,NA,NA,NA,1,1,NA,1
bf240,S3,GB,75,suitcase_75.jpg,big_goal,NA,NA,NA,NA,NA,NA,NA,NA,NA,NA
bf72f,S3,GB,75,suitcase_75.jpg,big_goal,NA,1,1,1,1,1,NA,NA,1,NA
bf72f,S3,GB,75,suitcase_75.jpg,big_goal,1,NA,NA,NA,NA,NA,7,6,NA,6.5
bf72f,S3,GB,75,suitcase_75.jpg,big_goal,NA,NA,NA,NA,NA,NA,NA,NA,NA,NA
c0221,S3,GS,75,suitcase_75.jpg,small_goal,NA,4,4,3,4,3,NA,NA,3.6,NA
c0221,S3,GS,75,suitcase_75.jpg,small_goal,25,NA,NA,NA,NA,NA,6,6,NA,6
c0221,S3,GS,75,suitcase_75.jpg,small_goal,NA,NA,NA,NA,NA,NA,NA,NA,NA,NA
c1934,S3,GS,100,suitcase_100.jpg,small_goal,NA,3,4,3,4,3,NA,NA,3.4,NA
c1934,S3,GS,100,suitcase_100.jpg,small_goal,20,NA,NA,NA,NA,NA,6,4,NA,5
c1934,S3,GS,100,suitcase_100.jpg,small_goal,NA,NA,NA,NA,NA,NA,NA,NA,NA,NA
c2af8,S3,GB,75,suitcase_75.jpg,big_goal,NA,3,2,3,2,3,NA,NA,2.6,NA
c2af8,S3,GB,75,suitcase_75.jpg,big_goal,25,NA,NA,NA,NA,NA,2,1,NA,1.5
c2af8,S3,GB,75,suitcase_75.jpg,big_goal,NA,NA,NA,NA,NA,NA,NA,NA,NA,NA
c59f6,S3,GS,25,suitcase_25.jpg,small_goal,NA,2,2,3,3,2,NA,NA,2.4,NA
c59f6,S3,GS,25,suitcase_25.jpg,small_goal,25,NA,NA,NA,NA,NA,6,6,NA,6
c59f6,S3,GS,25,suitcase_25.jpg,small_goal,NA,NA,NA,NA,NA,NA,NA,NA,NA,NA
c5e02,S3,GB,100,suitcase_100.jpg,big_goal,NA,2,2,4,2,2,NA,NA,2.4,NA
c5e02,S3,GB,100,suitcase_100.jpg,big_goal,35,NA,NA,NA,NA,NA,7,7,NA,7
c5e02,S3,GB,100,suitcase_100.jpg,big_goal,NA,NA,NA,NA,NA,NA,NA,NA,NA,NA
c649e,S3,GS,50,suitcase_50.jpg,small_goal,NA,5,5,5,5,5,NA,NA,5,NA
c649e,S3,GS,50,suitcase_50.jpg,small_goal,25,NA,NA,NA,NA,NA,3,2,NA,2.5
c649e,S3,GS,50,suitcase_50.jpg,small_goal,NA,NA,NA,NA,NA,NA,NA,NA,NA,NA
c6b54,S3,GS,25,suitcase_25.jpg,small_goal,NA,4,5,4,5,4,NA,NA,4.4,NA
c6b54,S3,GS,25,suitcase_25.jpg,small_goal,60,NA,NA,NA,NA,NA,5,4,NA,4.5
c6b54,S3,GS,25,suitcase_25.jpg,small_goal,NA,NA,NA,NA,NA,NA,NA,NA,NA,NA
c8a92,S3,GB,50,suitcase_50.jpg,big_goal,NA,5,5,5,5,5,NA,NA,5,NA
c8a92,S3,GB,50,suitcase_50.jpg,big_goal,65,NA,NA,NA,NA,NA,6,6,NA,6
c8a92,S3,GB,50,suitcase_50.jpg,big_goal,NA,NA,NA,NA,NA,NA,NA,NA,NA,NA
c8dd7,S3,GS,100,suitcase_100.jpg,small_goal,NA,2,2,2,2,2,NA,NA,2,NA
c8dd7,S3,GS,100,suitcase_100.jpg,small_goal,25,NA,NA,NA,NA,NA,2,2,NA,2
c8dd7,S3,GS,100,suitcase_100.jpg,small_goal,NA,NA,NA,NA,NA,NA,NA,NA,NA,NA
c8f4f,S3,GS,75,suitcase_75.jpg,small_goal,NA,4,4,4,3,4,NA,NA,3.8,NA
c8f4f,S3,GS,75,suitcase_75.jpg,small_goal,30,NA,NA,NA,NA,NA,6,6,NA,6
c8f4f,S3,GS,75,suitcase_75.jpg,small_goal,NA,NA,NA,NA,NA,NA,NA,NA,NA,NA
c911e,S3,GB,100,suitcase_100.jpg,big_goal,NA,7,7,7,4,4,NA,NA,5.8,NA
c911e,S3,GB,100,suitcase_100.jpg,big_goal,25,NA,NA,NA,NA,NA,7,7,NA,7
c911e,S3,GB,100,suitcase_100.jpg,big_goal,NA,NA,NA,NA,NA,NA,NA,NA,NA,NA
c9140,S3,GB,25,suitcase_25.jpg,big_goal,NA,5,7,7,6,4,NA,NA,5.8,NA
c9140,S3,GB,25,suitcase_25.jpg,big_goal,85,NA,NA,NA,NA,NA,5,7,NA,6
c9140,S3,GB,25,suitcase_25.jpg,big_goal,NA,NA,NA,NA,NA,NA,NA,NA,NA,NA
c918f,S3,GS,100,suitcase_100.jpg,small_goal,NA,4,4,4,5,4,NA,NA,4.2,NA
c918f,S3,GS,100,suitcase_100.jpg,small_goal,55,NA,NA,NA,NA,NA,6,5,NA,5.5
c918f,S3,GS,100,suitcase_100.jpg,small_goal,NA,NA,NA,NA,NA,NA,NA,NA,NA,NA
caec1,S3,GB,50,suitcase_50.jpg,big_goal,NA,1,1,2,1,2,NA,NA,1.4,NA
caec1,S3,GB,50,suitcase_50.jpg,big_goal,40,NA,NA,NA,NA,NA,6,7,NA,6.5
caec1,S3,GB,50,suitcase_50.jpg,big_goal,NA,NA,NA,NA,NA,NA,NA,NA,NA,NA
cb56b,S3,GS,100,suitcase_100.jpg,small_goal,NA,4,5,5,5,5,NA,NA,4.8,NA
cb56b,S3,GS,100,suitcase_100.jpg,small_goal,60,NA,NA,NA,NA,NA,4,4,NA,4
cb56b,S3,GS,100,suitcase_100.jpg,small_goal,NA,NA,NA,NA,NA,NA,NA,NA,NA,NA
cb92c,S3,GS,75,suitcase_75.jpg,small_goal,NA,4,4,4,4,5,NA,NA,4.2,NA
cb92c,S3,GS,75,suitcase_75.jpg,small_goal,65,NA,NA,NA,NA,NA,7,6,NA,6.5
cb92c,S3,GS,75,suitcase_75.jpg,small_goal,NA,NA,NA,NA,NA,NA,NA,NA,NA,NA
cba62,S3,GS,100,suitcase_100.jpg,small_goal,NA,3,4,4,5,3,NA,NA,3.8,NA
cba62,S3,GS,100,suitcase_100.jpg,small_goal,25,NA,NA,NA,NA,NA,1,1,NA,1
cba62,S3,GS,100,suitcase_100.jpg,small_goal,NA,NA,NA,NA,NA,NA,NA,NA,NA,NA
cd372,S3,GS,25,suitcase_25.jpg,small_goal,NA,2,2,2,2,2,NA,NA,2,NA
cd372,S3,GS,25,suitcase_25.jpg,small_goal,10,NA,NA,NA,NA,NA,5,2,NA,3.5
cd372,S3,GS,25,suitcase_25.jpg,small_goal,NA,NA,NA,NA,NA,NA,NA,NA,NA,NA
ce4bd,S3,GB,100,suitcase_100.jpg,big_goal,NA,2,3,3,3,3,NA,NA,2.8,NA
ce4bd,S3,GB,100,suitcase_100.jpg,big_goal,60,NA,NA,NA,NA,NA,7,7,NA,7
ce4bd,S3,GB,100,suitcase_100.jpg,big_goal,NA,NA,NA,NA,NA,NA,NA,NA,NA,NA
cfae3,S3,GS,50,suitcase_50.jpg,small_goal,NA,3,4,3,3,2,NA,NA,3,NA
cfae3,S3,GS,50,suitcase_50.jpg,small_goal,40,NA,NA,NA,NA,NA,3,2,NA,2.5
cfae3,S3,GS,50,suitcase_50.jpg,small_goal,NA,NA,NA,NA,NA,NA,NA,NA,NA,NA
d0679,S3,GS,50,suitcase_50.jpg,small_goal,NA,7,7,7,7,7,NA,NA,7,NA
d0679,S3,GS,50,suitcase_50.jpg,small_goal,100,NA,NA,NA,NA,NA,7,7,NA,7
d0679,S3,GS,50,suitcase_50.jpg,small_goal,NA,NA,NA,NA,NA,NA,NA,NA,NA,NA
d0d06,S3,GS,100,suitcase_100.jpg,small_goal,NA,2,2,3,1,2,NA,NA,2,NA
d0d06,S3,GS,100,suitcase_100.jpg,small_goal,5,NA,NA,NA,NA,NA,7,7,NA,7
d0d06,S3,GS,100,suitcase_100.jpg,small_goal,NA,NA,NA,NA,NA,NA,NA,NA,NA,NA
d1584,S3,GS,25,suitcase_25.jpg,small_goal,NA,5,5,6,6,4,NA,NA,5.2,NA
d1584,S3,GS,25,suitcase_25.jpg,small_goal,65,NA,NA,NA,NA,NA,2,1,NA,1.5
d1584,S3,GS,25,suitcase_25.jpg,small_goal,NA,NA,NA,NA,NA,NA,NA,NA,NA,NA
d2d9c,S3,GB,100,suitcase_100.jpg,big_goal,NA,2,3,3,1,2,NA,NA,2.2,NA
d2d9c,S3,GB,100,suitcase_100.jpg,big_goal,30,NA,NA,NA,NA,NA,4,3,NA,3.5
d2d9c,S3,GB,100,suitcase_100.jpg,big_goal,NA,NA,NA,NA,NA,NA,NA,NA,NA,NA
d2ec2,S3,GS,25,suitcase_25.jpg,small_goal,NA,2,4,4,3,1,NA,NA,2.8,NA
d2ec2,S3,GS,25,suitcase_25.jpg,small_goal,70,NA,NA,NA,NA,NA,2,1,NA,1.5
d2ec2,S3,GS,25,suitcase_25.jpg,small_goal,NA,NA,NA,NA,NA,NA,NA,NA,NA,NA
d4932,S3,GB,25,suitcase_25.jpg,big_goal,NA,6,6,6,6,5,NA,NA,5.8,NA
d4932,S3,GB,25,suitcase_25.jpg,big_goal,90,NA,NA,NA,NA,NA,4,5,NA,4.5
d4932,S3,GB,25,suitcase_25.jpg,big_goal,NA,NA,NA,NA,NA,NA,NA,NA,NA,NA
d5f96,S3,GB,25,suitcase_25.jpg,big_goal,NA,2,2,3,2,1,NA,NA,2,NA
d5f96,S3,GB,25,suitcase_25.jpg,big_goal,50,NA,NA,NA,NA,NA,1,1,NA,1
d5f96,S3,GB,25,suitcase_25.jpg,big_goal,NA,NA,NA,NA,NA,NA,NA,NA,NA,NA
d65eb,S3,GS,75,suitcase_75.jpg,small_goal,NA,3,3,3,3,4,NA,NA,3.2,NA
d65eb,S3,GS,75,suitcase_75.jpg,small_goal,35,NA,NA,NA,NA,NA,2,2,NA,2
d65eb,S3,GS,75,suitcase_75.jpg,small_goal,NA,NA,NA,NA,NA,NA,NA,NA,NA,NA
d67e9,S3,GS,50,suitcase_50.jpg,small_goal,NA,5,5,5,5,4,NA,NA,4.8,NA
d67e9,S3,GS,50,suitcase_50.jpg,small_goal,75,NA,NA,NA,NA,NA,6,6,NA,6
d67e9,S3,GS,50,suitcase_50.jpg,small_goal,NA,NA,NA,NA,NA,NA,NA,NA,NA,NA
d7876,S3,GS,75,suitcase_75.jpg,small_goal,NA,4,4,5,5,5,NA,NA,4.6,NA
d7876,S3,GS,75,suitcase_75.jpg,small_goal,50,NA,NA,NA,NA,NA,5,5,NA,5
d7876,S3,GS,75,suitcase_75.jpg,small_goal,NA,NA,NA,NA,NA,NA,NA,NA,NA,NA
d8538,S3,GS,25,suitcase_25.jpg,small_goal,NA,4,4,4,4,4,NA,NA,4,NA
d8538,S3,GS,25,suitcase_25.jpg,small_goal,75,NA,NA,NA,NA,NA,2,2,NA,2
d8538,S3,GS,25,suitcase_25.jpg,small_goal,NA,NA,NA,NA,NA,NA,NA,NA,NA,NA
db11a,S3,GB,50,suitcase_50.jpg,big_goal,NA,7,7,7,7,7,NA,NA,7,NA
db11a,S3,GB,50,suitcase_50.jpg,big_goal,55,NA,NA,NA,NA,NA,7,7,NA,7
db11a,S3,GB,50,suitcase_50.jpg,big_goal,NA,NA,NA,NA,NA,NA,NA,NA,NA,NA
dcfac,S3,GS,25,suitcase_25.jpg,small_goal,NA,4,4,5,5,4,NA,NA,4.4,NA
dcfac,S3,GS,25,suitcase_25.jpg,small_goal,50,NA,NA,NA,NA,NA,2,1,NA,1.5
dcfac,S3,GS,25,suitcase_25.jpg,small_goal,NA,NA,NA,NA,NA,NA,NA,NA,NA,NA
dd414,S3,GB,25,suitcase_25.jpg,big_goal,NA,3,3,3,3,3,NA,NA,3,NA
dd414,S3,GB,25,suitcase_25.jpg,big_goal,65,NA,NA,NA,NA,NA,4,5,NA,4.5
dd414,S3,GB,25,suitcase_25.jpg,big_goal,NA,NA,NA,NA,NA,NA,NA,NA,NA,NA
dec23,S3,GB,75,suitcase_75.jpg,big_goal,NA,4,3,4,3,3,NA,NA,3.4,NA
dec23,S3,GB,75,suitcase_75.jpg,big_goal,55,NA,NA,NA,NA,NA,3,4,NA,3.5
dec23,S3,GB,75,suitcase_75.jpg,big_goal,NA,NA,NA,NA,NA,NA,NA,NA,NA,NA
df8d6,S3,GB,25,suitcase_25.jpg,big_goal,NA,3,3,3,3,4,NA,NA,3.2,NA
df8d6,S3,GB,25,suitcase_25.jpg,big_goal,30,NA,NA,NA,NA,NA,3,3,NA,3
df8d6,S3,GB,25,suitcase_25.jpg,big_goal,NA,NA,NA,NA,NA,NA,NA,NA,NA,NA
e0184,S3,GS,75,suitcase_75.jpg,small_goal,NA,7,7,7,6,5,NA,NA,6.4,NA
e0184,S3,GS,75,suitcase_75.jpg,small_goal,39,NA,NA,NA,NA,NA,7,7,NA,7
e0184,S3,GS,75,suitcase_75.jpg,small_goal,NA,NA,NA,NA,NA,NA,NA,NA,NA,NA
e134b,S3,GB,100,suitcase_100.jpg,big_goal,NA,2,3,2,4,2,NA,NA,2.6,NA
e134b,S3,GB,100,suitcase_100.jpg,big_goal,0,NA,NA,NA,NA,NA,4,5,NA,4.5
e134b,S3,GB,100,suitcase_100.jpg,big_goal,NA,NA,NA,NA,NA,NA,NA,NA,NA,NA
e1654,S3,GB,50,suitcase_50.jpg,big_goal,NA,3,4,4,4,4,NA,NA,3.8,NA
e1654,S3,GB,50,suitcase_50.jpg,big_goal,59,NA,NA,NA,NA,NA,4,3,NA,3.5
e1654,S3,GB,50,suitcase_50.jpg,big_goal,NA,NA,NA,NA,NA,NA,NA,NA,NA,NA
e19b0,S3,GS,25,suitcase_25.jpg,small_goal,NA,2,2,2,2,2,NA,NA,2,NA
e19b0,S3,GS,25,suitcase_25.jpg,small_goal,20,NA,NA,NA,NA,NA,4,3,NA,3.5
e19b0,S3,GS,25,suitcase_25.jpg,small_goal,NA,NA,NA,NA,NA,NA,NA,NA,NA,NA
e1fbf,S3,GB,50,suitcase_50.jpg,big_goal,NA,4,3,4,3,3,NA,NA,3.4,NA
e1fbf,S3,GB,50,suitcase_50.jpg,big_goal,50,NA,NA,NA,NA,NA,6,7,NA,6.5
e1fbf,S3,GB,50,suitcase_50.jpg,big_goal,NA,NA,NA,NA,NA,NA,NA,NA,NA,NA
e25ac,S3,GB,25,suitcase_25.jpg,big_goal,NA,3,4,4,4,3,NA,NA,3.6,NA
e25ac,S3,GB,25,suitcase_25.jpg,big_goal,55,NA,NA,NA,NA,NA,3,3,NA,3
e25ac,S3,GB,25,suitcase_25.jpg,big_goal,NA,NA,NA,NA,NA,NA,NA,NA,NA,NA
e41c7,S3,GB,25,suitcase_25.jpg,big_goal,NA,4,4,4,3,3,NA,NA,3.6,NA
e41c7,S3,GB,25,suitcase_25.jpg,big_goal,30,NA,NA,NA,NA,NA,4,4,NA,4
e41c7,S3,GB,25,suitcase_25.jpg,big_goal,NA,NA,NA,NA,NA,NA,NA,NA,NA,NA
e4cda,S3,GS,75,suitcase_75.jpg,small_goal,NA,4,5,5,5,5,NA,NA,4.8,NA
e4cda,S3,GS,75,suitcase_75.jpg,small_goal,40,NA,NA,NA,NA,NA,5,4,NA,4.5
e4cda,S3,GS,75,suitcase_75.jpg,small_goal,NA,NA,NA,NA,NA,NA,NA,NA,NA,NA
e68fa,S3,GB,50,suitcase_50.jpg,big_goal,NA,7,7,7,7,7,NA,NA,7,NA
e68fa,S3,GB,50,suitcase_50.jpg,big_goal,65,NA,NA,NA,NA,NA,5,5,NA,5
e68fa,S3,GB,50,suitcase_50.jpg,big_goal,NA,NA,NA,NA,NA,NA,NA,NA,NA,NA
e695c,S3,GS,100,suitcase_100.jpg,small_goal,NA,4,4,4,4,4,NA,NA,4,NA
e695c,S3,GS,100,suitcase_100.jpg,small_goal,50,NA,NA,NA,NA,NA,4,4,NA,4
e695c,S3,GS,100,suitcase_100.jpg,small_goal,NA,NA,NA,NA,NA,NA,NA,NA,NA,NA
e711a,S3,GB,25,suitcase_25.jpg,big_goal,NA,6,5,6,6,5,NA,NA,5.6,NA
e711a,S3,GB,25,suitcase_25.jpg,big_goal,95,NA,NA,NA,NA,NA,7,7,NA,7
e711a,S3,GB,25,suitcase_25.jpg,big_goal,NA,NA,NA,NA,NA,NA,NA,NA,NA,NA
e7f06,S3,GB,50,suitcase_50.jpg,big_goal,NA,4,4,4,4,4,NA,NA,4,NA
e7f06,S3,GB,50,suitcase_50.jpg,big_goal,57,NA,NA,NA,NA,NA,5,5,NA,5
e7f06,S3,GB,50,suitcase_50.jpg,big_goal,NA,NA,NA,NA,NA,NA,NA,NA,NA,NA
e911b,S3,GS,25,suitcase_25.jpg,small_goal,NA,3,5,4,5,5,NA,NA,4.4,NA
e911b,S3,GS,25,suitcase_25.jpg,small_goal,50,NA,NA,NA,NA,NA,3,3,NA,3
e911b,S3,GS,25,suitcase_25.jpg,small_goal,NA,NA,NA,NA,NA,NA,NA,NA,NA,NA
e9b79,S3,GB,25,suitcase_25.jpg,big_goal,NA,5,6,6,6,4,NA,NA,5.4,NA
e9b79,S3,GB,25,suitcase_25.jpg,big_goal,100,NA,NA,NA,NA,NA,6,6,NA,6
e9b79,S3,GB,25,suitcase_25.jpg,big_goal,NA,NA,NA,NA,NA,NA,NA,NA,NA,NA
eb549,S3,GB,75,suitcase_75.jpg,big_goal,NA,5,4,6,5,5,NA,NA,5,NA
eb549,S3,GB,75,suitcase_75.jpg,big_goal,80,NA,NA,NA,NA,NA,3,3,NA,3
eb549,S3,GB,75,suitcase_75.jpg,big_goal,NA,NA,NA,NA,NA,NA,NA,NA,NA,NA
ec13f,S3,GB,75,suitcase_75.jpg,big_goal,NA,6,6,6,6,6,NA,NA,6,NA
ec13f,S3,GB,75,suitcase_75.jpg,big_goal,50,NA,NA,NA,NA,NA,6,6,NA,6
ec13f,S3,GB,75,suitcase_75.jpg,big_goal,NA,NA,NA,NA,NA,NA,NA,NA,NA,NA
ec420,S3,GS,25,suitcase_25.jpg,small_goal,NA,5,5,5,5,5,NA,NA,5,NA
ec420,S3,GS,25,suitcase_25.jpg,small_goal,60,NA,NA,NA,NA,NA,5,5,NA,5
ec420,S3,GS,25,suitcase_25.jpg,small_goal,NA,NA,NA,NA,NA,NA,NA,NA,NA,NA
efc6a,S3,GS,75,suitcase_75.jpg,small_goal,NA,5,6,6,6,5,NA,NA,5.6,NA
efc6a,S3,GS,75,suitcase_75.jpg,small_goal,60,NA,NA,NA,NA,NA,7,7,NA,7
efc6a,S3,GS,75,suitcase_75.jpg,small_goal,NA,NA,NA,NA,NA,NA,NA,NA,NA,NA
f19d3,S3,GS,100,suitcase_100.jpg,small_goal,NA,4,3,4,3,2,NA,NA,3.2,NA
f19d3,S3,GS,100,suitcase_100.jpg,small_goal,30,NA,NA,NA,NA,NA,7,7,NA,7
f19d3,S3,GS,100,suitcase_100.jpg,small_goal,NA,NA,NA,NA,NA,NA,NA,NA,NA,NA
f205b,S3,GS,75,suitcase_75.jpg,small_goal,NA,6,6,5,6,5,NA,NA,5.6,NA
f205b,S3,GS,75,suitcase_75.jpg,small_goal,75,NA,NA,NA,NA,NA,7,7,NA,7
f205b,S3,GS,75,suitcase_75.jpg,small_goal,NA,NA,NA,NA,NA,NA,NA,NA,NA,NA
f23cd,S3,GS,50,suitcase_50.jpg,small_goal,NA,4,4,4,4,4,NA,NA,4,NA
f23cd,S3,GS,50,suitcase_50.jpg,small_goal,15,NA,NA,NA,NA,NA,4,4,NA,4
f23cd,S3,GS,50,suitcase_50.jpg,small_goal,NA,NA,NA,NA,NA,NA,NA,NA,NA,NA
f2a94,S3,GB,100,suitcase_100.jpg,big_goal,NA,3,3,4,3,3,NA,NA,3.2,NA
f2a94,S3,GB,100,suitcase_100.jpg,big_goal,29,NA,NA,NA,NA,NA,5,5,NA,5
f2a94,S3,GB,100,suitcase_100.jpg,big_goal,NA,NA,NA,NA,NA,NA,NA,NA,NA,NA
f39ea,S3,GB,50,suitcase_50.jpg,big_goal,NA,2,2,4,3,1,NA,NA,2.4,NA
f39ea,S3,GB,50,suitcase_50.jpg,big_goal,0,NA,NA,NA,NA,NA,7,7,NA,7
f39ea,S3,GB,50,suitcase_50.jpg,big_goal,NA,NA,NA,NA,NA,NA,NA,NA,NA,NA
f5582,S3,GB,75,suitcase_75.jpg,big_goal,NA,5,6,6,5,6,NA,NA,5.6,NA
f5582,S3,GB,75,suitcase_75.jpg,big_goal,105,NA,NA,NA,NA,NA,5,6,NA,5.5
f5582,S3,GB,75,suitcase_75.jpg,big_goal,NA,NA,NA,NA,NA,NA,NA,NA,NA,NA
f58a2,S3,GS,50,suitcase_50.jpg,small_goal,NA,2,2,2,1,2,NA,NA,1.8,NA
f58a2,S3,GS,50,suitcase_50.jpg,small_goal,50,NA,NA,NA,NA,NA,5,5,NA,5
f58a2,S3,GS,50,suitcase_50.jpg,small_goal,NA,NA,NA,NA,NA,NA,NA,NA,NA,NA
f78aa,S3,GB,25,suitcase_25.jpg,big_goal,NA,6,6,6,5,6,NA,NA,5.8,NA
f78aa,S3,GB,25,suitcase_25.jpg,big_goal,60,NA,NA,NA,NA,NA,3,2,NA,2.5
f78aa,S3,GB,25,suitcase_25.jpg,big_goal,NA,NA,NA,NA,NA,NA,NA,NA,NA,NA
f79ce,S3,GB,25,suitcase_25.jpg,big_goal,NA,5,5,5,5,4,NA,NA,4.8,NA
f79ce,S3,GB,25,suitcase_25.jpg,big_goal,35,NA,NA,NA,NA,NA,2,3,NA,2.5
f79ce,S3,GB,25,suitcase_25.jpg,big_goal,NA,NA,NA,NA,NA,NA,NA,NA,NA,NA
f8770,S3,GS,50,suitcase_50.jpg,small_goal,NA,7,7,7,5,6,NA,NA,6.4,NA
f8770,S3,GS,50,suitcase_50.jpg,small_goal,70,NA,NA,NA,NA,NA,7,7,NA,7
f8770,S3,GS,50,suitcase_50.jpg,small_goal,NA,NA,NA,NA,NA,NA,NA,NA,NA,NA
fa58e,S3,GS,75,suitcase_75.jpg,small_goal,NA,3,3,3,3,3,NA,NA,3,NA
fa58e,S3,GS,75,suitcase_75.jpg,small_goal,50,NA,NA,NA,NA,NA,2,1,NA,1.5
fa58e,S3,GS,75,suitcase_75.jpg,small_goal,NA,NA,NA,NA,NA,NA,NA,NA,NA,NA
fb48d,S3,GS,100,suitcase_100.jpg,small_goal,NA,3,5,5,5,5,NA,NA,4.6,NA
fb48d,S3,GS,100,suitcase_100.jpg,small_goal,35,NA,NA,NA,NA,NA,5,5,NA,5
fb48d,S3,GS,100,suitcase_100.jpg,small_goal,NA,NA,NA,NA,NA,NA,NA,NA,NA,NA
fcb71,S3,GB,50,suitcase_50.jpg,big_goal,NA,4,5,5,5,5,NA,NA,4.8,NA
fcb71,S3,GB,50,suitcase_50.jpg,big_goal,80,NA,NA,NA,NA,NA,5,5,NA,5
fcb71,S3,GB,50,suitcase_50.jpg,big_goal,NA,NA,NA,NA,NA,NA,NA,NA,NA,NA
ff3bd,S3,GB,75,suitcase_75.jpg,big_goal,NA,7,7,7,7,7,NA,NA,7,NA
ff3bd,S3,GB,75,suitcase_75.jpg,big_goal,100,NA,NA,NA,NA,NA,7,7,NA,7
ff3bd,S3,GB,75,suitcase_75.jpg,big_goal,NA,NA,NA,NA,NA,NA,NA,NA,NA,NA
ff764,S3,GS,100,suitcase_100.jpg,small_goal,NA,2,2,4,3,2,NA,NA,2.6,NA
ff764,S3,GS,100,suitcase_100.jpg,small_goal,65,NA,NA,NA,NA,NA,6,6,NA,6
ff764,S3,GS,100,suitcase_100.jpg,small_goal,NA,NA,NA,NA,NA,NA,NA,NA,NA,NA
6af14,S3,GB,100,suitcase_100.jpg,big_goal,NA,3,3,3,4,3,NA,NA,3.2,NA
6af14,S3,GB,100,suitcase_100.jpg,big_goal,65,NA,NA,NA,NA,NA,6,6,NA,6
6af14,S3,GB,100,suitcase_100.jpg,big_goal,NA,NA,NA,NA,NA,NA,NA,NA,NA,NA
9f82e,S3,GS,25,suitcase_25.jpg,small_goal,NA,5,6,6,6,5,NA,NA,5.6,NA
9f82e,S3,GS,25,suitcase_25.jpg,small_goal,75,NA,NA,NA,NA,NA,4,5,NA,4.5
9f82e,S3,GS,25,suitcase_25.jpg,small_goal,NA,NA,NA,NA,NA,NA,NA,NA,NA,NA
e0c57,S3,GS,50,suitcase_50.jpg,small_goal,NA,7,7,7,7,7,NA,NA,7,NA
e0c57,S3,GS,50,suitcase_50.jpg,small_goal,75,NA,NA,NA,NA,NA,7,7,NA,7
e0c57,S3,GS,50,suitcase_50.jpg,small_goal,NA,NA,NA,NA,NA,NA,NA,NA,NA,NA
